[     260ms] [INFO] %cDownload the React DevTools for a better development experience: https://react.dev/link/react-devtools font-weight:bold @ http://localhost:3000/_next/static/chunks/node_modules_next_dist_1ybzpk2._.js:2489
[     887ms] [LOG] [HMR] connected @ http://localhost:3000/_next/static/chunks/node_modules_next_dist_1ybzpk2._.js:2489
[    9078ms] [WARNING] Warning: <Viewer> is recreated because following read-only props have been updated: contextOptions @ http://localhost:3000/_next/static/chunks/node_modules_next_dist_1ybzpk2._.js:2489
[    9423ms] [WARNING] WebGL: INVALID_OPERATION: bindTexture: object does not belong to this context @ http://localhost:3000/_next/static/chunks/node_modules_%40cesium_engine_Source_Renderer_1d3nafh._.js:3587
[    9423ms] [WARNING] WebGL: INVALID_OPERATION: bindTexture: object does not belong to this context @ http://localhost:3000/_next/static/chunks/node_modules_%40cesium_engine_Source_Renderer_1d3nafh._.js:3587
[    9423ms] [WARNING] WebGL: INVALID_OPERATION: bindTexture: object does not belong to this context @ http://localhost:3000/_next/static/chunks/node_modules_%40cesium_engine_Source_Renderer_1d3nafh._.js:3587
[    9423ms] [WARNING] WebGL: INVALID_OPERATION: bindTexture: object does not belong to this context @ http://localhost:3000/_next/static/chunks/node_modules_%40cesium_engine_Source_Renderer_1d3nafh._.js:3587
[    9462ms] [WARNING] WebGL: INVALID_OPERATION: bindTexture: object does not belong to this context @ http://localhost:3000/_next/static/chunks/node_modules_%40cesium_engine_Source_Renderer_1d3nafh._.js:3587
[    9462ms] [WARNING] WebGL: INVALID_OPERATION: bindTexture: object does not belong to this context @ http://localhost:3000/_next/static/chunks/node_modules_%40cesium_engine_Source_Renderer_1d3nafh._.js:3587
[    9462ms] [WARNING] WebGL: INVALID_OPERATION: bindTexture: object does not belong to this context @ http://localhost:3000/_next/static/chunks/node_modules_%40cesium_engine_Source_Renderer_1d3nafh._.js:3587
[    9462ms] [WARNING] WebGL: INVALID_OPERATION: bindTexture: object does not belong to this context @ http://localhost:3000/_next/static/chunks/node_modules_%40cesium_engine_Source_Renderer_1d3nafh._.js:3587
[    9513ms] [WARNING] WebGL: INVALID_OPERATION: bindTexture: object does not belong to this context @ http://localhost:3000/_next/static/chunks/node_modules_%40cesium_engine_Source_Renderer_1d3nafh._.js:3587
[    9513ms] [WARNING] WebGL: INVALID_OPERATION: bindTexture: object does not belong to this context @ http://localhost:3000/_next/static/chunks/node_modules_%40cesium_engine_Source_Renderer_1d3nafh._.js:3587
[    9513ms] [WARNING] WebGL: INVALID_OPERATION: bindTexture: object does not belong to this context @ http://localhost:3000/_next/static/chunks/node_modules_%40cesium_engine_Source_Renderer_1d3nafh._.js:3587
[    9513ms] [WARNING] WebGL: INVALID_OPERATION: bindTexture: object does not belong to this context @ http://localhost:3000/_next/static/chunks/node_modules_%40cesium_engine_Source_Renderer_1d3nafh._.js:3587
[    9516ms] [WARNING] WebGL: INVALID_OPERATION: bindTexture: object does not belong to this context @ http://localhost:3000/_next/static/chunks/node_modules_%40cesium_engine_Source_Renderer_1d3nafh._.js:3587
[    9516ms] [WARNING] WebGL: INVALID_OPERATION: bindTexture: object does not belong to this context @ http://localhost:3000/_next/static/chunks/node_modules_%40cesium_engine_Source_Renderer_1d3nafh._.js:3587
[    9516ms] [WARNING] WebGL: INVALID_OPERATION: bindTexture: object does not belong to this context @ http://localhost:3000/_next/static/chunks/node_modules_%40cesium_engine_Source_Renderer_1d3nafh._.js:3587
[    9516ms] [WARNING] WebGL: INVALID_OPERATION: bindTexture: object does not belong to this context @ http://localhost:3000/_next/static/chunks/node_modules_%40cesium_engine_Source_Renderer_1d3nafh._.js:3587
[    9521ms] [WARNING] WebGL: INVALID_OPERATION: bindTexture: object does not belong to this context @ http://localhost:3000/_next/static/chunks/node_modules_%40cesium_engine_Source_Renderer_1d3nafh._.js:3587
[    9521ms] [WARNING] WebGL: INVALID_OPERATION: bindTexture: object does not belong to this context @ http://localhost:3000/_next/static/chunks/node_modules_%40cesium_engine_Source_Renderer_1d3nafh._.js:3587
[    9521ms] [WARNING] WebGL: INVALID_OPERATION: bindTexture: object does not belong to this context @ http://localhost:3000/_next/static/chunks/node_modules_%40cesium_engine_Source_Renderer_1d3nafh._.js:3587
[    9521ms] [WARNING] WebGL: INVALID_OPERATION: bindTexture: object does not belong to this context @ http://localhost:3000/_next/static/chunks/node_modules_%40cesium_engine_Source_Renderer_1d3nafh._.js:3587
[    9521ms] [WARNING] WebGL: INVALID_OPERATION: bindTexture: object does not belong to this context @ http://localhost:3000/_next/static/chunks/node_modules_%40cesium_engine_Source_Renderer_1d3nafh._.js:3587
[    9521ms] [WARNING] WebGL: INVALID_OPERATION: bindTexture: object does not belong to this context @ http://localhost:3000/_next/static/chunks/node_modules_%40cesium_engine_Source_Renderer_1d3nafh._.js:3587
[    9521ms] [WARNING] WebGL: INVALID_OPERATION: bindTexture: object does not belong to this context @ http://localhost:3000/_next/static/chunks/node_modules_%40cesium_engine_Source_Renderer_1d3nafh._.js:3587
[    9521ms] [WARNING] WebGL: INVALID_OPERATION: bindTexture: object does not belong to this context @ http://localhost:3000/_next/static/chunks/node_modules_%40cesium_engine_Source_Renderer_1d3nafh._.js:3587
[    9537ms] [WARNING] WebGL: INVALID_OPERATION: bindTexture: object does not belong to this context @ http://localhost:3000/_next/static/chunks/node_modules_%40cesium_engine_Source_Renderer_1d3nafh._.js:3587
[    9537ms] [WARNING] WebGL: INVALID_OPERATION: bindTexture: object does not belong to this context @ http://localhost:3000/_next/static/chunks/node_modules_%40cesium_engine_Source_Renderer_1d3nafh._.js:3587
[    9537ms] [WARNING] WebGL: INVALID_OPERATION: bindTexture: object does not belong to this context @ http://localhost:3000/_next/static/chunks/node_modules_%40cesium_engine_Source_Renderer_1d3nafh._.js:3587
[    9537ms] [WARNING] WebGL: INVALID_OPERATION: bindTexture: object does not belong to this context @ http://localhost:3000/_next/static/chunks/node_modules_%40cesium_engine_Source_Renderer_1d3nafh._.js:3587
[    9537ms] [WARNING] WebGL: INVALID_OPERATION: bindTexture: object does not belong to this context @ http://localhost:3000/_next/static/chunks/node_modules_%40cesium_engine_Source_Renderer_1d3nafh._.js:3587
[    9537ms] [WARNING] WebGL: INVALID_OPERATION: bindTexture: object does not belong to this context @ http://localhost:3000/_next/static/chunks/node_modules_%40cesium_engine_Source_Renderer_1d3nafh._.js:3587
[    9537ms] [WARNING] WebGL: INVALID_OPERATION: bindTexture: object does not belong to this context @ http://localhost:3000/_next/static/chunks/node_modules_%40cesium_engine_Source_Renderer_1d3nafh._.js:3587
[    9537ms] [WARNING] WebGL: INVALID_OPERATION: bindTexture: object does not belong to this context @ http://localhost:3000/_next/static/chunks/node_modules_%40cesium_engine_Source_Renderer_1d3nafh._.js:3587
[    9559ms] [WARNING] WebGL: INVALID_OPERATION: bindTexture: object does not belong to this context @ http://localhost:3000/_next/static/chunks/node_modules_%40cesium_engine_Source_Renderer_1d3nafh._.js:3587
[    9559ms] [WARNING] WebGL: INVALID_OPERATION: bindTexture: object does not belong to this context @ http://localhost:3000/_next/static/chunks/node_modules_%40cesium_engine_Source_Renderer_1d3nafh._.js:3587
[    9559ms] [WARNING] WebGL: INVALID_OPERATION: bindTexture: object does not belong to this context @ http://localhost:3000/_next/static/chunks/node_modules_%40cesium_engine_Source_Renderer_1d3nafh._.js:3587
[    9559ms] [WARNING] WebGL: INVALID_OPERATION: bindTexture: object does not belong to this context @ http://localhost:3000/_next/static/chunks/node_modules_%40cesium_engine_Source_Renderer_1d3nafh._.js:3587
[    9559ms] [WARNING] WebGL: INVALID_OPERATION: bindTexture: object does not belong to this context @ http://localhost:3000/_next/static/chunks/node_modules_%40cesium_engine_Source_Renderer_1d3nafh._.js:3587
[    9559ms] [WARNING] WebGL: INVALID_OPERATION: bindTexture: object does not belong to this context @ http://localhost:3000/_next/static/chunks/node_modules_%40cesium_engine_Source_Renderer_1d3nafh._.js:3587
[    9559ms] [WARNING] WebGL: INVALID_OPERATION: bindTexture: object does not belong to this context @ http://localhost:3000/_next/static/chunks/node_modules_%40cesium_engine_Source_Renderer_1d3nafh._.js:3587
[    9560ms] [WARNING] WebGL: INVALID_OPERATION: bindTexture: object does not belong to this context @ http://localhost:3000/_next/static/chunks/node_modules_%40cesium_engine_Source_Renderer_1d3nafh._.js:3587
[    9580ms] [WARNING] WebGL: INVALID_OPERATION: bindTexture: object does not belong to this context @ http://localhost:3000/_next/static/chunks/node_modules_%40cesium_engine_Source_Renderer_1d3nafh._.js:3587
[    9580ms] [WARNING] WebGL: INVALID_OPERATION: bindTexture: object does not belong to this context @ http://localhost:3000/_next/static/chunks/node_modules_%40cesium_engine_Source_Renderer_1d3nafh._.js:3587
[    9580ms] [WARNING] WebGL: INVALID_OPERATION: bindTexture: object does not belong to this context @ http://localhost:3000/_next/static/chunks/node_modules_%40cesium_engine_Source_Renderer_1d3nafh._.js:3587
[    9580ms] [WARNING] WebGL: INVALID_OPERATION: bindTexture: object does not belong to this context @ http://localhost:3000/_next/static/chunks/node_modules_%40cesium_engine_Source_Renderer_1d3nafh._.js:3587
[    9580ms] [WARNING] WebGL: INVALID_OPERATION: bindTexture: object does not belong to this context @ http://localhost:3000/_next/static/chunks/node_modules_%40cesium_engine_Source_Renderer_1d3nafh._.js:3587
[    9580ms] [WARNING] WebGL: INVALID_OPERATION: bindTexture: object does not belong to this context @ http://localhost:3000/_next/static/chunks/node_modules_%40cesium_engine_Source_Renderer_1d3nafh._.js:3587
[    9580ms] [WARNING] WebGL: INVALID_OPERATION: bindTexture: object does not belong to this context @ http://localhost:3000/_next/static/chunks/node_modules_%40cesium_engine_Source_Renderer_1d3nafh._.js:3587
[    9581ms] [WARNING] WebGL: INVALID_OPERATION: bindTexture: object does not belong to this context @ http://localhost:3000/_next/static/chunks/node_modules_%40cesium_engine_Source_Renderer_1d3nafh._.js:3587
[    9581ms] [WARNING] WebGL: INVALID_OPERATION: bindTexture: object does not belong to this context @ http://localhost:3000/_next/static/chunks/node_modules_%40cesium_engine_Source_Renderer_1d3nafh._.js:3587
[    9581ms] [WARNING] WebGL: INVALID_OPERATION: bindTexture: object does not belong to this context @ http://localhost:3000/_next/static/chunks/node_modules_%40cesium_engine_Source_Renderer_1d3nafh._.js:3587
[    9581ms] [WARNING] WebGL: INVALID_OPERATION: bindTexture: object does not belong to this context @ http://localhost:3000/_next/static/chunks/node_modules_%40cesium_engine_Source_Renderer_1d3nafh._.js:3587
[    9581ms] [WARNING] WebGL: INVALID_OPERATION: bindTexture: object does not belong to this context @ http://localhost:3000/_next/static/chunks/node_modules_%40cesium_engine_Source_Renderer_1d3nafh._.js:3587
[    9581ms] [WARNING] WebGL: INVALID_OPERATION: bindTexture: object does not belong to this context @ http://localhost:3000/_next/static/chunks/node_modules_%40cesium_engine_Source_Renderer_1d3nafh._.js:3587
[    9581ms] [WARNING] WebGL: INVALID_OPERATION: bindTexture: object does not belong to this context @ http://localhost:3000/_next/static/chunks/node_modules_%40cesium_engine_Source_Renderer_1d3nafh._.js:3587
[    9581ms] [WARNING] WebGL: INVALID_OPERATION: bindTexture: object does not belong to this context @ http://localhost:3000/_next/static/chunks/node_modules_%40cesium_engine_Source_Renderer_1d3nafh._.js:3587
[    9581ms] [WARNING] WebGL: INVALID_OPERATION: bindTexture: object does not belong to this context @ http://localhost:3000/_next/static/chunks/node_modules_%40cesium_engine_Source_Renderer_1d3nafh._.js:3587
[    9581ms] [WARNING] WebGL: INVALID_OPERATION: bindTexture: object does not belong to this context @ http://localhost:3000/_next/static/chunks/node_modules_%40cesium_engine_Source_Renderer_1d3nafh._.js:3587
[    9581ms] [WARNING] WebGL: INVALID_OPERATION: bindTexture: object does not belong to this context @ http://localhost:3000/_next/static/chunks/node_modules_%40cesium_engine_Source_Renderer_1d3nafh._.js:3587
[    9589ms] [WARNING] WebGL: INVALID_OPERATION: bindTexture: object does not belong to this context @ http://localhost:3000/_next/static/chunks/node_modules_%40cesium_engine_Source_Renderer_1d3nafh._.js:3587
[    9589ms] [WARNING] WebGL: INVALID_OPERATION: bindTexture: object does not belong to this context @ http://localhost:3000/_next/static/chunks/node_modules_%40cesium_engine_Source_Renderer_1d3nafh._.js:3587
[    9589ms] [WARNING] WebGL: INVALID_OPERATION: bindTexture: object does not belong to this context @ http://localhost:3000/_next/static/chunks/node_modules_%40cesium_engine_Source_Renderer_1d3nafh._.js:3587
[    9590ms] [WARNING] WebGL: INVALID_OPERATION: bindTexture: object does not belong to this context @ http://localhost:3000/_next/static/chunks/node_modules_%40cesium_engine_Source_Renderer_1d3nafh._.js:3587
[    9590ms] [WARNING] WebGL: INVALID_OPERATION: bindTexture: object does not belong to this context @ http://localhost:3000/_next/static/chunks/node_modules_%40cesium_engine_Source_Renderer_1d3nafh._.js:3587
[    9590ms] [WARNING] WebGL: INVALID_OPERATION: bindTexture: object does not belong to this context @ http://localhost:3000/_next/static/chunks/node_modules_%40cesium_engine_Source_Renderer_1d3nafh._.js:3587
[    9590ms] [WARNING] WebGL: INVALID_OPERATION: bindTexture: object does not belong to this context @ http://localhost:3000/_next/static/chunks/node_modules_%40cesium_engine_Source_Renderer_1d3nafh._.js:3587
[    9590ms] [WARNING] WebGL: INVALID_OPERATION: bindTexture: object does not belong to this context @ http://localhost:3000/_next/static/chunks/node_modules_%40cesium_engine_Source_Renderer_1d3nafh._.js:3587
[    9590ms] [WARNING] WebGL: INVALID_OPERATION: bindTexture: object does not belong to this context @ http://localhost:3000/_next/static/chunks/node_modules_%40cesium_engine_Source_Renderer_1d3nafh._.js:3587
[    9590ms] [WARNING] WebGL: INVALID_OPERATION: bindTexture: object does not belong to this context @ http://localhost:3000/_next/static/chunks/node_modules_%40cesium_engine_Source_Renderer_1d3nafh._.js:3587
[    9590ms] [WARNING] WebGL: INVALID_OPERATION: bindTexture: object does not belong to this context @ http://localhost:3000/_next/static/chunks/node_modules_%40cesium_engine_Source_Renderer_1d3nafh._.js:3587
[    9590ms] [WARNING] WebGL: INVALID_OPERATION: bindTexture: object does not belong to this context @ http://localhost:3000/_next/static/chunks/node_modules_%40cesium_engine_Source_Renderer_1d3nafh._.js:3587
[    9594ms] [WARNING] WebGL: INVALID_OPERATION: bindTexture: object does not belong to this context @ http://localhost:3000/_next/static/chunks/node_modules_%40cesium_engine_Source_Renderer_1d3nafh._.js:3587
[    9594ms] [WARNING] WebGL: INVALID_OPERATION: bindTexture: object does not belong to this context @ http://localhost:3000/_next/static/chunks/node_modules_%40cesium_engine_Source_Renderer_1d3nafh._.js:3587
[    9594ms] [WARNING] WebGL: INVALID_OPERATION: bindTexture: object does not belong to this context @ http://localhost:3000/_next/static/chunks/node_modules_%40cesium_engine_Source_Renderer_1d3nafh._.js:3587
[    9595ms] [WARNING] WebGL: INVALID_OPERATION: bindTexture: object does not belong to this context @ http://localhost:3000/_next/static/chunks/node_modules_%40cesium_engine_Source_Renderer_1d3nafh._.js:3587
[    9595ms] [WARNING] WebGL: INVALID_OPERATION: bindTexture: object does not belong to this context @ http://localhost:3000/_next/static/chunks/node_modules_%40cesium_engine_Source_Renderer_1d3nafh._.js:3587
[    9595ms] [WARNING] WebGL: INVALID_OPERATION: bindTexture: object does not belong to this context @ http://localhost:3000/_next/static/chunks/node_modules_%40cesium_engine_Source_Renderer_1d3nafh._.js:3587
[    9595ms] [WARNING] WebGL: INVALID_OPERATION: bindTexture: object does not belong to this context @ http://localhost:3000/_next/static/chunks/node_modules_%40cesium_engine_Source_Renderer_1d3nafh._.js:3587
[    9595ms] [WARNING] WebGL: INVALID_OPERATION: bindTexture: object does not belong to this context @ http://localhost:3000/_next/static/chunks/node_modules_%40cesium_engine_Source_Renderer_1d3nafh._.js:3587
[    9595ms] [WARNING] WebGL: INVALID_OPERATION: bindTexture: object does not belong to this context @ http://localhost:3000/_next/static/chunks/node_modules_%40cesium_engine_Source_Renderer_1d3nafh._.js:3587
[    9595ms] [WARNING] WebGL: INVALID_OPERATION: bindTexture: object does not belong to this context @ http://localhost:3000/_next/static/chunks/node_modules_%40cesium_engine_Source_Renderer_1d3nafh._.js:3587
[    9595ms] [WARNING] WebGL: INVALID_OPERATION: bindTexture: object does not belong to this context @ http://localhost:3000/_next/static/chunks/node_modules_%40cesium_engine_Source_Renderer_1d3nafh._.js:3587
[    9595ms] [WARNING] WebGL: INVALID_OPERATION: bindTexture: object does not belong to this context @ http://localhost:3000/_next/static/chunks/node_modules_%40cesium_engine_Source_Renderer_1d3nafh._.js:3587
[    9595ms] [WARNING] WebGL: INVALID_OPERATION: bindTexture: object does not belong to this context @ http://localhost:3000/_next/static/chunks/node_modules_%40cesium_engine_Source_Renderer_1d3nafh._.js:3587
[    9595ms] [WARNING] WebGL: INVALID_OPERATION: bindTexture: object does not belong to this context @ http://localhost:3000/_next/static/chunks/node_modules_%40cesium_engine_Source_Renderer_1d3nafh._.js:3587
[    9595ms] [WARNING] WebGL: INVALID_OPERATION: bindTexture: object does not belong to this context @ http://localhost:3000/_next/static/chunks/node_modules_%40cesium_engine_Source_Renderer_1d3nafh._.js:3587
[    9595ms] [WARNING] WebGL: INVALID_OPERATION: bindTexture: object does not belong to this context @ http://localhost:3000/_next/static/chunks/node_modules_%40cesium_engine_Source_Renderer_1d3nafh._.js:3587
[    9595ms] [WARNING] WebGL: INVALID_OPERATION: bindTexture: object does not belong to this context @ http://localhost:3000/_next/static/chunks/node_modules_%40cesium_engine_Source_Renderer_1d3nafh._.js:3587
[    9595ms] [WARNING] WebGL: INVALID_OPERATION: bindTexture: object does not belong to this context @ http://localhost:3000/_next/static/chunks/node_modules_%40cesium_engine_Source_Renderer_1d3nafh._.js:3587
[    9595ms] [WARNING] WebGL: INVALID_OPERATION: bindTexture: object does not belong to this context @ http://localhost:3000/_next/static/chunks/node_modules_%40cesium_engine_Source_Renderer_1d3nafh._.js:3587
[    9595ms] [WARNING] WebGL: INVALID_OPERATION: bindTexture: object does not belong to this context @ http://localhost:3000/_next/static/chunks/node_modules_%40cesium_engine_Source_Renderer_1d3nafh._.js:3587
[    9595ms] [WARNING] WebGL: INVALID_OPERATION: bindTexture: object does not belong to this context @ http://localhost:3000/_next/static/chunks/node_modules_%40cesium_engine_Source_Renderer_1d3nafh._.js:3587
[    9595ms] [WARNING] WebGL: INVALID_OPERATION: bindTexture: object does not belong to this context @ http://localhost:3000/_next/static/chunks/node_modules_%40cesium_engine_Source_Renderer_1d3nafh._.js:3587
[    9595ms] [WARNING] WebGL: INVALID_OPERATION: bindTexture: object does not belong to this context @ http://localhost:3000/_next/static/chunks/node_modules_%40cesium_engine_Source_Renderer_1d3nafh._.js:3587
[    9595ms] [WARNING] WebGL: INVALID_OPERATION: bindTexture: object does not belong to this context @ http://localhost:3000/_next/static/chunks/node_modules_%40cesium_engine_Source_Renderer_1d3nafh._.js:3587
[    9595ms] [WARNING] WebGL: INVALID_OPERATION: bindTexture: object does not belong to this context @ http://localhost:3000/_next/static/chunks/node_modules_%40cesium_engine_Source_Renderer_1d3nafh._.js:3587
[    9595ms] [WARNING] WebGL: INVALID_OPERATION: bindTexture: object does not belong to this context @ http://localhost:3000/_next/static/chunks/node_modules_%40cesium_engine_Source_Renderer_1d3nafh._.js:3587
[    9596ms] [WARNING] WebGL: INVALID_OPERATION: bindTexture: object does not belong to this context @ http://localhost:3000/_next/static/chunks/node_modules_%40cesium_engine_Source_Renderer_1d3nafh._.js:3587
[    9596ms] [WARNING] WebGL: INVALID_OPERATION: bindTexture: object does not belong to this context @ http://localhost:3000/_next/static/chunks/node_modules_%40cesium_engine_Source_Renderer_1d3nafh._.js:3587
[    9596ms] [WARNING] WebGL: INVALID_OPERATION: bindTexture: object does not belong to this context @ http://localhost:3000/_next/static/chunks/node_modules_%40cesium_engine_Source_Renderer_1d3nafh._.js:3587
[    9596ms] [WARNING] WebGL: INVALID_OPERATION: bindTexture: object does not belong to this context @ http://localhost:3000/_next/static/chunks/node_modules_%40cesium_engine_Source_Renderer_1d3nafh._.js:3587
[    9601ms] [WARNING] WebGL: INVALID_OPERATION: bindTexture: object does not belong to this context @ http://localhost:3000/_next/static/chunks/node_modules_%40cesium_engine_Source_Renderer_1d3nafh._.js:3587
[    9601ms] [WARNING] WebGL: INVALID_OPERATION: bindTexture: object does not belong to this context @ http://localhost:3000/_next/static/chunks/node_modules_%40cesium_engine_Source_Renderer_1d3nafh._.js:3587
[    9601ms] [WARNING] WebGL: INVALID_OPERATION: bindTexture: object does not belong to this context @ http://localhost:3000/_next/static/chunks/node_modules_%40cesium_engine_Source_Renderer_1d3nafh._.js:3587
[    9601ms] [WARNING] WebGL: INVALID_OPERATION: bindTexture: object does not belong to this context @ http://localhost:3000/_next/static/chunks/node_modules_%40cesium_engine_Source_Renderer_1d3nafh._.js:3587
[    9601ms] [WARNING] WebGL: INVALID_OPERATION: bindTexture: object does not belong to this context @ http://localhost:3000/_next/static/chunks/node_modules_%40cesium_engine_Source_Renderer_1d3nafh._.js:3587
[    9601ms] [WARNING] WebGL: INVALID_OPERATION: bindTexture: object does not belong to this context @ http://localhost:3000/_next/static/chunks/node_modules_%40cesium_engine_Source_Renderer_1d3nafh._.js:3587
[    9601ms] [WARNING] WebGL: INVALID_OPERATION: bindTexture: object does not belong to this context @ http://localhost:3000/_next/static/chunks/node_modules_%40cesium_engine_Source_Renderer_1d3nafh._.js:3587
[    9602ms] [WARNING] WebGL: INVALID_OPERATION: bindTexture: object does not belong to this context @ http://localhost:3000/_next/static/chunks/node_modules_%40cesium_engine_Source_Renderer_1d3nafh._.js:3587
[    9602ms] [WARNING] WebGL: INVALID_OPERATION: bindTexture: object does not belong to this context @ http://localhost:3000/_next/static/chunks/node_modules_%40cesium_engine_Source_Renderer_1d3nafh._.js:3587
[    9602ms] [WARNING] WebGL: INVALID_OPERATION: bindTexture: object does not belong to this context @ http://localhost:3000/_next/static/chunks/node_modules_%40cesium_engine_Source_Renderer_1d3nafh._.js:3587
[    9602ms] [WARNING] WebGL: INVALID_OPERATION: bindTexture: object does not belong to this context @ http://localhost:3000/_next/static/chunks/node_modules_%40cesium_engine_Source_Renderer_1d3nafh._.js:3587
[    9602ms] [WARNING] WebGL: INVALID_OPERATION: bindTexture: object does not belong to this context @ http://localhost:3000/_next/static/chunks/node_modules_%40cesium_engine_Source_Renderer_1d3nafh._.js:3587
[    9602ms] [WARNING] WebGL: INVALID_OPERATION: bindTexture: object does not belong to this context @ http://localhost:3000/_next/static/chunks/node_modules_%40cesium_engine_Source_Renderer_1d3nafh._.js:3587
[    9602ms] [WARNING] WebGL: INVALID_OPERATION: bindTexture: object does not belong to this context @ http://localhost:3000/_next/static/chunks/node_modules_%40cesium_engine_Source_Renderer_1d3nafh._.js:3587
[    9602ms] [WARNING] WebGL: INVALID_OPERATION: bindTexture: object does not belong to this context @ http://localhost:3000/_next/static/chunks/node_modules_%40cesium_engine_Source_Renderer_1d3nafh._.js:3587
[    9602ms] [WARNING] WebGL: INVALID_OPERATION: bindTexture: object does not belong to this context @ http://localhost:3000/_next/static/chunks/node_modules_%40cesium_engine_Source_Renderer_1d3nafh._.js:3587
[    9602ms] [WARNING] WebGL: INVALID_OPERATION: bindTexture: object does not belong to this context @ http://localhost:3000/_next/static/chunks/node_modules_%40cesium_engine_Source_Renderer_1d3nafh._.js:3587
[    9603ms] [WARNING] WebGL: INVALID_OPERATION: bindTexture: object does not belong to this context @ http://localhost:3000/_next/static/chunks/node_modules_%40cesium_engine_Source_Renderer_1d3nafh._.js:3587
[    9603ms] [WARNING] WebGL: INVALID_OPERATION: bindTexture: object does not belong to this context @ http://localhost:3000/_next/static/chunks/node_modules_%40cesium_engine_Source_Renderer_1d3nafh._.js:3587
[    9603ms] [WARNING] WebGL: INVALID_OPERATION: bindTexture: object does not belong to this context @ http://localhost:3000/_next/static/chunks/node_modules_%40cesium_engine_Source_Renderer_1d3nafh._.js:3587
[    9603ms] [WARNING] WebGL: INVALID_OPERATION: bindTexture: object does not belong to this context @ http://localhost:3000/_next/static/chunks/node_modules_%40cesium_engine_Source_Renderer_1d3nafh._.js:3587
[    9603ms] [WARNING] WebGL: INVALID_OPERATION: bindTexture: object does not belong to this context @ http://localhost:3000/_next/static/chunks/node_modules_%40cesium_engine_Source_Renderer_1d3nafh._.js:3587
[    9603ms] [WARNING] WebGL: INVALID_OPERATION: bindTexture: object does not belong to this context @ http://localhost:3000/_next/static/chunks/node_modules_%40cesium_engine_Source_Renderer_1d3nafh._.js:3587
[    9603ms] [WARNING] WebGL: INVALID_OPERATION: bindTexture: object does not belong to this context @ http://localhost:3000/_next/static/chunks/node_modules_%40cesium_engine_Source_Renderer_1d3nafh._.js:3587
[    9603ms] [WARNING] WebGL: INVALID_OPERATION: bindTexture: object does not belong to this context @ http://localhost:3000/_next/static/chunks/node_modules_%40cesium_engine_Source_Renderer_1d3nafh._.js:3587
[    9603ms] [WARNING] WebGL: INVALID_OPERATION: bindTexture: object does not belong to this context @ http://localhost:3000/_next/static/chunks/node_modules_%40cesium_engine_Source_Renderer_1d3nafh._.js:3587
[    9603ms] [WARNING] WebGL: INVALID_OPERATION: bindTexture: object does not belong to this context @ http://localhost:3000/_next/static/chunks/node_modules_%40cesium_engine_Source_Renderer_1d3nafh._.js:3587
[    9604ms] [WARNING] WebGL: INVALID_OPERATION: bindTexture: object does not belong to this context @ http://localhost:3000/_next/static/chunks/node_modules_%40cesium_engine_Source_Renderer_1d3nafh._.js:3587
[    9604ms] [WARNING] WebGL: INVALID_OPERATION: bindTexture: object does not belong to this context @ http://localhost:3000/_next/static/chunks/node_modules_%40cesium_engine_Source_Renderer_1d3nafh._.js:3587
[    9604ms] [WARNING] WebGL: INVALID_OPERATION: bindTexture: object does not belong to this context @ http://localhost:3000/_next/static/chunks/node_modules_%40cesium_engine_Source_Renderer_1d3nafh._.js:3587
[    9614ms] [WARNING] WebGL: INVALID_OPERATION: bindTexture: object does not belong to this context @ http://localhost:3000/_next/static/chunks/node_modules_%40cesium_engine_Source_Renderer_1d3nafh._.js:3587
[    9615ms] [WARNING] WebGL: INVALID_OPERATION: bindTexture: object does not belong to this context @ http://localhost:3000/_next/static/chunks/node_modules_%40cesium_engine_Source_Renderer_1d3nafh._.js:3587
[    9615ms] [WARNING] WebGL: INVALID_OPERATION: bindTexture: object does not belong to this context @ http://localhost:3000/_next/static/chunks/node_modules_%40cesium_engine_Source_Renderer_1d3nafh._.js:3587
[    9615ms] [WARNING] WebGL: INVALID_OPERATION: bindTexture: object does not belong to this context @ http://localhost:3000/_next/static/chunks/node_modules_%40cesium_engine_Source_Renderer_1d3nafh._.js:3587
[    9615ms] [WARNING] WebGL: INVALID_OPERATION: bindTexture: object does not belong to this context @ http://localhost:3000/_next/static/chunks/node_modules_%40cesium_engine_Source_Renderer_1d3nafh._.js:3587
[    9615ms] [WARNING] WebGL: INVALID_OPERATION: bindTexture: object does not belong to this context @ http://localhost:3000/_next/static/chunks/node_modules_%40cesium_engine_Source_Renderer_1d3nafh._.js:3587
[    9615ms] [WARNING] WebGL: INVALID_OPERATION: bindTexture: object does not belong to this context @ http://localhost:3000/_next/static/chunks/node_modules_%40cesium_engine_Source_Renderer_1d3nafh._.js:3587
[    9615ms] [WARNING] WebGL: INVALID_OPERATION: bindTexture: object does not belong to this context @ http://localhost:3000/_next/static/chunks/node_modules_%40cesium_engine_Source_Renderer_1d3nafh._.js:3587
[    9615ms] [WARNING] WebGL: INVALID_OPERATION: bindTexture: object does not belong to this context @ http://localhost:3000/_next/static/chunks/node_modules_%40cesium_engine_Source_Renderer_1d3nafh._.js:3587
[    9615ms] [WARNING] WebGL: INVALID_OPERATION: bindTexture: object does not belong to this context @ http://localhost:3000/_next/static/chunks/node_modules_%40cesium_engine_Source_Renderer_1d3nafh._.js:3587
[    9616ms] [WARNING] WebGL: INVALID_OPERATION: bindTexture: object does not belong to this context @ http://localhost:3000/_next/static/chunks/node_modules_%40cesium_engine_Source_Renderer_1d3nafh._.js:3587
[    9616ms] [WARNING] WebGL: INVALID_OPERATION: bindTexture: object does not belong to this context @ http://localhost:3000/_next/static/chunks/node_modules_%40cesium_engine_Source_Renderer_1d3nafh._.js:3587
[    9616ms] [WARNING] WebGL: INVALID_OPERATION: bindTexture: object does not belong to this context @ http://localhost:3000/_next/static/chunks/node_modules_%40cesium_engine_Source_Renderer_1d3nafh._.js:3587
[    9616ms] [WARNING] WebGL: INVALID_OPERATION: bindTexture: object does not belong to this context @ http://localhost:3000/_next/static/chunks/node_modules_%40cesium_engine_Source_Renderer_1d3nafh._.js:3587
[    9616ms] [WARNING] WebGL: INVALID_OPERATION: bindTexture: object does not belong to this context @ http://localhost:3000/_next/static/chunks/node_modules_%40cesium_engine_Source_Renderer_1d3nafh._.js:3587
[    9616ms] [WARNING] WebGL: INVALID_OPERATION: bindTexture: object does not belong to this context @ http://localhost:3000/_next/static/chunks/node_modules_%40cesium_engine_Source_Renderer_1d3nafh._.js:3587
[    9616ms] [WARNING] WebGL: INVALID_OPERATION: bindTexture: object does not belong to this context @ http://localhost:3000/_next/static/chunks/node_modules_%40cesium_engine_Source_Renderer_1d3nafh._.js:3587
[    9616ms] [WARNING] WebGL: INVALID_OPERATION: bindTexture: object does not belong to this context @ http://localhost:3000/_next/static/chunks/node_modules_%40cesium_engine_Source_Renderer_1d3nafh._.js:3587
[    9616ms] [WARNING] WebGL: INVALID_OPERATION: bindTexture: object does not belong to this context @ http://localhost:3000/_next/static/chunks/node_modules_%40cesium_engine_Source_Renderer_1d3nafh._.js:3587
[    9616ms] [WARNING] WebGL: INVALID_OPERATION: bindTexture: object does not belong to this context @ http://localhost:3000/_next/static/chunks/node_modules_%40cesium_engine_Source_Renderer_1d3nafh._.js:3587
[    9616ms] [WARNING] WebGL: INVALID_OPERATION: bindTexture: object does not belong to this context @ http://localhost:3000/_next/static/chunks/node_modules_%40cesium_engine_Source_Renderer_1d3nafh._.js:3587
[    9616ms] [WARNING] WebGL: INVALID_OPERATION: bindTexture: object does not belong to this context @ http://localhost:3000/_next/static/chunks/node_modules_%40cesium_engine_Source_Renderer_1d3nafh._.js:3587
[    9616ms] [WARNING] WebGL: INVALID_OPERATION: bindTexture: object does not belong to this context @ http://localhost:3000/_next/static/chunks/node_modules_%40cesium_engine_Source_Renderer_1d3nafh._.js:3587
[    9616ms] [WARNING] WebGL: INVALID_OPERATION: bindTexture: object does not belong to this context @ http://localhost:3000/_next/static/chunks/node_modules_%40cesium_engine_Source_Renderer_1d3nafh._.js:3587
[    9616ms] [WARNING] WebGL: INVALID_OPERATION: bindTexture: object does not belong to this context @ http://localhost:3000/_next/static/chunks/node_modules_%40cesium_engine_Source_Renderer_1d3nafh._.js:3587
[    9616ms] [WARNING] WebGL: INVALID_OPERATION: bindTexture: object does not belong to this context @ http://localhost:3000/_next/static/chunks/node_modules_%40cesium_engine_Source_Renderer_1d3nafh._.js:3587
[    9616ms] [WARNING] WebGL: INVALID_OPERATION: bindTexture: object does not belong to this context @ http://localhost:3000/_next/static/chunks/node_modules_%40cesium_engine_Source_Renderer_1d3nafh._.js:3587
[    9616ms] [WARNING] WebGL: INVALID_OPERATION: bindTexture: object does not belong to this context @ http://localhost:3000/_next/static/chunks/node_modules_%40cesium_engine_Source_Renderer_1d3nafh._.js:3587
[    9616ms] [WARNING] WebGL: INVALID_OPERATION: bindTexture: object does not belong to this context @ http://localhost:3000/_next/static/chunks/node_modules_%40cesium_engine_Source_Renderer_1d3nafh._.js:3587
[    9617ms] [WARNING] WebGL: INVALID_OPERATION: bindTexture: object does not belong to this context @ http://localhost:3000/_next/static/chunks/node_modules_%40cesium_engine_Source_Renderer_1d3nafh._.js:3587
[    9626ms] [WARNING] WebGL: INVALID_OPERATION: bindTexture: object does not belong to this context @ http://localhost:3000/_next/static/chunks/node_modules_%40cesium_engine_Source_Renderer_1d3nafh._.js:3587
[    9626ms] [WARNING] WebGL: INVALID_OPERATION: bindTexture: object does not belong to this context @ http://localhost:3000/_next/static/chunks/node_modules_%40cesium_engine_Source_Renderer_1d3nafh._.js:3587
[    9626ms] [WARNING] WebGL: INVALID_OPERATION: bindTexture: object does not belong to this context @ http://localhost:3000/_next/static/chunks/node_modules_%40cesium_engine_Source_Renderer_1d3nafh._.js:3587
[    9626ms] [WARNING] WebGL: INVALID_OPERATION: bindTexture: object does not belong to this context @ http://localhost:3000/_next/static/chunks/node_modules_%40cesium_engine_Source_Renderer_1d3nafh._.js:3587
[    9626ms] [WARNING] WebGL: INVALID_OPERATION: bindTexture: object does not belong to this context @ http://localhost:3000/_next/static/chunks/node_modules_%40cesium_engine_Source_Renderer_1d3nafh._.js:3587
[    9626ms] [WARNING] WebGL: INVALID_OPERATION: bindTexture: object does not belong to this context @ http://localhost:3000/_next/static/chunks/node_modules_%40cesium_engine_Source_Renderer_1d3nafh._.js:3587
[    9626ms] [WARNING] WebGL: INVALID_OPERATION: bindTexture: object does not belong to this context @ http://localhost:3000/_next/static/chunks/node_modules_%40cesium_engine_Source_Renderer_1d3nafh._.js:3587
[    9626ms] [WARNING] WebGL: INVALID_OPERATION: bindTexture: object does not belong to this context @ http://localhost:3000/_next/static/chunks/node_modules_%40cesium_engine_Source_Renderer_1d3nafh._.js:3587
[    9627ms] [WARNING] WebGL: INVALID_OPERATION: bindTexture: object does not belong to this context @ http://localhost:3000/_next/static/chunks/node_modules_%40cesium_engine_Source_Renderer_1d3nafh._.js:3587
[    9627ms] [WARNING] WebGL: INVALID_OPERATION: bindTexture: object does not belong to this context @ http://localhost:3000/_next/static/chunks/node_modules_%40cesium_engine_Source_Renderer_1d3nafh._.js:3587
[    9627ms] [WARNING] WebGL: INVALID_OPERATION: bindTexture: object does not belong to this context @ http://localhost:3000/_next/static/chunks/node_modules_%40cesium_engine_Source_Renderer_1d3nafh._.js:3587
[    9627ms] [WARNING] WebGL: INVALID_OPERATION: bindTexture: object does not belong to this context @ http://localhost:3000/_next/static/chunks/node_modules_%40cesium_engine_Source_Renderer_1d3nafh._.js:3587
[    9627ms] [WARNING] WebGL: INVALID_OPERATION: bindTexture: object does not belong to this context @ http://localhost:3000/_next/static/chunks/node_modules_%40cesium_engine_Source_Renderer_1d3nafh._.js:3587
[    9627ms] [WARNING] WebGL: INVALID_OPERATION: bindTexture: object does not belong to this context @ http://localhost:3000/_next/static/chunks/node_modules_%40cesium_engine_Source_Renderer_1d3nafh._.js:3587
[    9627ms] [WARNING] WebGL: INVALID_OPERATION: bindTexture: object does not belong to this context @ http://localhost:3000/_next/static/chunks/node_modules_%40cesium_engine_Source_Renderer_1d3nafh._.js:3587
[    9627ms] [WARNING] WebGL: INVALID_OPERATION: bindTexture: object does not belong to this context @ http://localhost:3000/_next/static/chunks/node_modules_%40cesium_engine_Source_Renderer_1d3nafh._.js:3587
[    9627ms] [WARNING] WebGL: INVALID_OPERATION: bindTexture: object does not belong to this context @ http://localhost:3000/_next/static/chunks/node_modules_%40cesium_engine_Source_Renderer_1d3nafh._.js:3587
[    9628ms] [WARNING] WebGL: INVALID_OPERATION: bindTexture: object does not belong to this context @ http://localhost:3000/_next/static/chunks/node_modules_%40cesium_engine_Source_Renderer_1d3nafh._.js:3587
[    9628ms] [WARNING] WebGL: INVALID_OPERATION: bindTexture: object does not belong to this context @ http://localhost:3000/_next/static/chunks/node_modules_%40cesium_engine_Source_Renderer_1d3nafh._.js:3587
[    9628ms] [WARNING] WebGL: INVALID_OPERATION: bindTexture: object does not belong to this context @ http://localhost:3000/_next/static/chunks/node_modules_%40cesium_engine_Source_Renderer_1d3nafh._.js:3587
[    9628ms] [WARNING] WebGL: INVALID_OPERATION: bindTexture: object does not belong to this context @ http://localhost:3000/_next/static/chunks/node_modules_%40cesium_engine_Source_Renderer_1d3nafh._.js:3587
[    9628ms] [WARNING] WebGL: INVALID_OPERATION: bindTexture: object does not belong to this context @ http://localhost:3000/_next/static/chunks/node_modules_%40cesium_engine_Source_Renderer_1d3nafh._.js:3587
[    9628ms] [WARNING] WebGL: INVALID_OPERATION: bindTexture: object does not belong to this context @ http://localhost:3000/_next/static/chunks/node_modules_%40cesium_engine_Source_Renderer_1d3nafh._.js:3587
[    9628ms] [WARNING] WebGL: INVALID_OPERATION: bindTexture: object does not belong to this context @ http://localhost:3000/_next/static/chunks/node_modules_%40cesium_engine_Source_Renderer_1d3nafh._.js:3587
[    9629ms] [WARNING] WebGL: INVALID_OPERATION: bindTexture: object does not belong to this context @ http://localhost:3000/_next/static/chunks/node_modules_%40cesium_engine_Source_Renderer_1d3nafh._.js:3587
[    9629ms] [WARNING] WebGL: INVALID_OPERATION: bindTexture: object does not belong to this context @ http://localhost:3000/_next/static/chunks/node_modules_%40cesium_engine_Source_Renderer_1d3nafh._.js:3587
[    9629ms] [WARNING] WebGL: INVALID_OPERATION: bindTexture: object does not belong to this context @ http://localhost:3000/_next/static/chunks/node_modules_%40cesium_engine_Source_Renderer_1d3nafh._.js:3587
[    9629ms] [WARNING] WebGL: INVALID_OPERATION: bindTexture: object does not belong to this context @ http://localhost:3000/_next/static/chunks/node_modules_%40cesium_engine_Source_Renderer_1d3nafh._.js:3587
[    9629ms] [WARNING] WebGL: INVALID_OPERATION: bindTexture: object does not belong to this context @ http://localhost:3000/_next/static/chunks/node_modules_%40cesium_engine_Source_Renderer_1d3nafh._.js:3587
[    9629ms] [WARNING] WebGL: INVALID_OPERATION: bindTexture: object does not belong to this context @ http://localhost:3000/_next/static/chunks/node_modules_%40cesium_engine_Source_Renderer_1d3nafh._.js:3587
[    9633ms] [WARNING] WebGL: INVALID_OPERATION: bindTexture: object does not belong to this context @ http://localhost:3000/_next/static/chunks/node_modules_%40cesium_engine_Source_Renderer_1d3nafh._.js:3587
[    9633ms] [WARNING] WebGL: INVALID_OPERATION: bindTexture: object does not belong to this context @ http://localhost:3000/_next/static/chunks/node_modules_%40cesium_engine_Source_Renderer_1d3nafh._.js:3587
[    9634ms] [WARNING] WebGL: INVALID_OPERATION: bindTexture: object does not belong to this context @ http://localhost:3000/_next/static/chunks/node_modules_%40cesium_engine_Source_Renderer_1d3nafh._.js:3587
[    9634ms] [WARNING] WebGL: INVALID_OPERATION: bindTexture: object does not belong to this context @ http://localhost:3000/_next/static/chunks/node_modules_%40cesium_engine_Source_Renderer_1d3nafh._.js:3587
[    9634ms] [WARNING] WebGL: INVALID_OPERATION: bindTexture: object does not belong to this context @ http://localhost:3000/_next/static/chunks/node_modules_%40cesium_engine_Source_Renderer_1d3nafh._.js:3587
[    9634ms] [WARNING] WebGL: INVALID_OPERATION: bindTexture: object does not belong to this context @ http://localhost:3000/_next/static/chunks/node_modules_%40cesium_engine_Source_Renderer_1d3nafh._.js:3587
[    9634ms] [WARNING] WebGL: INVALID_OPERATION: bindTexture: object does not belong to this context @ http://localhost:3000/_next/static/chunks/node_modules_%40cesium_engine_Source_Renderer_1d3nafh._.js:3587
[    9634ms] [WARNING] WebGL: INVALID_OPERATION: bindTexture: object does not belong to this context @ http://localhost:3000/_next/static/chunks/node_modules_%40cesium_engine_Source_Renderer_1d3nafh._.js:3587
[    9634ms] [WARNING] WebGL: INVALID_OPERATION: bindTexture: object does not belong to this context @ http://localhost:3000/_next/static/chunks/node_modules_%40cesium_engine_Source_Renderer_1d3nafh._.js:3587
[    9634ms] [WARNING] WebGL: INVALID_OPERATION: bindTexture: object does not belong to this context @ http://localhost:3000/_next/static/chunks/node_modules_%40cesium_engine_Source_Renderer_1d3nafh._.js:3587
[    9634ms] [WARNING] WebGL: INVALID_OPERATION: bindTexture: object does not belong to this context @ http://localhost:3000/_next/static/chunks/node_modules_%40cesium_engine_Source_Renderer_1d3nafh._.js:3587
[    9634ms] [WARNING] WebGL: INVALID_OPERATION: bindTexture: object does not belong to this context @ http://localhost:3000/_next/static/chunks/node_modules_%40cesium_engine_Source_Renderer_1d3nafh._.js:3587
[    9634ms] [WARNING] WebGL: INVALID_OPERATION: bindTexture: object does not belong to this context @ http://localhost:3000/_next/static/chunks/node_modules_%40cesium_engine_Source_Renderer_1d3nafh._.js:3587
[    9634ms] [WARNING] WebGL: INVALID_OPERATION: bindTexture: object does not belong to this context @ http://localhost:3000/_next/static/chunks/node_modules_%40cesium_engine_Source_Renderer_1d3nafh._.js:3587
[    9634ms] [WARNING] WebGL: INVALID_OPERATION: bindTexture: object does not belong to this context @ http://localhost:3000/_next/static/chunks/node_modules_%40cesium_engine_Source_Renderer_1d3nafh._.js:3587
[    9634ms] [WARNING] WebGL: INVALID_OPERATION: bindTexture: object does not belong to this context @ http://localhost:3000/_next/static/chunks/node_modules_%40cesium_engine_Source_Renderer_1d3nafh._.js:3587
[    9634ms] [WARNING] WebGL: INVALID_OPERATION: bindTexture: object does not belong to this context @ http://localhost:3000/_next/static/chunks/node_modules_%40cesium_engine_Source_Renderer_1d3nafh._.js:3587
[    9634ms] [WARNING] WebGL: INVALID_OPERATION: bindTexture: object does not belong to this context @ http://localhost:3000/_next/static/chunks/node_modules_%40cesium_engine_Source_Renderer_1d3nafh._.js:3587
[    9634ms] [WARNING] WebGL: INVALID_OPERATION: bindTexture: object does not belong to this context @ http://localhost:3000/_next/static/chunks/node_modules_%40cesium_engine_Source_Renderer_1d3nafh._.js:3587
[    9634ms] [WARNING] WebGL: INVALID_OPERATION: bindTexture: object does not belong to this context @ http://localhost:3000/_next/static/chunks/node_modules_%40cesium_engine_Source_Renderer_1d3nafh._.js:3587
[    9634ms] [WARNING] WebGL: INVALID_OPERATION: bindTexture: object does not belong to this context @ http://localhost:3000/_next/static/chunks/node_modules_%40cesium_engine_Source_Renderer_1d3nafh._.js:3587
[    9634ms] [WARNING] WebGL: INVALID_OPERATION: bindTexture: object does not belong to this context @ http://localhost:3000/_next/static/chunks/node_modules_%40cesium_engine_Source_Renderer_1d3nafh._.js:3587
[    9634ms] [WARNING] WebGL: INVALID_OPERATION: bindTexture: object does not belong to this context @ http://localhost:3000/_next/static/chunks/node_modules_%40cesium_engine_Source_Renderer_1d3nafh._.js:3587
[    9634ms] [WARNING] WebGL: INVALID_OPERATION: bindTexture: object does not belong to this context @ http://localhost:3000/_next/static/chunks/node_modules_%40cesium_engine_Source_Renderer_1d3nafh._.js:3587
[    9635ms] [WARNING] WebGL: INVALID_OPERATION: bindTexture: object does not belong to this context @ http://localhost:3000/_next/static/chunks/node_modules_%40cesium_engine_Source_Renderer_1d3nafh._.js:3587
[    9635ms] [WARNING] WebGL: INVALID_OPERATION: bindTexture: object does not belong to this context @ http://localhost:3000/_next/static/chunks/node_modules_%40cesium_engine_Source_Renderer_1d3nafh._.js:3587
[    9635ms] [WARNING] WebGL: INVALID_OPERATION: bindTexture: object does not belong to this context @ http://localhost:3000/_next/static/chunks/node_modules_%40cesium_engine_Source_Renderer_1d3nafh._.js:3587
[    9635ms] [WARNING] WebGL: INVALID_OPERATION: bindTexture: object does not belong to this context @ http://localhost:3000/_next/static/chunks/node_modules_%40cesium_engine_Source_Renderer_1d3nafh._.js:3587
[    9635ms] [WARNING] WebGL: INVALID_OPERATION: bindTexture: object does not belong to this context @ http://localhost:3000/_next/static/chunks/node_modules_%40cesium_engine_Source_Renderer_1d3nafh._.js:3587
[    9635ms] [WARNING] WebGL: INVALID_OPERATION: bindTexture: object does not belong to this context @ http://localhost:3000/_next/static/chunks/node_modules_%40cesium_engine_Source_Renderer_1d3nafh._.js:3587
[    9646ms] [WARNING] WebGL: INVALID_OPERATION: bindTexture: object does not belong to this context @ http://localhost:3000/_next/static/chunks/node_modules_%40cesium_engine_Source_Renderer_1d3nafh._.js:3587
[    9647ms] [WARNING] WebGL: INVALID_OPERATION: bindTexture: object does not belong to this context @ http://localhost:3000/_next/static/chunks/node_modules_%40cesium_engine_Source_Renderer_1d3nafh._.js:3587
[    9647ms] [WARNING] WebGL: INVALID_OPERATION: bindTexture: object does not belong to this context @ http://localhost:3000/_next/static/chunks/node_modules_%40cesium_engine_Source_Renderer_1d3nafh._.js:3587
[    9647ms] [WARNING] WebGL: INVALID_OPERATION: bindTexture: object does not belong to this context @ http://localhost:3000/_next/static/chunks/node_modules_%40cesium_engine_Source_Renderer_1d3nafh._.js:3587
[    9647ms] [WARNING] WebGL: INVALID_OPERATION: bindTexture: object does not belong to this context @ http://localhost:3000/_next/static/chunks/node_modules_%40cesium_engine_Source_Renderer_1d3nafh._.js:3587
[    9647ms] [WARNING] WebGL: INVALID_OPERATION: bindTexture: object does not belong to this context @ http://localhost:3000/_next/static/chunks/node_modules_%40cesium_engine_Source_Renderer_1d3nafh._.js:3587
[    9647ms] [WARNING] WebGL: INVALID_OPERATION: bindTexture: object does not belong to this context @ http://localhost:3000/_next/static/chunks/node_modules_%40cesium_engine_Source_Renderer_1d3nafh._.js:3587
[    9647ms] [WARNING] WebGL: INVALID_OPERATION: bindTexture: object does not belong to this context @ http://localhost:3000/_next/static/chunks/node_modules_%40cesium_engine_Source_Renderer_1d3nafh._.js:3587
[    9647ms] [WARNING] WebGL: INVALID_OPERATION: bindTexture: object does not belong to this context @ http://localhost:3000/_next/static/chunks/node_modules_%40cesium_engine_Source_Renderer_1d3nafh._.js:3587
[    9647ms] [WARNING] WebGL: INVALID_OPERATION: bindTexture: object does not belong to this context @ http://localhost:3000/_next/static/chunks/node_modules_%40cesium_engine_Source_Renderer_1d3nafh._.js:3587
[    9647ms] [WARNING] WebGL: INVALID_OPERATION: bindTexture: object does not belong to this context @ http://localhost:3000/_next/static/chunks/node_modules_%40cesium_engine_Source_Renderer_1d3nafh._.js:3587
[    9647ms] [WARNING] WebGL: INVALID_OPERATION: bindTexture: object does not belong to this context @ http://localhost:3000/_next/static/chunks/node_modules_%40cesium_engine_Source_Renderer_1d3nafh._.js:3587
[    9647ms] [WARNING] WebGL: INVALID_OPERATION: bindTexture: object does not belong to this context @ http://localhost:3000/_next/static/chunks/node_modules_%40cesium_engine_Source_Renderer_1d3nafh._.js:3587
[    9647ms] [WARNING] WebGL: INVALID_OPERATION: bindTexture: object does not belong to this context @ http://localhost:3000/_next/static/chunks/node_modules_%40cesium_engine_Source_Renderer_1d3nafh._.js:3587
[    9647ms] [WARNING] WebGL: INVALID_OPERATION: bindTexture: object does not belong to this context @ http://localhost:3000/_next/static/chunks/node_modules_%40cesium_engine_Source_Renderer_1d3nafh._.js:3587
[    9647ms] [WARNING] WebGL: INVALID_OPERATION: bindTexture: object does not belong to this context @ http://localhost:3000/_next/static/chunks/node_modules_%40cesium_engine_Source_Renderer_1d3nafh._.js:3587
[    9647ms] [WARNING] WebGL: INVALID_OPERATION: bindTexture: object does not belong to this context @ http://localhost:3000/_next/static/chunks/node_modules_%40cesium_engine_Source_Renderer_1d3nafh._.js:3587
[    9647ms] [WARNING] WebGL: INVALID_OPERATION: bindTexture: object does not belong to this context @ http://localhost:3000/_next/static/chunks/node_modules_%40cesium_engine_Source_Renderer_1d3nafh._.js:3587
[    9647ms] [WARNING] WebGL: INVALID_OPERATION: bindTexture: object does not belong to this context @ http://localhost:3000/_next/static/chunks/node_modules_%40cesium_engine_Source_Renderer_1d3nafh._.js:3587
[    9647ms] [WARNING] WebGL: INVALID_OPERATION: bindTexture: object does not belong to this context @ http://localhost:3000/_next/static/chunks/node_modules_%40cesium_engine_Source_Renderer_1d3nafh._.js:3587
[    9648ms] [WARNING] WebGL: INVALID_OPERATION: bindTexture: object does not belong to this context @ http://localhost:3000/_next/static/chunks/node_modules_%40cesium_engine_Source_Renderer_1d3nafh._.js:3587
[    9648ms] [WARNING] WebGL: INVALID_OPERATION: bindTexture: object does not belong to this context @ http://localhost:3000/_next/static/chunks/node_modules_%40cesium_engine_Source_Renderer_1d3nafh._.js:3587
[    9648ms] [WARNING] WebGL: INVALID_OPERATION: bindTexture: object does not belong to this context @ http://localhost:3000/_next/static/chunks/node_modules_%40cesium_engine_Source_Renderer_1d3nafh._.js:3587
[    9648ms] [WARNING] WebGL: INVALID_OPERATION: bindTexture: object does not belong to this context @ http://localhost:3000/_next/static/chunks/node_modules_%40cesium_engine_Source_Renderer_1d3nafh._.js:3587
[    9648ms] [WARNING] WebGL: INVALID_OPERATION: bindTexture: object does not belong to this context @ http://localhost:3000/_next/static/chunks/node_modules_%40cesium_engine_Source_Renderer_1d3nafh._.js:3587
[    9648ms] [WARNING] WebGL: INVALID_OPERATION: bindTexture: object does not belong to this context @ http://localhost:3000/_next/static/chunks/node_modules_%40cesium_engine_Source_Renderer_1d3nafh._.js:3587
[    9648ms] [WARNING] WebGL: INVALID_OPERATION: bindTexture: object does not belong to this context @ http://localhost:3000/_next/static/chunks/node_modules_%40cesium_engine_Source_Renderer_1d3nafh._.js:3587
[    9649ms] [WARNING] WebGL: INVALID_OPERATION: bindTexture: object does not belong to this context @ http://localhost:3000/_next/static/chunks/node_modules_%40cesium_engine_Source_Renderer_1d3nafh._.js:3587
[    9649ms] [WARNING] WebGL: INVALID_OPERATION: bindTexture: object does not belong to this context @ http://localhost:3000/_next/static/chunks/node_modules_%40cesium_engine_Source_Renderer_1d3nafh._.js:3587
[    9649ms] [WARNING] WebGL: INVALID_OPERATION: bindTexture: object does not belong to this context @ http://localhost:3000/_next/static/chunks/node_modules_%40cesium_engine_Source_Renderer_1d3nafh._.js:3587
[    9657ms] [WARNING] WebGL: INVALID_OPERATION: bindTexture: object does not belong to this context @ http://localhost:3000/_next/static/chunks/node_modules_%40cesium_engine_Source_Renderer_1d3nafh._.js:3587
[    9657ms] [WARNING] WebGL: INVALID_OPERATION: bindTexture: object does not belong to this context @ http://localhost:3000/_next/static/chunks/node_modules_%40cesium_engine_Source_Renderer_1d3nafh._.js:3587
[    9657ms] [WARNING] WebGL: INVALID_OPERATION: bindTexture: object does not belong to this context @ http://localhost:3000/_next/static/chunks/node_modules_%40cesium_engine_Source_Renderer_1d3nafh._.js:3587
[    9658ms] [WARNING] WebGL: INVALID_OPERATION: bindTexture: object does not belong to this context @ http://localhost:3000/_next/static/chunks/node_modules_%40cesium_engine_Source_Renderer_1d3nafh._.js:3587
[    9658ms] [WARNING] WebGL: INVALID_OPERATION: bindTexture: object does not belong to this context @ http://localhost:3000/_next/static/chunks/node_modules_%40cesium_engine_Source_Renderer_1d3nafh._.js:3587
[    9658ms] [WARNING] WebGL: INVALID_OPERATION: bindTexture: object does not belong to this context @ http://localhost:3000/_next/static/chunks/node_modules_%40cesium_engine_Source_Renderer_1d3nafh._.js:3587
[    9659ms] [WARNING] WebGL: too many errors, no more errors will be reported to the console for this context. @ http://localhost:3000/_next/static/chunks/node_modules_%40cesium_engine_Source_Renderer_1d3nafh._.js:3587
[   53820ms] [ERROR] Failed to load resource: net::ERR_EMPTY_RESPONSE @ http://localhost:3000/api/flights:0
[   54828ms] [LOG] [HMR] connected @ http://localhost:3000/_next/static/chunks/node_modules_next_dist_1ybzpk2._.js:2489
[   55653ms] [INFO] %cDownload the React DevTools for a better development experience: https://react.dev/link/react-devtools font-weight:bold @ http://localhost:3000/_next/static/chunks/node_modules_next_dist_1ybzpk2._.js:2489
[   55671ms] [LOG] [HMR] connected @ http://localhost:3000/_next/static/chunks/node_modules_next_dist_1ybzpk2._.js:2489
[   63836ms] [WARNING] Warning: <Viewer> is recreated because following read-only props have been updated: contextOptions @ http://localhost:3000/_next/static/chunks/node_modules_next_dist_1ybzpk2._.js:2489
[   64418ms] [WARNING] WebGL: INVALID_OPERATION: bindTexture: object does not belong to this context @ http://localhost:3000/_next/static/chunks/node_modules_%40cesium_engine_Source_Renderer_1d3nafh._.js:3587
[   64418ms] [WARNING] WebGL: INVALID_OPERATION: bindTexture: object does not belong to this context @ http://localhost:3000/_next/static/chunks/node_modules_%40cesium_engine_Source_Renderer_1d3nafh._.js:3587
[   64418ms] [WARNING] WebGL: INVALID_OPERATION: bindTexture: object does not belong to this context @ http://localhost:3000/_next/static/chunks/node_modules_%40cesium_engine_Source_Renderer_1d3nafh._.js:3587
[   64418ms] [WARNING] WebGL: INVALID_OPERATION: bindTexture: object does not belong to this context @ http://localhost:3000/_next/static/chunks/node_modules_%40cesium_engine_Source_Renderer_1d3nafh._.js:3587
[   64439ms] [WARNING] WebGL: INVALID_OPERATION: bindTexture: object does not belong to this context @ http://localhost:3000/_next/static/chunks/node_modules_%40cesium_engine_Source_Renderer_1d3nafh._.js:3587
[   64439ms] [WARNING] WebGL: INVALID_OPERATION: bindTexture: object does not belong to this context @ http://localhost:3000/_next/static/chunks/node_modules_%40cesium_engine_Source_Renderer_1d3nafh._.js:3587
[   64439ms] [WARNING] WebGL: INVALID_OPERATION: bindTexture: object does not belong to this context @ http://localhost:3000/_next/static/chunks/node_modules_%40cesium_engine_Source_Renderer_1d3nafh._.js:3587
[   64439ms] [WARNING] WebGL: INVALID_OPERATION: bindTexture: object does not belong to this context @ http://localhost:3000/_next/static/chunks/node_modules_%40cesium_engine_Source_Renderer_1d3nafh._.js:3587
[   64455ms] [WARNING] WebGL: INVALID_OPERATION: bindTexture: object does not belong to this context @ http://localhost:3000/_next/static/chunks/node_modules_%40cesium_engine_Source_Renderer_1d3nafh._.js:3587
[   64455ms] [WARNING] WebGL: INVALID_OPERATION: bindTexture: object does not belong to this context @ http://localhost:3000/_next/static/chunks/node_modules_%40cesium_engine_Source_Renderer_1d3nafh._.js:3587
[   64456ms] [WARNING] WebGL: INVALID_OPERATION: bindTexture: object does not belong to this context @ http://localhost:3000/_next/static/chunks/node_modules_%40cesium_engine_Source_Renderer_1d3nafh._.js:3587
[   64456ms] [WARNING] WebGL: INVALID_OPERATION: bindTexture: object does not belong to this context @ http://localhost:3000/_next/static/chunks/node_modules_%40cesium_engine_Source_Renderer_1d3nafh._.js:3587
[   64476ms] [WARNING] WebGL: INVALID_OPERATION: bindTexture: object does not belong to this context @ http://localhost:3000/_next/static/chunks/node_modules_%40cesium_engine_Source_Renderer_1d3nafh._.js:3587
[   64476ms] [WARNING] WebGL: INVALID_OPERATION: bindTexture: object does not belong to this context @ http://localhost:3000/_next/static/chunks/node_modules_%40cesium_engine_Source_Renderer_1d3nafh._.js:3587
[   64476ms] [WARNING] WebGL: INVALID_OPERATION: bindTexture: object does not belong to this context @ http://localhost:3000/_next/static/chunks/node_modules_%40cesium_engine_Source_Renderer_1d3nafh._.js:3587
[   64476ms] [WARNING] WebGL: INVALID_OPERATION: bindTexture: object does not belong to this context @ http://localhost:3000/_next/static/chunks/node_modules_%40cesium_engine_Source_Renderer_1d3nafh._.js:3587
[   64477ms] [WARNING] WebGL: INVALID_OPERATION: bindTexture: object does not belong to this context @ http://localhost:3000/_next/static/chunks/node_modules_%40cesium_engine_Source_Renderer_1d3nafh._.js:3587
[   64477ms] [WARNING] WebGL: INVALID_OPERATION: bindTexture: object does not belong to this context @ http://localhost:3000/_next/static/chunks/node_modules_%40cesium_engine_Source_Renderer_1d3nafh._.js:3587
[   64477ms] [WARNING] WebGL: INVALID_OPERATION: bindTexture: object does not belong to this context @ http://localhost:3000/_next/static/chunks/node_modules_%40cesium_engine_Source_Renderer_1d3nafh._.js:3587
[   64477ms] [WARNING] WebGL: INVALID_OPERATION: bindTexture: object does not belong to this context @ http://localhost:3000/_next/static/chunks/node_modules_%40cesium_engine_Source_Renderer_1d3nafh._.js:3587
[   64492ms] [WARNING] WebGL: INVALID_OPERATION: bindTexture: object does not belong to this context @ http://localhost:3000/_next/static/chunks/node_modules_%40cesium_engine_Source_Renderer_1d3nafh._.js:3587
[   64492ms] [WARNING] WebGL: INVALID_OPERATION: bindTexture: object does not belong to this context @ http://localhost:3000/_next/static/chunks/node_modules_%40cesium_engine_Source_Renderer_1d3nafh._.js:3587
[   64492ms] [WARNING] WebGL: INVALID_OPERATION: bindTexture: object does not belong to this context @ http://localhost:3000/_next/static/chunks/node_modules_%40cesium_engine_Source_Renderer_1d3nafh._.js:3587
[   64492ms] [WARNING] WebGL: INVALID_OPERATION: bindTexture: object does not belong to this context @ http://localhost:3000/_next/static/chunks/node_modules_%40cesium_engine_Source_Renderer_1d3nafh._.js:3587
[   64492ms] [WARNING] WebGL: INVALID_OPERATION: bindTexture: object does not belong to this context @ http://localhost:3000/_next/static/chunks/node_modules_%40cesium_engine_Source_Renderer_1d3nafh._.js:3587
[   64492ms] [WARNING] WebGL: INVALID_OPERATION: bindTexture: object does not belong to this context @ http://localhost:3000/_next/static/chunks/node_modules_%40cesium_engine_Source_Renderer_1d3nafh._.js:3587
[   64492ms] [WARNING] WebGL: INVALID_OPERATION: bindTexture: object does not belong to this context @ http://localhost:3000/_next/static/chunks/node_modules_%40cesium_engine_Source_Renderer_1d3nafh._.js:3587
[   64492ms] [WARNING] WebGL: INVALID_OPERATION: bindTexture: object does not belong to this context @ http://localhost:3000/_next/static/chunks/node_modules_%40cesium_engine_Source_Renderer_1d3nafh._.js:3587
[   64514ms] [WARNING] WebGL: INVALID_OPERATION: bindTexture: object does not belong to this context @ http://localhost:3000/_next/static/chunks/node_modules_%40cesium_engine_Source_Renderer_1d3nafh._.js:3587
[   64514ms] [WARNING] WebGL: INVALID_OPERATION: bindTexture: object does not belong to this context @ http://localhost:3000/_next/static/chunks/node_modules_%40cesium_engine_Source_Renderer_1d3nafh._.js:3587
[   64514ms] [WARNING] WebGL: INVALID_OPERATION: bindTexture: object does not belong to this context @ http://localhost:3000/_next/static/chunks/node_modules_%40cesium_engine_Source_Renderer_1d3nafh._.js:3587
[   64514ms] [WARNING] WebGL: INVALID_OPERATION: bindTexture: object does not belong to this context @ http://localhost:3000/_next/static/chunks/node_modules_%40cesium_engine_Source_Renderer_1d3nafh._.js:3587
[   64515ms] [WARNING] WebGL: INVALID_OPERATION: bindTexture: object does not belong to this context @ http://localhost:3000/_next/static/chunks/node_modules_%40cesium_engine_Source_Renderer_1d3nafh._.js:3587
[   64515ms] [WARNING] WebGL: INVALID_OPERATION: bindTexture: object does not belong to this context @ http://localhost:3000/_next/static/chunks/node_modules_%40cesium_engine_Source_Renderer_1d3nafh._.js:3587
[   64515ms] [WARNING] WebGL: INVALID_OPERATION: bindTexture: object does not belong to this context @ http://localhost:3000/_next/static/chunks/node_modules_%40cesium_engine_Source_Renderer_1d3nafh._.js:3587
[   64515ms] [WARNING] WebGL: INVALID_OPERATION: bindTexture: object does not belong to this context @ http://localhost:3000/_next/static/chunks/node_modules_%40cesium_engine_Source_Renderer_1d3nafh._.js:3587
[   64515ms] [WARNING] WebGL: INVALID_OPERATION: bindTexture: object does not belong to this context @ http://localhost:3000/_next/static/chunks/node_modules_%40cesium_engine_Source_Renderer_1d3nafh._.js:3587
[   64515ms] [WARNING] WebGL: INVALID_OPERATION: bindTexture: object does not belong to this context @ http://localhost:3000/_next/static/chunks/node_modules_%40cesium_engine_Source_Renderer_1d3nafh._.js:3587
[   64515ms] [WARNING] WebGL: INVALID_OPERATION: bindTexture: object does not belong to this context @ http://localhost:3000/_next/static/chunks/node_modules_%40cesium_engine_Source_Renderer_1d3nafh._.js:3587
[   64515ms] [WARNING] WebGL: INVALID_OPERATION: bindTexture: object does not belong to this context @ http://localhost:3000/_next/static/chunks/node_modules_%40cesium_engine_Source_Renderer_1d3nafh._.js:3587
[   64515ms] [WARNING] WebGL: INVALID_OPERATION: bindTexture: object does not belong to this context @ http://localhost:3000/_next/static/chunks/node_modules_%40cesium_engine_Source_Renderer_1d3nafh._.js:3587
[   64515ms] [WARNING] WebGL: INVALID_OPERATION: bindTexture: object does not belong to this context @ http://localhost:3000/_next/static/chunks/node_modules_%40cesium_engine_Source_Renderer_1d3nafh._.js:3587
[   64515ms] [WARNING] WebGL: INVALID_OPERATION: bindTexture: object does not belong to this context @ http://localhost:3000/_next/static/chunks/node_modules_%40cesium_engine_Source_Renderer_1d3nafh._.js:3587
[   64515ms] [WARNING] WebGL: INVALID_OPERATION: bindTexture: object does not belong to this context @ http://localhost:3000/_next/static/chunks/node_modules_%40cesium_engine_Source_Renderer_1d3nafh._.js:3587
[   64515ms] [WARNING] WebGL: INVALID_OPERATION: bindTexture: object does not belong to this context @ http://localhost:3000/_next/static/chunks/node_modules_%40cesium_engine_Source_Renderer_1d3nafh._.js:3587
[   64515ms] [WARNING] WebGL: INVALID_OPERATION: bindTexture: object does not belong to this context @ http://localhost:3000/_next/static/chunks/node_modules_%40cesium_engine_Source_Renderer_1d3nafh._.js:3587
[   64521ms] [WARNING] WebGL: INVALID_OPERATION: bindTexture: object does not belong to this context @ http://localhost:3000/_next/static/chunks/node_modules_%40cesium_engine_Source_Renderer_1d3nafh._.js:3587
[   64521ms] [WARNING] WebGL: INVALID_OPERATION: bindTexture: object does not belong to this context @ http://localhost:3000/_next/static/chunks/node_modules_%40cesium_engine_Source_Renderer_1d3nafh._.js:3587
[   64521ms] [WARNING] WebGL: INVALID_OPERATION: bindTexture: object does not belong to this context @ http://localhost:3000/_next/static/chunks/node_modules_%40cesium_engine_Source_Renderer_1d3nafh._.js:3587
[   64521ms] [WARNING] WebGL: INVALID_OPERATION: bindTexture: object does not belong to this context @ http://localhost:3000/_next/static/chunks/node_modules_%40cesium_engine_Source_Renderer_1d3nafh._.js:3587
[   64521ms] [WARNING] WebGL: INVALID_OPERATION: bindTexture: object does not belong to this context @ http://localhost:3000/_next/static/chunks/node_modules_%40cesium_engine_Source_Renderer_1d3nafh._.js:3587
[   64521ms] [WARNING] WebGL: INVALID_OPERATION: bindTexture: object does not belong to this context @ http://localhost:3000/_next/static/chunks/node_modules_%40cesium_engine_Source_Renderer_1d3nafh._.js:3587
[   64521ms] [WARNING] WebGL: INVALID_OPERATION: bindTexture: object does not belong to this context @ http://localhost:3000/_next/static/chunks/node_modules_%40cesium_engine_Source_Renderer_1d3nafh._.js:3587
[   64522ms] [WARNING] WebGL: INVALID_OPERATION: bindTexture: object does not belong to this context @ http://localhost:3000/_next/static/chunks/node_modules_%40cesium_engine_Source_Renderer_1d3nafh._.js:3587
[   64522ms] [WARNING] WebGL: INVALID_OPERATION: bindTexture: object does not belong to this context @ http://localhost:3000/_next/static/chunks/node_modules_%40cesium_engine_Source_Renderer_1d3nafh._.js:3587
[   64522ms] [WARNING] WebGL: INVALID_OPERATION: bindTexture: object does not belong to this context @ http://localhost:3000/_next/static/chunks/node_modules_%40cesium_engine_Source_Renderer_1d3nafh._.js:3587
[   64522ms] [WARNING] WebGL: INVALID_OPERATION: bindTexture: object does not belong to this context @ http://localhost:3000/_next/static/chunks/node_modules_%40cesium_engine_Source_Renderer_1d3nafh._.js:3587
[   64522ms] [WARNING] WebGL: INVALID_OPERATION: bindTexture: object does not belong to this context @ http://localhost:3000/_next/static/chunks/node_modules_%40cesium_engine_Source_Renderer_1d3nafh._.js:3587
[   64528ms] [WARNING] WebGL: INVALID_OPERATION: bindTexture: object does not belong to this context @ http://localhost:3000/_next/static/chunks/node_modules_%40cesium_engine_Source_Renderer_1d3nafh._.js:3587
[   64529ms] [WARNING] WebGL: INVALID_OPERATION: bindTexture: object does not belong to this context @ http://localhost:3000/_next/static/chunks/node_modules_%40cesium_engine_Source_Renderer_1d3nafh._.js:3587
[   64529ms] [WARNING] WebGL: INVALID_OPERATION: bindTexture: object does not belong to this context @ http://localhost:3000/_next/static/chunks/node_modules_%40cesium_engine_Source_Renderer_1d3nafh._.js:3587
[   64529ms] [WARNING] WebGL: INVALID_OPERATION: bindTexture: object does not belong to this context @ http://localhost:3000/_next/static/chunks/node_modules_%40cesium_engine_Source_Renderer_1d3nafh._.js:3587
[   64529ms] [WARNING] WebGL: INVALID_OPERATION: bindTexture: object does not belong to this context @ http://localhost:3000/_next/static/chunks/node_modules_%40cesium_engine_Source_Renderer_1d3nafh._.js:3587
[   64529ms] [WARNING] WebGL: INVALID_OPERATION: bindTexture: object does not belong to this context @ http://localhost:3000/_next/static/chunks/node_modules_%40cesium_engine_Source_Renderer_1d3nafh._.js:3587
[   64529ms] [WARNING] WebGL: INVALID_OPERATION: bindTexture: object does not belong to this context @ http://localhost:3000/_next/static/chunks/node_modules_%40cesium_engine_Source_Renderer_1d3nafh._.js:3587
[   64529ms] [WARNING] WebGL: INVALID_OPERATION: bindTexture: object does not belong to this context @ http://localhost:3000/_next/static/chunks/node_modules_%40cesium_engine_Source_Renderer_1d3nafh._.js:3587
[   64529ms] [WARNING] WebGL: INVALID_OPERATION: bindTexture: object does not belong to this context @ http://localhost:3000/_next/static/chunks/node_modules_%40cesium_engine_Source_Renderer_1d3nafh._.js:3587
[   64529ms] [WARNING] WebGL: INVALID_OPERATION: bindTexture: object does not belong to this context @ http://localhost:3000/_next/static/chunks/node_modules_%40cesium_engine_Source_Renderer_1d3nafh._.js:3587
[   64529ms] [WARNING] WebGL: INVALID_OPERATION: bindTexture: object does not belong to this context @ http://localhost:3000/_next/static/chunks/node_modules_%40cesium_engine_Source_Renderer_1d3nafh._.js:3587
[   64529ms] [WARNING] WebGL: INVALID_OPERATION: bindTexture: object does not belong to this context @ http://localhost:3000/_next/static/chunks/node_modules_%40cesium_engine_Source_Renderer_1d3nafh._.js:3587
[   64529ms] [WARNING] WebGL: INVALID_OPERATION: bindTexture: object does not belong to this context @ http://localhost:3000/_next/static/chunks/node_modules_%40cesium_engine_Source_Renderer_1d3nafh._.js:3587
[   64529ms] [WARNING] WebGL: INVALID_OPERATION: bindTexture: object does not belong to this context @ http://localhost:3000/_next/static/chunks/node_modules_%40cesium_engine_Source_Renderer_1d3nafh._.js:3587
[   64529ms] [WARNING] WebGL: INVALID_OPERATION: bindTexture: object does not belong to this context @ http://localhost:3000/_next/static/chunks/node_modules_%40cesium_engine_Source_Renderer_1d3nafh._.js:3587
[   64529ms] [WARNING] WebGL: INVALID_OPERATION: bindTexture: object does not belong to this context @ http://localhost:3000/_next/static/chunks/node_modules_%40cesium_engine_Source_Renderer_1d3nafh._.js:3587
[   64529ms] [WARNING] WebGL: INVALID_OPERATION: bindTexture: object does not belong to this context @ http://localhost:3000/_next/static/chunks/node_modules_%40cesium_engine_Source_Renderer_1d3nafh._.js:3587
[   64529ms] [WARNING] WebGL: INVALID_OPERATION: bindTexture: object does not belong to this context @ http://localhost:3000/_next/static/chunks/node_modules_%40cesium_engine_Source_Renderer_1d3nafh._.js:3587
[   64529ms] [WARNING] WebGL: INVALID_OPERATION: bindTexture: object does not belong to this context @ http://localhost:3000/_next/static/chunks/node_modules_%40cesium_engine_Source_Renderer_1d3nafh._.js:3587
[   64529ms] [WARNING] WebGL: INVALID_OPERATION: bindTexture: object does not belong to this context @ http://localhost:3000/_next/static/chunks/node_modules_%40cesium_engine_Source_Renderer_1d3nafh._.js:3587
[   64529ms] [WARNING] WebGL: INVALID_OPERATION: bindTexture: object does not belong to this context @ http://localhost:3000/_next/static/chunks/node_modules_%40cesium_engine_Source_Renderer_1d3nafh._.js:3587
[   64529ms] [WARNING] WebGL: INVALID_OPERATION: bindTexture: object does not belong to this context @ http://localhost:3000/_next/static/chunks/node_modules_%40cesium_engine_Source_Renderer_1d3nafh._.js:3587
[   64530ms] [WARNING] WebGL: INVALID_OPERATION: bindTexture: object does not belong to this context @ http://localhost:3000/_next/static/chunks/node_modules_%40cesium_engine_Source_Renderer_1d3nafh._.js:3587
[   64530ms] [WARNING] WebGL: INVALID_OPERATION: bindTexture: object does not belong to this context @ http://localhost:3000/_next/static/chunks/node_modules_%40cesium_engine_Source_Renderer_1d3nafh._.js:3587
[   64530ms] [WARNING] WebGL: INVALID_OPERATION: bindTexture: object does not belong to this context @ http://localhost:3000/_next/static/chunks/node_modules_%40cesium_engine_Source_Renderer_1d3nafh._.js:3587
[   64530ms] [WARNING] WebGL: INVALID_OPERATION: bindTexture: object does not belong to this context @ http://localhost:3000/_next/static/chunks/node_modules_%40cesium_engine_Source_Renderer_1d3nafh._.js:3587
[   64530ms] [WARNING] WebGL: INVALID_OPERATION: bindTexture: object does not belong to this context @ http://localhost:3000/_next/static/chunks/node_modules_%40cesium_engine_Source_Renderer_1d3nafh._.js:3587
[   64530ms] [WARNING] WebGL: INVALID_OPERATION: bindTexture: object does not belong to this context @ http://localhost:3000/_next/static/chunks/node_modules_%40cesium_engine_Source_Renderer_1d3nafh._.js:3587
[   64530ms] [WARNING] WebGL: INVALID_OPERATION: bindTexture: object does not belong to this context @ http://localhost:3000/_next/static/chunks/node_modules_%40cesium_engine_Source_Renderer_1d3nafh._.js:3587
[   64530ms] [WARNING] WebGL: INVALID_OPERATION: bindTexture: object does not belong to this context @ http://localhost:3000/_next/static/chunks/node_modules_%40cesium_engine_Source_Renderer_1d3nafh._.js:3587
[   64550ms] [WARNING] WebGL: INVALID_OPERATION: bindTexture: object does not belong to this context @ http://localhost:3000/_next/static/chunks/node_modules_%40cesium_engine_Source_Renderer_1d3nafh._.js:3587
[   64550ms] [WARNING] WebGL: INVALID_OPERATION: bindTexture: object does not belong to this context @ http://localhost:3000/_next/static/chunks/node_modules_%40cesium_engine_Source_Renderer_1d3nafh._.js:3587
[   64550ms] [WARNING] WebGL: INVALID_OPERATION: bindTexture: object does not belong to this context @ http://localhost:3000/_next/static/chunks/node_modules_%40cesium_engine_Source_Renderer_1d3nafh._.js:3587
[   64550ms] [WARNING] WebGL: INVALID_OPERATION: bindTexture: object does not belong to this context @ http://localhost:3000/_next/static/chunks/node_modules_%40cesium_engine_Source_Renderer_1d3nafh._.js:3587
[   64551ms] [WARNING] WebGL: INVALID_OPERATION: bindTexture: object does not belong to this context @ http://localhost:3000/_next/static/chunks/node_modules_%40cesium_engine_Source_Renderer_1d3nafh._.js:3587
[   64551ms] [WARNING] WebGL: INVALID_OPERATION: bindTexture: object does not belong to this context @ http://localhost:3000/_next/static/chunks/node_modules_%40cesium_engine_Source_Renderer_1d3nafh._.js:3587
[   64551ms] [WARNING] WebGL: INVALID_OPERATION: bindTexture: object does not belong to this context @ http://localhost:3000/_next/static/chunks/node_modules_%40cesium_engine_Source_Renderer_1d3nafh._.js:3587
[   64551ms] [WARNING] WebGL: INVALID_OPERATION: bindTexture: object does not belong to this context @ http://localhost:3000/_next/static/chunks/node_modules_%40cesium_engine_Source_Renderer_1d3nafh._.js:3587
[   64551ms] [WARNING] WebGL: INVALID_OPERATION: bindTexture: object does not belong to this context @ http://localhost:3000/_next/static/chunks/node_modules_%40cesium_engine_Source_Renderer_1d3nafh._.js:3587
[   64551ms] [WARNING] WebGL: INVALID_OPERATION: bindTexture: object does not belong to this context @ http://localhost:3000/_next/static/chunks/node_modules_%40cesium_engine_Source_Renderer_1d3nafh._.js:3587
[   64551ms] [WARNING] WebGL: INVALID_OPERATION: bindTexture: object does not belong to this context @ http://localhost:3000/_next/static/chunks/node_modules_%40cesium_engine_Source_Renderer_1d3nafh._.js:3587
[   64551ms] [WARNING] WebGL: INVALID_OPERATION: bindTexture: object does not belong to this context @ http://localhost:3000/_next/static/chunks/node_modules_%40cesium_engine_Source_Renderer_1d3nafh._.js:3587
[   64551ms] [WARNING] WebGL: INVALID_OPERATION: bindTexture: object does not belong to this context @ http://localhost:3000/_next/static/chunks/node_modules_%40cesium_engine_Source_Renderer_1d3nafh._.js:3587
[   64551ms] [WARNING] WebGL: INVALID_OPERATION: bindTexture: object does not belong to this context @ http://localhost:3000/_next/static/chunks/node_modules_%40cesium_engine_Source_Renderer_1d3nafh._.js:3587
[   64552ms] [WARNING] WebGL: INVALID_OPERATION: bindTexture: object does not belong to this context @ http://localhost:3000/_next/static/chunks/node_modules_%40cesium_engine_Source_Renderer_1d3nafh._.js:3587
[   64552ms] [WARNING] WebGL: INVALID_OPERATION: bindTexture: object does not belong to this context @ http://localhost:3000/_next/static/chunks/node_modules_%40cesium_engine_Source_Renderer_1d3nafh._.js:3587
[   64552ms] [WARNING] WebGL: INVALID_OPERATION: bindTexture: object does not belong to this context @ http://localhost:3000/_next/static/chunks/node_modules_%40cesium_engine_Source_Renderer_1d3nafh._.js:3587
[   64552ms] [WARNING] WebGL: INVALID_OPERATION: bindTexture: object does not belong to this context @ http://localhost:3000/_next/static/chunks/node_modules_%40cesium_engine_Source_Renderer_1d3nafh._.js:3587
[   64552ms] [WARNING] WebGL: INVALID_OPERATION: bindTexture: object does not belong to this context @ http://localhost:3000/_next/static/chunks/node_modules_%40cesium_engine_Source_Renderer_1d3nafh._.js:3587
[   64552ms] [WARNING] WebGL: INVALID_OPERATION: bindTexture: object does not belong to this context @ http://localhost:3000/_next/static/chunks/node_modules_%40cesium_engine_Source_Renderer_1d3nafh._.js:3587
[   64552ms] [WARNING] WebGL: INVALID_OPERATION: bindTexture: object does not belong to this context @ http://localhost:3000/_next/static/chunks/node_modules_%40cesium_engine_Source_Renderer_1d3nafh._.js:3587
[   64552ms] [WARNING] WebGL: INVALID_OPERATION: bindTexture: object does not belong to this context @ http://localhost:3000/_next/static/chunks/node_modules_%40cesium_engine_Source_Renderer_1d3nafh._.js:3587
[   64553ms] [WARNING] WebGL: INVALID_OPERATION: bindTexture: object does not belong to this context @ http://localhost:3000/_next/static/chunks/node_modules_%40cesium_engine_Source_Renderer_1d3nafh._.js:3587
[   64553ms] [WARNING] WebGL: INVALID_OPERATION: bindTexture: object does not belong to this context @ http://localhost:3000/_next/static/chunks/node_modules_%40cesium_engine_Source_Renderer_1d3nafh._.js:3587
[   64553ms] [WARNING] WebGL: INVALID_OPERATION: bindTexture: object does not belong to this context @ http://localhost:3000/_next/static/chunks/node_modules_%40cesium_engine_Source_Renderer_1d3nafh._.js:3587
[   64553ms] [WARNING] WebGL: INVALID_OPERATION: bindTexture: object does not belong to this context @ http://localhost:3000/_next/static/chunks/node_modules_%40cesium_engine_Source_Renderer_1d3nafh._.js:3587
[   64553ms] [WARNING] WebGL: INVALID_OPERATION: bindTexture: object does not belong to this context @ http://localhost:3000/_next/static/chunks/node_modules_%40cesium_engine_Source_Renderer_1d3nafh._.js:3587
[   64553ms] [WARNING] WebGL: INVALID_OPERATION: bindTexture: object does not belong to this context @ http://localhost:3000/_next/static/chunks/node_modules_%40cesium_engine_Source_Renderer_1d3nafh._.js:3587
[   64553ms] [WARNING] WebGL: INVALID_OPERATION: bindTexture: object does not belong to this context @ http://localhost:3000/_next/static/chunks/node_modules_%40cesium_engine_Source_Renderer_1d3nafh._.js:3587
[   64553ms] [WARNING] WebGL: INVALID_OPERATION: bindTexture: object does not belong to this context @ http://localhost:3000/_next/static/chunks/node_modules_%40cesium_engine_Source_Renderer_1d3nafh._.js:3587
[   64565ms] [WARNING] WebGL: INVALID_OPERATION: bindTexture: object does not belong to this context @ http://localhost:3000/_next/static/chunks/node_modules_%40cesium_engine_Source_Renderer_1d3nafh._.js:3587
[   64565ms] [WARNING] WebGL: INVALID_OPERATION: bindTexture: object does not belong to this context @ http://localhost:3000/_next/static/chunks/node_modules_%40cesium_engine_Source_Renderer_1d3nafh._.js:3587
[   64565ms] [WARNING] WebGL: INVALID_OPERATION: bindTexture: object does not belong to this context @ http://localhost:3000/_next/static/chunks/node_modules_%40cesium_engine_Source_Renderer_1d3nafh._.js:3587
[   64565ms] [WARNING] WebGL: INVALID_OPERATION: bindTexture: object does not belong to this context @ http://localhost:3000/_next/static/chunks/node_modules_%40cesium_engine_Source_Renderer_1d3nafh._.js:3587
[   64565ms] [WARNING] WebGL: INVALID_OPERATION: bindTexture: object does not belong to this context @ http://localhost:3000/_next/static/chunks/node_modules_%40cesium_engine_Source_Renderer_1d3nafh._.js:3587
[   64565ms] [WARNING] WebGL: INVALID_OPERATION: bindTexture: object does not belong to this context @ http://localhost:3000/_next/static/chunks/node_modules_%40cesium_engine_Source_Renderer_1d3nafh._.js:3587
[   64565ms] [WARNING] WebGL: INVALID_OPERATION: bindTexture: object does not belong to this context @ http://localhost:3000/_next/static/chunks/node_modules_%40cesium_engine_Source_Renderer_1d3nafh._.js:3587
[   64565ms] [WARNING] WebGL: INVALID_OPERATION: bindTexture: object does not belong to this context @ http://localhost:3000/_next/static/chunks/node_modules_%40cesium_engine_Source_Renderer_1d3nafh._.js:3587
[   64565ms] [WARNING] WebGL: INVALID_OPERATION: bindTexture: object does not belong to this context @ http://localhost:3000/_next/static/chunks/node_modules_%40cesium_engine_Source_Renderer_1d3nafh._.js:3587
[   64565ms] [WARNING] WebGL: INVALID_OPERATION: bindTexture: object does not belong to this context @ http://localhost:3000/_next/static/chunks/node_modules_%40cesium_engine_Source_Renderer_1d3nafh._.js:3587
[   64565ms] [WARNING] WebGL: INVALID_OPERATION: bindTexture: object does not belong to this context @ http://localhost:3000/_next/static/chunks/node_modules_%40cesium_engine_Source_Renderer_1d3nafh._.js:3587
[   64565ms] [WARNING] WebGL: INVALID_OPERATION: bindTexture: object does not belong to this context @ http://localhost:3000/_next/static/chunks/node_modules_%40cesium_engine_Source_Renderer_1d3nafh._.js:3587
[   64565ms] [WARNING] WebGL: INVALID_OPERATION: bindTexture: object does not belong to this context @ http://localhost:3000/_next/static/chunks/node_modules_%40cesium_engine_Source_Renderer_1d3nafh._.js:3587
[   64565ms] [WARNING] WebGL: INVALID_OPERATION: bindTexture: object does not belong to this context @ http://localhost:3000/_next/static/chunks/node_modules_%40cesium_engine_Source_Renderer_1d3nafh._.js:3587
[   64565ms] [WARNING] WebGL: INVALID_OPERATION: bindTexture: object does not belong to this context @ http://localhost:3000/_next/static/chunks/node_modules_%40cesium_engine_Source_Renderer_1d3nafh._.js:3587
[   64565ms] [WARNING] WebGL: INVALID_OPERATION: bindTexture: object does not belong to this context @ http://localhost:3000/_next/static/chunks/node_modules_%40cesium_engine_Source_Renderer_1d3nafh._.js:3587
[   64566ms] [WARNING] WebGL: INVALID_OPERATION: bindTexture: object does not belong to this context @ http://localhost:3000/_next/static/chunks/node_modules_%40cesium_engine_Source_Renderer_1d3nafh._.js:3587
[   64566ms] [WARNING] WebGL: INVALID_OPERATION: bindTexture: object does not belong to this context @ http://localhost:3000/_next/static/chunks/node_modules_%40cesium_engine_Source_Renderer_1d3nafh._.js:3587
[   64566ms] [WARNING] WebGL: INVALID_OPERATION: bindTexture: object does not belong to this context @ http://localhost:3000/_next/static/chunks/node_modules_%40cesium_engine_Source_Renderer_1d3nafh._.js:3587
[   64566ms] [WARNING] WebGL: INVALID_OPERATION: bindTexture: object does not belong to this context @ http://localhost:3000/_next/static/chunks/node_modules_%40cesium_engine_Source_Renderer_1d3nafh._.js:3587
[   64566ms] [WARNING] WebGL: INVALID_OPERATION: bindTexture: object does not belong to this context @ http://localhost:3000/_next/static/chunks/node_modules_%40cesium_engine_Source_Renderer_1d3nafh._.js:3587
[   64566ms] [WARNING] WebGL: INVALID_OPERATION: bindTexture: object does not belong to this context @ http://localhost:3000/_next/static/chunks/node_modules_%40cesium_engine_Source_Renderer_1d3nafh._.js:3587
[   64566ms] [WARNING] WebGL: INVALID_OPERATION: bindTexture: object does not belong to this context @ http://localhost:3000/_next/static/chunks/node_modules_%40cesium_engine_Source_Renderer_1d3nafh._.js:3587
[   64566ms] [WARNING] WebGL: INVALID_OPERATION: bindTexture: object does not belong to this context @ http://localhost:3000/_next/static/chunks/node_modules_%40cesium_engine_Source_Renderer_1d3nafh._.js:3587
[   64566ms] [WARNING] WebGL: INVALID_OPERATION: bindTexture: object does not belong to this context @ http://localhost:3000/_next/static/chunks/node_modules_%40cesium_engine_Source_Renderer_1d3nafh._.js:3587
[   64566ms] [WARNING] WebGL: INVALID_OPERATION: bindTexture: object does not belong to this context @ http://localhost:3000/_next/static/chunks/node_modules_%40cesium_engine_Source_Renderer_1d3nafh._.js:3587
[   64566ms] [WARNING] WebGL: INVALID_OPERATION: bindTexture: object does not belong to this context @ http://localhost:3000/_next/static/chunks/node_modules_%40cesium_engine_Source_Renderer_1d3nafh._.js:3587
[   64566ms] [WARNING] WebGL: INVALID_OPERATION: bindTexture: object does not belong to this context @ http://localhost:3000/_next/static/chunks/node_modules_%40cesium_engine_Source_Renderer_1d3nafh._.js:3587
[   64566ms] [WARNING] WebGL: INVALID_OPERATION: bindTexture: object does not belong to this context @ http://localhost:3000/_next/static/chunks/node_modules_%40cesium_engine_Source_Renderer_1d3nafh._.js:3587
[   64566ms] [WARNING] WebGL: INVALID_OPERATION: bindTexture: object does not belong to this context @ http://localhost:3000/_next/static/chunks/node_modules_%40cesium_engine_Source_Renderer_1d3nafh._.js:3587
[   64586ms] [WARNING] WebGL: INVALID_OPERATION: bindTexture: object does not belong to this context @ http://localhost:3000/_next/static/chunks/node_modules_%40cesium_engine_Source_Renderer_1d3nafh._.js:3587
[   64586ms] [WARNING] WebGL: INVALID_OPERATION: bindTexture: object does not belong to this context @ http://localhost:3000/_next/static/chunks/node_modules_%40cesium_engine_Source_Renderer_1d3nafh._.js:3587
[   64586ms] [WARNING] WebGL: INVALID_OPERATION: bindTexture: object does not belong to this context @ http://localhost:3000/_next/static/chunks/node_modules_%40cesium_engine_Source_Renderer_1d3nafh._.js:3587
[   64586ms] [WARNING] WebGL: INVALID_OPERATION: bindTexture: object does not belong to this context @ http://localhost:3000/_next/static/chunks/node_modules_%40cesium_engine_Source_Renderer_1d3nafh._.js:3587
[   64586ms] [WARNING] WebGL: INVALID_OPERATION: bindTexture: object does not belong to this context @ http://localhost:3000/_next/static/chunks/node_modules_%40cesium_engine_Source_Renderer_1d3nafh._.js:3587
[   64587ms] [WARNING] WebGL: INVALID_OPERATION: bindTexture: object does not belong to this context @ http://localhost:3000/_next/static/chunks/node_modules_%40cesium_engine_Source_Renderer_1d3nafh._.js:3587
[   64587ms] [WARNING] WebGL: INVALID_OPERATION: bindTexture: object does not belong to this context @ http://localhost:3000/_next/static/chunks/node_modules_%40cesium_engine_Source_Renderer_1d3nafh._.js:3587
[   64587ms] [WARNING] WebGL: INVALID_OPERATION: bindTexture: object does not belong to this context @ http://localhost:3000/_next/static/chunks/node_modules_%40cesium_engine_Source_Renderer_1d3nafh._.js:3587
[   64587ms] [WARNING] WebGL: INVALID_OPERATION: bindTexture: object does not belong to this context @ http://localhost:3000/_next/static/chunks/node_modules_%40cesium_engine_Source_Renderer_1d3nafh._.js:3587
[   64587ms] [WARNING] WebGL: INVALID_OPERATION: bindTexture: object does not belong to this context @ http://localhost:3000/_next/static/chunks/node_modules_%40cesium_engine_Source_Renderer_1d3nafh._.js:3587
[   64587ms] [WARNING] WebGL: INVALID_OPERATION: bindTexture: object does not belong to this context @ http://localhost:3000/_next/static/chunks/node_modules_%40cesium_engine_Source_Renderer_1d3nafh._.js:3587
[   64587ms] [WARNING] WebGL: INVALID_OPERATION: bindTexture: object does not belong to this context @ http://localhost:3000/_next/static/chunks/node_modules_%40cesium_engine_Source_Renderer_1d3nafh._.js:3587
[   64587ms] [WARNING] WebGL: INVALID_OPERATION: bindTexture: object does not belong to this context @ http://localhost:3000/_next/static/chunks/node_modules_%40cesium_engine_Source_Renderer_1d3nafh._.js:3587
[   64587ms] [WARNING] WebGL: INVALID_OPERATION: bindTexture: object does not belong to this context @ http://localhost:3000/_next/static/chunks/node_modules_%40cesium_engine_Source_Renderer_1d3nafh._.js:3587
[   64587ms] [WARNING] WebGL: INVALID_OPERATION: bindTexture: object does not belong to this context @ http://localhost:3000/_next/static/chunks/node_modules_%40cesium_engine_Source_Renderer_1d3nafh._.js:3587
[   64587ms] [WARNING] WebGL: INVALID_OPERATION: bindTexture: object does not belong to this context @ http://localhost:3000/_next/static/chunks/node_modules_%40cesium_engine_Source_Renderer_1d3nafh._.js:3587
[   64588ms] [WARNING] WebGL: INVALID_OPERATION: bindTexture: object does not belong to this context @ http://localhost:3000/_next/static/chunks/node_modules_%40cesium_engine_Source_Renderer_1d3nafh._.js:3587
[   64588ms] [WARNING] WebGL: INVALID_OPERATION: bindTexture: object does not belong to this context @ http://localhost:3000/_next/static/chunks/node_modules_%40cesium_engine_Source_Renderer_1d3nafh._.js:3587
[   64588ms] [WARNING] WebGL: INVALID_OPERATION: bindTexture: object does not belong to this context @ http://localhost:3000/_next/static/chunks/node_modules_%40cesium_engine_Source_Renderer_1d3nafh._.js:3587
[   64588ms] [WARNING] WebGL: INVALID_OPERATION: bindTexture: object does not belong to this context @ http://localhost:3000/_next/static/chunks/node_modules_%40cesium_engine_Source_Renderer_1d3nafh._.js:3587
[   64588ms] [WARNING] WebGL: INVALID_OPERATION: bindTexture: object does not belong to this context @ http://localhost:3000/_next/static/chunks/node_modules_%40cesium_engine_Source_Renderer_1d3nafh._.js:3587
[   64588ms] [WARNING] WebGL: INVALID_OPERATION: bindTexture: object does not belong to this context @ http://localhost:3000/_next/static/chunks/node_modules_%40cesium_engine_Source_Renderer_1d3nafh._.js:3587
[   64588ms] [WARNING] WebGL: INVALID_OPERATION: bindTexture: object does not belong to this context @ http://localhost:3000/_next/static/chunks/node_modules_%40cesium_engine_Source_Renderer_1d3nafh._.js:3587
[   64588ms] [WARNING] WebGL: INVALID_OPERATION: bindTexture: object does not belong to this context @ http://localhost:3000/_next/static/chunks/node_modules_%40cesium_engine_Source_Renderer_1d3nafh._.js:3587
[   64588ms] [WARNING] WebGL: INVALID_OPERATION: bindTexture: object does not belong to this context @ http://localhost:3000/_next/static/chunks/node_modules_%40cesium_engine_Source_Renderer_1d3nafh._.js:3587
[   64588ms] [WARNING] WebGL: INVALID_OPERATION: bindTexture: object does not belong to this context @ http://localhost:3000/_next/static/chunks/node_modules_%40cesium_engine_Source_Renderer_1d3nafh._.js:3587
[   64588ms] [WARNING] WebGL: INVALID_OPERATION: bindTexture: object does not belong to this context @ http://localhost:3000/_next/static/chunks/node_modules_%40cesium_engine_Source_Renderer_1d3nafh._.js:3587
[   64588ms] [WARNING] WebGL: INVALID_OPERATION: bindTexture: object does not belong to this context @ http://localhost:3000/_next/static/chunks/node_modules_%40cesium_engine_Source_Renderer_1d3nafh._.js:3587
[   64589ms] [WARNING] WebGL: INVALID_OPERATION: bindTexture: object does not belong to this context @ http://localhost:3000/_next/static/chunks/node_modules_%40cesium_engine_Source_Renderer_1d3nafh._.js:3587
[   64589ms] [WARNING] WebGL: INVALID_OPERATION: bindTexture: object does not belong to this context @ http://localhost:3000/_next/static/chunks/node_modules_%40cesium_engine_Source_Renderer_1d3nafh._.js:3587
[   64602ms] [WARNING] WebGL: INVALID_OPERATION: bindTexture: object does not belong to this context @ http://localhost:3000/_next/static/chunks/node_modules_%40cesium_engine_Source_Renderer_1d3nafh._.js:3587
[   64602ms] [WARNING] WebGL: INVALID_OPERATION: bindTexture: object does not belong to this context @ http://localhost:3000/_next/static/chunks/node_modules_%40cesium_engine_Source_Renderer_1d3nafh._.js:3587
[   64602ms] [WARNING] WebGL: INVALID_OPERATION: bindTexture: object does not belong to this context @ http://localhost:3000/_next/static/chunks/node_modules_%40cesium_engine_Source_Renderer_1d3nafh._.js:3587
[   64602ms] [WARNING] WebGL: INVALID_OPERATION: bindTexture: object does not belong to this context @ http://localhost:3000/_next/static/chunks/node_modules_%40cesium_engine_Source_Renderer_1d3nafh._.js:3587
[   64603ms] [WARNING] WebGL: INVALID_OPERATION: bindTexture: object does not belong to this context @ http://localhost:3000/_next/static/chunks/node_modules_%40cesium_engine_Source_Renderer_1d3nafh._.js:3587
[   64603ms] [WARNING] WebGL: INVALID_OPERATION: bindTexture: object does not belong to this context @ http://localhost:3000/_next/static/chunks/node_modules_%40cesium_engine_Source_Renderer_1d3nafh._.js:3587
[   64603ms] [WARNING] WebGL: INVALID_OPERATION: bindTexture: object does not belong to this context @ http://localhost:3000/_next/static/chunks/node_modules_%40cesium_engine_Source_Renderer_1d3nafh._.js:3587
[   64603ms] [WARNING] WebGL: INVALID_OPERATION: bindTexture: object does not belong to this context @ http://localhost:3000/_next/static/chunks/node_modules_%40cesium_engine_Source_Renderer_1d3nafh._.js:3587
[   64603ms] [WARNING] WebGL: INVALID_OPERATION: bindTexture: object does not belong to this context @ http://localhost:3000/_next/static/chunks/node_modules_%40cesium_engine_Source_Renderer_1d3nafh._.js:3587
[   64603ms] [WARNING] WebGL: INVALID_OPERATION: bindTexture: object does not belong to this context @ http://localhost:3000/_next/static/chunks/node_modules_%40cesium_engine_Source_Renderer_1d3nafh._.js:3587
[   64603ms] [WARNING] WebGL: INVALID_OPERATION: bindTexture: object does not belong to this context @ http://localhost:3000/_next/static/chunks/node_modules_%40cesium_engine_Source_Renderer_1d3nafh._.js:3587
[   64603ms] [WARNING] WebGL: INVALID_OPERATION: bindTexture: object does not belong to this context @ http://localhost:3000/_next/static/chunks/node_modules_%40cesium_engine_Source_Renderer_1d3nafh._.js:3587
[   64603ms] [WARNING] WebGL: INVALID_OPERATION: bindTexture: object does not belong to this context @ http://localhost:3000/_next/static/chunks/node_modules_%40cesium_engine_Source_Renderer_1d3nafh._.js:3587
[   64603ms] [WARNING] WebGL: INVALID_OPERATION: bindTexture: object does not belong to this context @ http://localhost:3000/_next/static/chunks/node_modules_%40cesium_engine_Source_Renderer_1d3nafh._.js:3587
[   64603ms] [WARNING] WebGL: INVALID_OPERATION: bindTexture: object does not belong to this context @ http://localhost:3000/_next/static/chunks/node_modules_%40cesium_engine_Source_Renderer_1d3nafh._.js:3587
[   64603ms] [WARNING] WebGL: INVALID_OPERATION: bindTexture: object does not belong to this context @ http://localhost:3000/_next/static/chunks/node_modules_%40cesium_engine_Source_Renderer_1d3nafh._.js:3587
[   64603ms] [WARNING] WebGL: INVALID_OPERATION: bindTexture: object does not belong to this context @ http://localhost:3000/_next/static/chunks/node_modules_%40cesium_engine_Source_Renderer_1d3nafh._.js:3587
[   64603ms] [WARNING] WebGL: INVALID_OPERATION: bindTexture: object does not belong to this context @ http://localhost:3000/_next/static/chunks/node_modules_%40cesium_engine_Source_Renderer_1d3nafh._.js:3587
[   64604ms] [WARNING] WebGL: INVALID_OPERATION: bindTexture: object does not belong to this context @ http://localhost:3000/_next/static/chunks/node_modules_%40cesium_engine_Source_Renderer_1d3nafh._.js:3587
[   64604ms] [WARNING] WebGL: INVALID_OPERATION: bindTexture: object does not belong to this context @ http://localhost:3000/_next/static/chunks/node_modules_%40cesium_engine_Source_Renderer_1d3nafh._.js:3587
[   64604ms] [WARNING] WebGL: INVALID_OPERATION: bindTexture: object does not belong to this context @ http://localhost:3000/_next/static/chunks/node_modules_%40cesium_engine_Source_Renderer_1d3nafh._.js:3587
[   64604ms] [WARNING] WebGL: INVALID_OPERATION: bindTexture: object does not belong to this context @ http://localhost:3000/_next/static/chunks/node_modules_%40cesium_engine_Source_Renderer_1d3nafh._.js:3587
[   64604ms] [WARNING] WebGL: INVALID_OPERATION: bindTexture: object does not belong to this context @ http://localhost:3000/_next/static/chunks/node_modules_%40cesium_engine_Source_Renderer_1d3nafh._.js:3587
[   64604ms] [WARNING] WebGL: INVALID_OPERATION: bindTexture: object does not belong to this context @ http://localhost:3000/_next/static/chunks/node_modules_%40cesium_engine_Source_Renderer_1d3nafh._.js:3587
[   64604ms] [WARNING] WebGL: INVALID_OPERATION: bindTexture: object does not belong to this context @ http://localhost:3000/_next/static/chunks/node_modules_%40cesium_engine_Source_Renderer_1d3nafh._.js:3587
[   64604ms] [WARNING] WebGL: INVALID_OPERATION: bindTexture: object does not belong to this context @ http://localhost:3000/_next/static/chunks/node_modules_%40cesium_engine_Source_Renderer_1d3nafh._.js:3587
[   64604ms] [WARNING] WebGL: INVALID_OPERATION: bindTexture: object does not belong to this context @ http://localhost:3000/_next/static/chunks/node_modules_%40cesium_engine_Source_Renderer_1d3nafh._.js:3587
[   64605ms] [WARNING] WebGL: INVALID_OPERATION: bindTexture: object does not belong to this context @ http://localhost:3000/_next/static/chunks/node_modules_%40cesium_engine_Source_Renderer_1d3nafh._.js:3587
[   64605ms] [WARNING] WebGL: INVALID_OPERATION: bindTexture: object does not belong to this context @ http://localhost:3000/_next/static/chunks/node_modules_%40cesium_engine_Source_Renderer_1d3nafh._.js:3587
[   64605ms] [WARNING] WebGL: INVALID_OPERATION: bindTexture: object does not belong to this context @ http://localhost:3000/_next/static/chunks/node_modules_%40cesium_engine_Source_Renderer_1d3nafh._.js:3587
[   64622ms] [WARNING] WebGL: INVALID_OPERATION: bindTexture: object does not belong to this context @ http://localhost:3000/_next/static/chunks/node_modules_%40cesium_engine_Source_Renderer_1d3nafh._.js:3587
[   64623ms] [WARNING] WebGL: INVALID_OPERATION: bindTexture: object does not belong to this context @ http://localhost:3000/_next/static/chunks/node_modules_%40cesium_engine_Source_Renderer_1d3nafh._.js:3587
[   64623ms] [WARNING] WebGL: INVALID_OPERATION: bindTexture: object does not belong to this context @ http://localhost:3000/_next/static/chunks/node_modules_%40cesium_engine_Source_Renderer_1d3nafh._.js:3587
[   64623ms] [WARNING] WebGL: INVALID_OPERATION: bindTexture: object does not belong to this context @ http://localhost:3000/_next/static/chunks/node_modules_%40cesium_engine_Source_Renderer_1d3nafh._.js:3587
[   64623ms] [WARNING] WebGL: INVALID_OPERATION: bindTexture: object does not belong to this context @ http://localhost:3000/_next/static/chunks/node_modules_%40cesium_engine_Source_Renderer_1d3nafh._.js:3587
[   64623ms] [WARNING] WebGL: INVALID_OPERATION: bindTexture: object does not belong to this context @ http://localhost:3000/_next/static/chunks/node_modules_%40cesium_engine_Source_Renderer_1d3nafh._.js:3587
[   64623ms] [WARNING] WebGL: INVALID_OPERATION: bindTexture: object does not belong to this context @ http://localhost:3000/_next/static/chunks/node_modules_%40cesium_engine_Source_Renderer_1d3nafh._.js:3587
[   64623ms] [WARNING] WebGL: INVALID_OPERATION: bindTexture: object does not belong to this context @ http://localhost:3000/_next/static/chunks/node_modules_%40cesium_engine_Source_Renderer_1d3nafh._.js:3587
[   64623ms] [WARNING] WebGL: INVALID_OPERATION: bindTexture: object does not belong to this context @ http://localhost:3000/_next/static/chunks/node_modules_%40cesium_engine_Source_Renderer_1d3nafh._.js:3587
[   64623ms] [WARNING] WebGL: INVALID_OPERATION: bindTexture: object does not belong to this context @ http://localhost:3000/_next/static/chunks/node_modules_%40cesium_engine_Source_Renderer_1d3nafh._.js:3587
[   64623ms] [WARNING] WebGL: INVALID_OPERATION: bindTexture: object does not belong to this context @ http://localhost:3000/_next/static/chunks/node_modules_%40cesium_engine_Source_Renderer_1d3nafh._.js:3587
[   64623ms] [WARNING] WebGL: INVALID_OPERATION: bindTexture: object does not belong to this context @ http://localhost:3000/_next/static/chunks/node_modules_%40cesium_engine_Source_Renderer_1d3nafh._.js:3587
[   64623ms] [WARNING] WebGL: INVALID_OPERATION: bindTexture: object does not belong to this context @ http://localhost:3000/_next/static/chunks/node_modules_%40cesium_engine_Source_Renderer_1d3nafh._.js:3587
[   64624ms] [WARNING] WebGL: INVALID_OPERATION: bindTexture: object does not belong to this context @ http://localhost:3000/_next/static/chunks/node_modules_%40cesium_engine_Source_Renderer_1d3nafh._.js:3587
[   64624ms] [WARNING] WebGL: INVALID_OPERATION: bindTexture: object does not belong to this context @ http://localhost:3000/_next/static/chunks/node_modules_%40cesium_engine_Source_Renderer_1d3nafh._.js:3587
[   64624ms] [WARNING] WebGL: INVALID_OPERATION: bindTexture: object does not belong to this context @ http://localhost:3000/_next/static/chunks/node_modules_%40cesium_engine_Source_Renderer_1d3nafh._.js:3587
[   64624ms] [WARNING] WebGL: INVALID_OPERATION: bindTexture: object does not belong to this context @ http://localhost:3000/_next/static/chunks/node_modules_%40cesium_engine_Source_Renderer_1d3nafh._.js:3587
[   64624ms] [WARNING] WebGL: INVALID_OPERATION: bindTexture: object does not belong to this context @ http://localhost:3000/_next/static/chunks/node_modules_%40cesium_engine_Source_Renderer_1d3nafh._.js:3587
[   64624ms] [WARNING] WebGL: INVALID_OPERATION: bindTexture: object does not belong to this context @ http://localhost:3000/_next/static/chunks/node_modules_%40cesium_engine_Source_Renderer_1d3nafh._.js:3587
[   64624ms] [WARNING] WebGL: INVALID_OPERATION: bindTexture: object does not belong to this context @ http://localhost:3000/_next/static/chunks/node_modules_%40cesium_engine_Source_Renderer_1d3nafh._.js:3587
[   64624ms] [WARNING] WebGL: INVALID_OPERATION: bindTexture: object does not belong to this context @ http://localhost:3000/_next/static/chunks/node_modules_%40cesium_engine_Source_Renderer_1d3nafh._.js:3587
[   64624ms] [WARNING] WebGL: INVALID_OPERATION: bindTexture: object does not belong to this context @ http://localhost:3000/_next/static/chunks/node_modules_%40cesium_engine_Source_Renderer_1d3nafh._.js:3587
[   64624ms] [WARNING] WebGL: INVALID_OPERATION: bindTexture: object does not belong to this context @ http://localhost:3000/_next/static/chunks/node_modules_%40cesium_engine_Source_Renderer_1d3nafh._.js:3587
[   64624ms] [WARNING] WebGL: INVALID_OPERATION: bindTexture: object does not belong to this context @ http://localhost:3000/_next/static/chunks/node_modules_%40cesium_engine_Source_Renderer_1d3nafh._.js:3587
[   64624ms] [WARNING] WebGL: INVALID_OPERATION: bindTexture: object does not belong to this context @ http://localhost:3000/_next/static/chunks/node_modules_%40cesium_engine_Source_Renderer_1d3nafh._.js:3587
[   64624ms] [WARNING] WebGL: INVALID_OPERATION: bindTexture: object does not belong to this context @ http://localhost:3000/_next/static/chunks/node_modules_%40cesium_engine_Source_Renderer_1d3nafh._.js:3587
[   64624ms] [WARNING] WebGL: INVALID_OPERATION: bindTexture: object does not belong to this context @ http://localhost:3000/_next/static/chunks/node_modules_%40cesium_engine_Source_Renderer_1d3nafh._.js:3587
[   64624ms] [WARNING] WebGL: INVALID_OPERATION: bindTexture: object does not belong to this context @ http://localhost:3000/_next/static/chunks/node_modules_%40cesium_engine_Source_Renderer_1d3nafh._.js:3587
[   64624ms] [WARNING] WebGL: INVALID_OPERATION: bindTexture: object does not belong to this context @ http://localhost:3000/_next/static/chunks/node_modules_%40cesium_engine_Source_Renderer_1d3nafh._.js:3587
[   64624ms] [WARNING] WebGL: INVALID_OPERATION: bindTexture: object does not belong to this context @ http://localhost:3000/_next/static/chunks/node_modules_%40cesium_engine_Source_Renderer_1d3nafh._.js:3587
[   64638ms] [WARNING] WebGL: INVALID_OPERATION: bindTexture: object does not belong to this context @ http://localhost:3000/_next/static/chunks/node_modules_%40cesium_engine_Source_Renderer_1d3nafh._.js:3587
[   64638ms] [WARNING] WebGL: INVALID_OPERATION: bindTexture: object does not belong to this context @ http://localhost:3000/_next/static/chunks/node_modules_%40cesium_engine_Source_Renderer_1d3nafh._.js:3587
[   64638ms] [WARNING] WebGL: INVALID_OPERATION: bindTexture: object does not belong to this context @ http://localhost:3000/_next/static/chunks/node_modules_%40cesium_engine_Source_Renderer_1d3nafh._.js:3587
[   64638ms] [WARNING] WebGL: INVALID_OPERATION: bindTexture: object does not belong to this context @ http://localhost:3000/_next/static/chunks/node_modules_%40cesium_engine_Source_Renderer_1d3nafh._.js:3587
[   64638ms] [WARNING] WebGL: INVALID_OPERATION: bindTexture: object does not belong to this context @ http://localhost:3000/_next/static/chunks/node_modules_%40cesium_engine_Source_Renderer_1d3nafh._.js:3587
[   64638ms] [WARNING] WebGL: INVALID_OPERATION: bindTexture: object does not belong to this context @ http://localhost:3000/_next/static/chunks/node_modules_%40cesium_engine_Source_Renderer_1d3nafh._.js:3587
[   64638ms] [WARNING] WebGL: INVALID_OPERATION: bindTexture: object does not belong to this context @ http://localhost:3000/_next/static/chunks/node_modules_%40cesium_engine_Source_Renderer_1d3nafh._.js:3587
[   64638ms] [WARNING] WebGL: INVALID_OPERATION: bindTexture: object does not belong to this context @ http://localhost:3000/_next/static/chunks/node_modules_%40cesium_engine_Source_Renderer_1d3nafh._.js:3587
[   64639ms] [WARNING] WebGL: INVALID_OPERATION: bindTexture: object does not belong to this context @ http://localhost:3000/_next/static/chunks/node_modules_%40cesium_engine_Source_Renderer_1d3nafh._.js:3587
[   64639ms] [WARNING] WebGL: INVALID_OPERATION: bindTexture: object does not belong to this context @ http://localhost:3000/_next/static/chunks/node_modules_%40cesium_engine_Source_Renderer_1d3nafh._.js:3587
[   64639ms] [WARNING] WebGL: INVALID_OPERATION: bindTexture: object does not belong to this context @ http://localhost:3000/_next/static/chunks/node_modules_%40cesium_engine_Source_Renderer_1d3nafh._.js:3587
[   64639ms] [WARNING] WebGL: INVALID_OPERATION: bindTexture: object does not belong to this context @ http://localhost:3000/_next/static/chunks/node_modules_%40cesium_engine_Source_Renderer_1d3nafh._.js:3587
[   64639ms] [WARNING] WebGL: INVALID_OPERATION: bindTexture: object does not belong to this context @ http://localhost:3000/_next/static/chunks/node_modules_%40cesium_engine_Source_Renderer_1d3nafh._.js:3587
[   64639ms] [WARNING] WebGL: INVALID_OPERATION: bindTexture: object does not belong to this context @ http://localhost:3000/_next/static/chunks/node_modules_%40cesium_engine_Source_Renderer_1d3nafh._.js:3587
[   64639ms] [WARNING] WebGL: INVALID_OPERATION: bindTexture: object does not belong to this context @ http://localhost:3000/_next/static/chunks/node_modules_%40cesium_engine_Source_Renderer_1d3nafh._.js:3587
[   64639ms] [WARNING] WebGL: INVALID_OPERATION: bindTexture: object does not belong to this context @ http://localhost:3000/_next/static/chunks/node_modules_%40cesium_engine_Source_Renderer_1d3nafh._.js:3587
[   64640ms] [WARNING] WebGL: INVALID_OPERATION: bindTexture: object does not belong to this context @ http://localhost:3000/_next/static/chunks/node_modules_%40cesium_engine_Source_Renderer_1d3nafh._.js:3587
[   64640ms] [WARNING] WebGL: INVALID_OPERATION: bindTexture: object does not belong to this context @ http://localhost:3000/_next/static/chunks/node_modules_%40cesium_engine_Source_Renderer_1d3nafh._.js:3587
[   64640ms] [WARNING] WebGL: too many errors, no more errors will be reported to the console for this context. @ http://localhost:3000/_next/static/chunks/node_modules_%40cesium_engine_Source_Renderer_1d3nafh._.js:3587
