[     218ms] [INFO] %cDownload the React DevTools for a better development experience: https://react.dev/link/react-devtools font-weight:bold @ http://localhost:3000/_next/static/chunks/node_modules_next_dist_1ybzpk2._.js:2489
[     321ms] [LOG] [HMR] connected @ http://localhost:3000/_next/static/chunks/node_modules_next_dist_1ybzpk2._.js:2489
[    4057ms] [WARNING] Warning: <Viewer> is recreated because following read-only props have been updated: contextOptions @ http://localhost:3000/_next/static/chunks/node_modules_next_dist_1ybzpk2._.js:2489
[    4333ms] [WARNING] WebGL: INVALID_OPERATION: bindTexture: object does not belong to this context @ http://localhost:3000/_next/static/chunks/node_modules_%40cesium_engine_Source_Renderer_1d3nafh._.js:3587
[    4333ms] [WARNING] WebGL: INVALID_OPERATION: bindTexture: object does not belong to this context @ http://localhost:3000/_next/static/chunks/node_modules_%40cesium_engine_Source_Renderer_1d3nafh._.js:3587
[    4334ms] [WARNING] WebGL: INVALID_OPERATION: bindTexture: object does not belong to this context @ http://localhost:3000/_next/static/chunks/node_modules_%40cesium_engine_Source_Renderer_1d3nafh._.js:3587
[    4334ms] [WARNING] WebGL: INVALID_OPERATION: bindTexture: object does not belong to this context @ http://localhost:3000/_next/static/chunks/node_modules_%40cesium_engine_Source_Renderer_1d3nafh._.js:3587
[    4398ms] [WARNING] WebGL: INVALID_OPERATION: bindTexture: object does not belong to this context @ http://localhost:3000/_next/static/chunks/node_modules_%40cesium_engine_Source_Renderer_1d3nafh._.js:3587
[    4398ms] [WARNING] WebGL: INVALID_OPERATION: bindTexture: object does not belong to this context @ http://localhost:3000/_next/static/chunks/node_modules_%40cesium_engine_Source_Renderer_1d3nafh._.js:3587
[    4398ms] [WARNING] WebGL: INVALID_OPERATION: bindTexture: object does not belong to this context @ http://localhost:3000/_next/static/chunks/node_modules_%40cesium_engine_Source_Renderer_1d3nafh._.js:3587
[    4399ms] [WARNING] WebGL: INVALID_OPERATION: bindTexture: object does not belong to this context @ http://localhost:3000/_next/static/chunks/node_modules_%40cesium_engine_Source_Renderer_1d3nafh._.js:3587
[    4413ms] [WARNING] WebGL: INVALID_OPERATION: bindTexture: object does not belong to this context @ http://localhost:3000/_next/static/chunks/node_modules_%40cesium_engine_Source_Renderer_1d3nafh._.js:3587
[    4413ms] [WARNING] WebGL: INVALID_OPERATION: bindTexture: object does not belong to this context @ http://localhost:3000/_next/static/chunks/node_modules_%40cesium_engine_Source_Renderer_1d3nafh._.js:3587
[    4413ms] [WARNING] WebGL: INVALID_OPERATION: bindTexture: object does not belong to this context @ http://localhost:3000/_next/static/chunks/node_modules_%40cesium_engine_Source_Renderer_1d3nafh._.js:3587
[    4413ms] [WARNING] WebGL: INVALID_OPERATION: bindTexture: object does not belong to this context @ http://localhost:3000/_next/static/chunks/node_modules_%40cesium_engine_Source_Renderer_1d3nafh._.js:3587
[    4416ms] [WARNING] WebGL: INVALID_OPERATION: bindTexture: object does not belong to this context @ http://localhost:3000/_next/static/chunks/node_modules_%40cesium_engine_Source_Renderer_1d3nafh._.js:3587
[    4416ms] [WARNING] WebGL: INVALID_OPERATION: bindTexture: object does not belong to this context @ http://localhost:3000/_next/static/chunks/node_modules_%40cesium_engine_Source_Renderer_1d3nafh._.js:3587
[    4416ms] [WARNING] WebGL: INVALID_OPERATION: bindTexture: object does not belong to this context @ http://localhost:3000/_next/static/chunks/node_modules_%40cesium_engine_Source_Renderer_1d3nafh._.js:3587
[    4416ms] [WARNING] WebGL: INVALID_OPERATION: bindTexture: object does not belong to this context @ http://localhost:3000/_next/static/chunks/node_modules_%40cesium_engine_Source_Renderer_1d3nafh._.js:3587
[    4429ms] [WARNING] WebGL: INVALID_OPERATION: bindTexture: object does not belong to this context @ http://localhost:3000/_next/static/chunks/node_modules_%40cesium_engine_Source_Renderer_1d3nafh._.js:3587
[    4429ms] [WARNING] WebGL: INVALID_OPERATION: bindTexture: object does not belong to this context @ http://localhost:3000/_next/static/chunks/node_modules_%40cesium_engine_Source_Renderer_1d3nafh._.js:3587
[    4429ms] [WARNING] WebGL: INVALID_OPERATION: bindTexture: object does not belong to this context @ http://localhost:3000/_next/static/chunks/node_modules_%40cesium_engine_Source_Renderer_1d3nafh._.js:3587
[    4429ms] [WARNING] WebGL: INVALID_OPERATION: bindTexture: object does not belong to this context @ http://localhost:3000/_next/static/chunks/node_modules_%40cesium_engine_Source_Renderer_1d3nafh._.js:3587
[    4440ms] [WARNING] WebGL: INVALID_OPERATION: bindTexture: object does not belong to this context @ http://localhost:3000/_next/static/chunks/node_modules_%40cesium_engine_Source_Renderer_1d3nafh._.js:3587
[    4440ms] [WARNING] WebGL: INVALID_OPERATION: bindTexture: object does not belong to this context @ http://localhost:3000/_next/static/chunks/node_modules_%40cesium_engine_Source_Renderer_1d3nafh._.js:3587
[    4441ms] [WARNING] WebGL: INVALID_OPERATION: bindTexture: object does not belong to this context @ http://localhost:3000/_next/static/chunks/node_modules_%40cesium_engine_Source_Renderer_1d3nafh._.js:3587
[    4441ms] [WARNING] WebGL: INVALID_OPERATION: bindTexture: object does not belong to this context @ http://localhost:3000/_next/static/chunks/node_modules_%40cesium_engine_Source_Renderer_1d3nafh._.js:3587
[    4497ms] [WARNING] WebGL: INVALID_OPERATION: bindTexture: object does not belong to this context @ http://localhost:3000/_next/static/chunks/node_modules_%40cesium_engine_Source_Renderer_1d3nafh._.js:3587
[    4497ms] [WARNING] WebGL: INVALID_OPERATION: bindTexture: object does not belong to this context @ http://localhost:3000/_next/static/chunks/node_modules_%40cesium_engine_Source_Renderer_1d3nafh._.js:3587
[    4498ms] [WARNING] WebGL: INVALID_OPERATION: bindTexture: object does not belong to this context @ http://localhost:3000/_next/static/chunks/node_modules_%40cesium_engine_Source_Renderer_1d3nafh._.js:3587
[    4498ms] [WARNING] WebGL: INVALID_OPERATION: bindTexture: object does not belong to this context @ http://localhost:3000/_next/static/chunks/node_modules_%40cesium_engine_Source_Renderer_1d3nafh._.js:3587
[    4498ms] [WARNING] WebGL: INVALID_OPERATION: bindTexture: object does not belong to this context @ http://localhost:3000/_next/static/chunks/node_modules_%40cesium_engine_Source_Renderer_1d3nafh._.js:3587
[    4498ms] [WARNING] WebGL: INVALID_OPERATION: bindTexture: object does not belong to this context @ http://localhost:3000/_next/static/chunks/node_modules_%40cesium_engine_Source_Renderer_1d3nafh._.js:3587
[    4499ms] [WARNING] WebGL: INVALID_OPERATION: bindTexture: object does not belong to this context @ http://localhost:3000/_next/static/chunks/node_modules_%40cesium_engine_Source_Renderer_1d3nafh._.js:3587
[    4499ms] [WARNING] WebGL: INVALID_OPERATION: bindTexture: object does not belong to this context @ http://localhost:3000/_next/static/chunks/node_modules_%40cesium_engine_Source_Renderer_1d3nafh._.js:3587
[    4535ms] [WARNING] WebGL: INVALID_OPERATION: bindTexture: object does not belong to this context @ http://localhost:3000/_next/static/chunks/node_modules_%40cesium_engine_Source_Renderer_1d3nafh._.js:3587
[    4535ms] [WARNING] WebGL: INVALID_OPERATION: bindTexture: object does not belong to this context @ http://localhost:3000/_next/static/chunks/node_modules_%40cesium_engine_Source_Renderer_1d3nafh._.js:3587
[    4535ms] [WARNING] WebGL: INVALID_OPERATION: bindTexture: object does not belong to this context @ http://localhost:3000/_next/static/chunks/node_modules_%40cesium_engine_Source_Renderer_1d3nafh._.js:3587
[    4535ms] [WARNING] WebGL: INVALID_OPERATION: bindTexture: object does not belong to this context @ http://localhost:3000/_next/static/chunks/node_modules_%40cesium_engine_Source_Renderer_1d3nafh._.js:3587
[    4535ms] [WARNING] WebGL: INVALID_OPERATION: bindTexture: object does not belong to this context @ http://localhost:3000/_next/static/chunks/node_modules_%40cesium_engine_Source_Renderer_1d3nafh._.js:3587
[    4535ms] [WARNING] WebGL: INVALID_OPERATION: bindTexture: object does not belong to this context @ http://localhost:3000/_next/static/chunks/node_modules_%40cesium_engine_Source_Renderer_1d3nafh._.js:3587
[    4535ms] [WARNING] WebGL: INVALID_OPERATION: bindTexture: object does not belong to this context @ http://localhost:3000/_next/static/chunks/node_modules_%40cesium_engine_Source_Renderer_1d3nafh._.js:3587
[    4536ms] [WARNING] WebGL: INVALID_OPERATION: bindTexture: object does not belong to this context @ http://localhost:3000/_next/static/chunks/node_modules_%40cesium_engine_Source_Renderer_1d3nafh._.js:3587
[    4536ms] [WARNING] WebGL: INVALID_OPERATION: bindTexture: object does not belong to this context @ http://localhost:3000/_next/static/chunks/node_modules_%40cesium_engine_Source_Renderer_1d3nafh._.js:3587
[    4536ms] [WARNING] WebGL: INVALID_OPERATION: bindTexture: object does not belong to this context @ http://localhost:3000/_next/static/chunks/node_modules_%40cesium_engine_Source_Renderer_1d3nafh._.js:3587
[    4536ms] [WARNING] WebGL: INVALID_OPERATION: bindTexture: object does not belong to this context @ http://localhost:3000/_next/static/chunks/node_modules_%40cesium_engine_Source_Renderer_1d3nafh._.js:3587
[    4536ms] [WARNING] WebGL: INVALID_OPERATION: bindTexture: object does not belong to this context @ http://localhost:3000/_next/static/chunks/node_modules_%40cesium_engine_Source_Renderer_1d3nafh._.js:3587
[    4536ms] [WARNING] WebGL: INVALID_OPERATION: bindTexture: object does not belong to this context @ http://localhost:3000/_next/static/chunks/node_modules_%40cesium_engine_Source_Renderer_1d3nafh._.js:3587
[    4546ms] [WARNING] WebGL: INVALID_OPERATION: bindTexture: object does not belong to this context @ http://localhost:3000/_next/static/chunks/node_modules_%40cesium_engine_Source_Renderer_1d3nafh._.js:3587
[    4546ms] [WARNING] WebGL: INVALID_OPERATION: bindTexture: object does not belong to this context @ http://localhost:3000/_next/static/chunks/node_modules_%40cesium_engine_Source_Renderer_1d3nafh._.js:3587
[    4546ms] [WARNING] WebGL: INVALID_OPERATION: bindTexture: object does not belong to this context @ http://localhost:3000/_next/static/chunks/node_modules_%40cesium_engine_Source_Renderer_1d3nafh._.js:3587
[    4546ms] [WARNING] WebGL: INVALID_OPERATION: bindTexture: object does not belong to this context @ http://localhost:3000/_next/static/chunks/node_modules_%40cesium_engine_Source_Renderer_1d3nafh._.js:3587
[    4546ms] [WARNING] WebGL: INVALID_OPERATION: bindTexture: object does not belong to this context @ http://localhost:3000/_next/static/chunks/node_modules_%40cesium_engine_Source_Renderer_1d3nafh._.js:3587
[    4546ms] [WARNING] WebGL: INVALID_OPERATION: bindTexture: object does not belong to this context @ http://localhost:3000/_next/static/chunks/node_modules_%40cesium_engine_Source_Renderer_1d3nafh._.js:3587
[    4546ms] [WARNING] WebGL: INVALID_OPERATION: bindTexture: object does not belong to this context @ http://localhost:3000/_next/static/chunks/node_modules_%40cesium_engine_Source_Renderer_1d3nafh._.js:3587
[    4546ms] [WARNING] WebGL: INVALID_OPERATION: bindTexture: object does not belong to this context @ http://localhost:3000/_next/static/chunks/node_modules_%40cesium_engine_Source_Renderer_1d3nafh._.js:3587
[    4546ms] [WARNING] WebGL: INVALID_OPERATION: bindTexture: object does not belong to this context @ http://localhost:3000/_next/static/chunks/node_modules_%40cesium_engine_Source_Renderer_1d3nafh._.js:3587
[    4547ms] [WARNING] WebGL: INVALID_OPERATION: bindTexture: object does not belong to this context @ http://localhost:3000/_next/static/chunks/node_modules_%40cesium_engine_Source_Renderer_1d3nafh._.js:3587
[    4555ms] [WARNING] WebGL: INVALID_OPERATION: bindTexture: object does not belong to this context @ http://localhost:3000/_next/static/chunks/node_modules_%40cesium_engine_Source_Renderer_1d3nafh._.js:3587
[    4555ms] [WARNING] WebGL: INVALID_OPERATION: bindTexture: object does not belong to this context @ http://localhost:3000/_next/static/chunks/node_modules_%40cesium_engine_Source_Renderer_1d3nafh._.js:3587
[    4555ms] [WARNING] WebGL: INVALID_OPERATION: bindTexture: object does not belong to this context @ http://localhost:3000/_next/static/chunks/node_modules_%40cesium_engine_Source_Renderer_1d3nafh._.js:3587
[    4555ms] [WARNING] WebGL: INVALID_OPERATION: bindTexture: object does not belong to this context @ http://localhost:3000/_next/static/chunks/node_modules_%40cesium_engine_Source_Renderer_1d3nafh._.js:3587
[    4555ms] [WARNING] WebGL: INVALID_OPERATION: bindTexture: object does not belong to this context @ http://localhost:3000/_next/static/chunks/node_modules_%40cesium_engine_Source_Renderer_1d3nafh._.js:3587
[    4555ms] [WARNING] WebGL: INVALID_OPERATION: bindTexture: object does not belong to this context @ http://localhost:3000/_next/static/chunks/node_modules_%40cesium_engine_Source_Renderer_1d3nafh._.js:3587
[    4555ms] [WARNING] WebGL: INVALID_OPERATION: bindTexture: object does not belong to this context @ http://localhost:3000/_next/static/chunks/node_modules_%40cesium_engine_Source_Renderer_1d3nafh._.js:3587
[    4556ms] [WARNING] WebGL: INVALID_OPERATION: bindTexture: object does not belong to this context @ http://localhost:3000/_next/static/chunks/node_modules_%40cesium_engine_Source_Renderer_1d3nafh._.js:3587
[    4556ms] [WARNING] WebGL: INVALID_OPERATION: bindTexture: object does not belong to this context @ http://localhost:3000/_next/static/chunks/node_modules_%40cesium_engine_Source_Renderer_1d3nafh._.js:3587
[    4556ms] [WARNING] WebGL: INVALID_OPERATION: bindTexture: object does not belong to this context @ http://localhost:3000/_next/static/chunks/node_modules_%40cesium_engine_Source_Renderer_1d3nafh._.js:3587
[    4556ms] [WARNING] WebGL: INVALID_OPERATION: bindTexture: object does not belong to this context @ http://localhost:3000/_next/static/chunks/node_modules_%40cesium_engine_Source_Renderer_1d3nafh._.js:3587
[    4556ms] [WARNING] WebGL: INVALID_OPERATION: bindTexture: object does not belong to this context @ http://localhost:3000/_next/static/chunks/node_modules_%40cesium_engine_Source_Renderer_1d3nafh._.js:3587
[    4556ms] [WARNING] WebGL: INVALID_OPERATION: bindTexture: object does not belong to this context @ http://localhost:3000/_next/static/chunks/node_modules_%40cesium_engine_Source_Renderer_1d3nafh._.js:3587
[    4556ms] [WARNING] WebGL: INVALID_OPERATION: bindTexture: object does not belong to this context @ http://localhost:3000/_next/static/chunks/node_modules_%40cesium_engine_Source_Renderer_1d3nafh._.js:3587
[    4556ms] [WARNING] WebGL: INVALID_OPERATION: bindTexture: object does not belong to this context @ http://localhost:3000/_next/static/chunks/node_modules_%40cesium_engine_Source_Renderer_1d3nafh._.js:3587
[    4556ms] [WARNING] WebGL: INVALID_OPERATION: bindTexture: object does not belong to this context @ http://localhost:3000/_next/static/chunks/node_modules_%40cesium_engine_Source_Renderer_1d3nafh._.js:3587
[    4556ms] [WARNING] WebGL: INVALID_OPERATION: bindTexture: object does not belong to this context @ http://localhost:3000/_next/static/chunks/node_modules_%40cesium_engine_Source_Renderer_1d3nafh._.js:3587
[    4556ms] [WARNING] WebGL: INVALID_OPERATION: bindTexture: object does not belong to this context @ http://localhost:3000/_next/static/chunks/node_modules_%40cesium_engine_Source_Renderer_1d3nafh._.js:3587
[    4556ms] [WARNING] WebGL: INVALID_OPERATION: bindTexture: object does not belong to this context @ http://localhost:3000/_next/static/chunks/node_modules_%40cesium_engine_Source_Renderer_1d3nafh._.js:3587
[    4589ms] [WARNING] WebGL: INVALID_OPERATION: bindTexture: object does not belong to this context @ http://localhost:3000/_next/static/chunks/node_modules_%40cesium_engine_Source_Renderer_1d3nafh._.js:3587
[    4589ms] [WARNING] WebGL: INVALID_OPERATION: bindTexture: object does not belong to this context @ http://localhost:3000/_next/static/chunks/node_modules_%40cesium_engine_Source_Renderer_1d3nafh._.js:3587
[    4589ms] [WARNING] WebGL: INVALID_OPERATION: bindTexture: object does not belong to this context @ http://localhost:3000/_next/static/chunks/node_modules_%40cesium_engine_Source_Renderer_1d3nafh._.js:3587
[    4590ms] [WARNING] WebGL: INVALID_OPERATION: bindTexture: object does not belong to this context @ http://localhost:3000/_next/static/chunks/node_modules_%40cesium_engine_Source_Renderer_1d3nafh._.js:3587
[    4590ms] [WARNING] WebGL: INVALID_OPERATION: bindTexture: object does not belong to this context @ http://localhost:3000/_next/static/chunks/node_modules_%40cesium_engine_Source_Renderer_1d3nafh._.js:3587
[    4590ms] [WARNING] WebGL: INVALID_OPERATION: bindTexture: object does not belong to this context @ http://localhost:3000/_next/static/chunks/node_modules_%40cesium_engine_Source_Renderer_1d3nafh._.js:3587
[    4590ms] [WARNING] WebGL: INVALID_OPERATION: bindTexture: object does not belong to this context @ http://localhost:3000/_next/static/chunks/node_modules_%40cesium_engine_Source_Renderer_1d3nafh._.js:3587
[    4590ms] [WARNING] WebGL: INVALID_OPERATION: bindTexture: object does not belong to this context @ http://localhost:3000/_next/static/chunks/node_modules_%40cesium_engine_Source_Renderer_1d3nafh._.js:3587
[    4591ms] [WARNING] WebGL: INVALID_OPERATION: bindTexture: object does not belong to this context @ http://localhost:3000/_next/static/chunks/node_modules_%40cesium_engine_Source_Renderer_1d3nafh._.js:3587
[    4591ms] [WARNING] WebGL: INVALID_OPERATION: bindTexture: object does not belong to this context @ http://localhost:3000/_next/static/chunks/node_modules_%40cesium_engine_Source_Renderer_1d3nafh._.js:3587
[    4591ms] [WARNING] WebGL: INVALID_OPERATION: bindTexture: object does not belong to this context @ http://localhost:3000/_next/static/chunks/node_modules_%40cesium_engine_Source_Renderer_1d3nafh._.js:3587
[    4591ms] [WARNING] WebGL: INVALID_OPERATION: bindTexture: object does not belong to this context @ http://localhost:3000/_next/static/chunks/node_modules_%40cesium_engine_Source_Renderer_1d3nafh._.js:3587
[    4591ms] [WARNING] WebGL: INVALID_OPERATION: bindTexture: object does not belong to this context @ http://localhost:3000/_next/static/chunks/node_modules_%40cesium_engine_Source_Renderer_1d3nafh._.js:3587
[    4592ms] [WARNING] WebGL: INVALID_OPERATION: bindTexture: object does not belong to this context @ http://localhost:3000/_next/static/chunks/node_modules_%40cesium_engine_Source_Renderer_1d3nafh._.js:3587
[    4592ms] [WARNING] WebGL: INVALID_OPERATION: bindTexture: object does not belong to this context @ http://localhost:3000/_next/static/chunks/node_modules_%40cesium_engine_Source_Renderer_1d3nafh._.js:3587
[    4592ms] [WARNING] WebGL: INVALID_OPERATION: bindTexture: object does not belong to this context @ http://localhost:3000/_next/static/chunks/node_modules_%40cesium_engine_Source_Renderer_1d3nafh._.js:3587
[    4592ms] [WARNING] WebGL: INVALID_OPERATION: bindTexture: object does not belong to this context @ http://localhost:3000/_next/static/chunks/node_modules_%40cesium_engine_Source_Renderer_1d3nafh._.js:3587
[    4592ms] [WARNING] WebGL: INVALID_OPERATION: bindTexture: object does not belong to this context @ http://localhost:3000/_next/static/chunks/node_modules_%40cesium_engine_Source_Renderer_1d3nafh._.js:3587
[    4593ms] [WARNING] WebGL: INVALID_OPERATION: bindTexture: object does not belong to this context @ http://localhost:3000/_next/static/chunks/node_modules_%40cesium_engine_Source_Renderer_1d3nafh._.js:3587
[    4623ms] [WARNING] WebGL: INVALID_OPERATION: bindTexture: object does not belong to this context @ http://localhost:3000/_next/static/chunks/node_modules_%40cesium_engine_Source_Renderer_1d3nafh._.js:3587
[    4623ms] [WARNING] WebGL: INVALID_OPERATION: bindTexture: object does not belong to this context @ http://localhost:3000/_next/static/chunks/node_modules_%40cesium_engine_Source_Renderer_1d3nafh._.js:3587
[    4623ms] [WARNING] WebGL: INVALID_OPERATION: bindTexture: object does not belong to this context @ http://localhost:3000/_next/static/chunks/node_modules_%40cesium_engine_Source_Renderer_1d3nafh._.js:3587
[    4624ms] [WARNING] WebGL: INVALID_OPERATION: bindTexture: object does not belong to this context @ http://localhost:3000/_next/static/chunks/node_modules_%40cesium_engine_Source_Renderer_1d3nafh._.js:3587
[    4624ms] [WARNING] WebGL: INVALID_OPERATION: bindTexture: object does not belong to this context @ http://localhost:3000/_next/static/chunks/node_modules_%40cesium_engine_Source_Renderer_1d3nafh._.js:3587
[    4624ms] [WARNING] WebGL: INVALID_OPERATION: bindTexture: object does not belong to this context @ http://localhost:3000/_next/static/chunks/node_modules_%40cesium_engine_Source_Renderer_1d3nafh._.js:3587
[    4624ms] [WARNING] WebGL: INVALID_OPERATION: bindTexture: object does not belong to this context @ http://localhost:3000/_next/static/chunks/node_modules_%40cesium_engine_Source_Renderer_1d3nafh._.js:3587
[    4625ms] [WARNING] WebGL: INVALID_OPERATION: bindTexture: object does not belong to this context @ http://localhost:3000/_next/static/chunks/node_modules_%40cesium_engine_Source_Renderer_1d3nafh._.js:3587
[    4625ms] [WARNING] WebGL: INVALID_OPERATION: bindTexture: object does not belong to this context @ http://localhost:3000/_next/static/chunks/node_modules_%40cesium_engine_Source_Renderer_1d3nafh._.js:3587
[    4625ms] [WARNING] WebGL: INVALID_OPERATION: bindTexture: object does not belong to this context @ http://localhost:3000/_next/static/chunks/node_modules_%40cesium_engine_Source_Renderer_1d3nafh._.js:3587
[    4625ms] [WARNING] WebGL: INVALID_OPERATION: bindTexture: object does not belong to this context @ http://localhost:3000/_next/static/chunks/node_modules_%40cesium_engine_Source_Renderer_1d3nafh._.js:3587
[    4625ms] [WARNING] WebGL: INVALID_OPERATION: bindTexture: object does not belong to this context @ http://localhost:3000/_next/static/chunks/node_modules_%40cesium_engine_Source_Renderer_1d3nafh._.js:3587
[    4626ms] [WARNING] WebGL: INVALID_OPERATION: bindTexture: object does not belong to this context @ http://localhost:3000/_next/static/chunks/node_modules_%40cesium_engine_Source_Renderer_1d3nafh._.js:3587
[    4626ms] [WARNING] WebGL: INVALID_OPERATION: bindTexture: object does not belong to this context @ http://localhost:3000/_next/static/chunks/node_modules_%40cesium_engine_Source_Renderer_1d3nafh._.js:3587
[    4626ms] [WARNING] WebGL: INVALID_OPERATION: bindTexture: object does not belong to this context @ http://localhost:3000/_next/static/chunks/node_modules_%40cesium_engine_Source_Renderer_1d3nafh._.js:3587
[    4626ms] [WARNING] WebGL: INVALID_OPERATION: bindTexture: object does not belong to this context @ http://localhost:3000/_next/static/chunks/node_modules_%40cesium_engine_Source_Renderer_1d3nafh._.js:3587
[    4627ms] [WARNING] WebGL: INVALID_OPERATION: bindTexture: object does not belong to this context @ http://localhost:3000/_next/static/chunks/node_modules_%40cesium_engine_Source_Renderer_1d3nafh._.js:3587
[    4627ms] [WARNING] WebGL: INVALID_OPERATION: bindTexture: object does not belong to this context @ http://localhost:3000/_next/static/chunks/node_modules_%40cesium_engine_Source_Renderer_1d3nafh._.js:3587
[    4627ms] [WARNING] WebGL: INVALID_OPERATION: bindTexture: object does not belong to this context @ http://localhost:3000/_next/static/chunks/node_modules_%40cesium_engine_Source_Renderer_1d3nafh._.js:3587
[    4652ms] [WARNING] WebGL: INVALID_OPERATION: bindTexture: object does not belong to this context @ http://localhost:3000/_next/static/chunks/node_modules_%40cesium_engine_Source_Renderer_1d3nafh._.js:3587
[    4652ms] [WARNING] WebGL: INVALID_OPERATION: bindTexture: object does not belong to this context @ http://localhost:3000/_next/static/chunks/node_modules_%40cesium_engine_Source_Renderer_1d3nafh._.js:3587
[    4652ms] [WARNING] WebGL: INVALID_OPERATION: bindTexture: object does not belong to this context @ http://localhost:3000/_next/static/chunks/node_modules_%40cesium_engine_Source_Renderer_1d3nafh._.js:3587
[    4652ms] [WARNING] WebGL: INVALID_OPERATION: bindTexture: object does not belong to this context @ http://localhost:3000/_next/static/chunks/node_modules_%40cesium_engine_Source_Renderer_1d3nafh._.js:3587
[    4652ms] [WARNING] WebGL: INVALID_OPERATION: bindTexture: object does not belong to this context @ http://localhost:3000/_next/static/chunks/node_modules_%40cesium_engine_Source_Renderer_1d3nafh._.js:3587
[    4652ms] [WARNING] WebGL: INVALID_OPERATION: bindTexture: object does not belong to this context @ http://localhost:3000/_next/static/chunks/node_modules_%40cesium_engine_Source_Renderer_1d3nafh._.js:3587
[    4652ms] [WARNING] WebGL: INVALID_OPERATION: bindTexture: object does not belong to this context @ http://localhost:3000/_next/static/chunks/node_modules_%40cesium_engine_Source_Renderer_1d3nafh._.js:3587
[    4652ms] [WARNING] WebGL: INVALID_OPERATION: bindTexture: object does not belong to this context @ http://localhost:3000/_next/static/chunks/node_modules_%40cesium_engine_Source_Renderer_1d3nafh._.js:3587
[    4652ms] [WARNING] WebGL: INVALID_OPERATION: bindTexture: object does not belong to this context @ http://localhost:3000/_next/static/chunks/node_modules_%40cesium_engine_Source_Renderer_1d3nafh._.js:3587
[    4652ms] [WARNING] WebGL: INVALID_OPERATION: bindTexture: object does not belong to this context @ http://localhost:3000/_next/static/chunks/node_modules_%40cesium_engine_Source_Renderer_1d3nafh._.js:3587
[    4653ms] [WARNING] WebGL: INVALID_OPERATION: bindTexture: object does not belong to this context @ http://localhost:3000/_next/static/chunks/node_modules_%40cesium_engine_Source_Renderer_1d3nafh._.js:3587
[    4653ms] [WARNING] WebGL: INVALID_OPERATION: bindTexture: object does not belong to this context @ http://localhost:3000/_next/static/chunks/node_modules_%40cesium_engine_Source_Renderer_1d3nafh._.js:3587
[    4653ms] [WARNING] WebGL: INVALID_OPERATION: bindTexture: object does not belong to this context @ http://localhost:3000/_next/static/chunks/node_modules_%40cesium_engine_Source_Renderer_1d3nafh._.js:3587
[    4653ms] [WARNING] WebGL: INVALID_OPERATION: bindTexture: object does not belong to this context @ http://localhost:3000/_next/static/chunks/node_modules_%40cesium_engine_Source_Renderer_1d3nafh._.js:3587
[    4653ms] [WARNING] WebGL: INVALID_OPERATION: bindTexture: object does not belong to this context @ http://localhost:3000/_next/static/chunks/node_modules_%40cesium_engine_Source_Renderer_1d3nafh._.js:3587
[    4653ms] [WARNING] WebGL: INVALID_OPERATION: bindTexture: object does not belong to this context @ http://localhost:3000/_next/static/chunks/node_modules_%40cesium_engine_Source_Renderer_1d3nafh._.js:3587
[    4653ms] [WARNING] WebGL: INVALID_OPERATION: bindTexture: object does not belong to this context @ http://localhost:3000/_next/static/chunks/node_modules_%40cesium_engine_Source_Renderer_1d3nafh._.js:3587
[    4653ms] [WARNING] WebGL: INVALID_OPERATION: bindTexture: object does not belong to this context @ http://localhost:3000/_next/static/chunks/node_modules_%40cesium_engine_Source_Renderer_1d3nafh._.js:3587
[    4654ms] [WARNING] WebGL: INVALID_OPERATION: bindTexture: object does not belong to this context @ http://localhost:3000/_next/static/chunks/node_modules_%40cesium_engine_Source_Renderer_1d3nafh._.js:3587
[    4694ms] [WARNING] WebGL: INVALID_OPERATION: bindTexture: object does not belong to this context @ http://localhost:3000/_next/static/chunks/node_modules_%40cesium_engine_Source_Renderer_1d3nafh._.js:3587
[    4694ms] [WARNING] WebGL: INVALID_OPERATION: bindTexture: object does not belong to this context @ http://localhost:3000/_next/static/chunks/node_modules_%40cesium_engine_Source_Renderer_1d3nafh._.js:3587
[    4695ms] [WARNING] WebGL: INVALID_OPERATION: bindTexture: object does not belong to this context @ http://localhost:3000/_next/static/chunks/node_modules_%40cesium_engine_Source_Renderer_1d3nafh._.js:3587
[    4695ms] [WARNING] WebGL: INVALID_OPERATION: bindTexture: object does not belong to this context @ http://localhost:3000/_next/static/chunks/node_modules_%40cesium_engine_Source_Renderer_1d3nafh._.js:3587
[    4695ms] [WARNING] WebGL: INVALID_OPERATION: bindTexture: object does not belong to this context @ http://localhost:3000/_next/static/chunks/node_modules_%40cesium_engine_Source_Renderer_1d3nafh._.js:3587
[    4695ms] [WARNING] WebGL: INVALID_OPERATION: bindTexture: object does not belong to this context @ http://localhost:3000/_next/static/chunks/node_modules_%40cesium_engine_Source_Renderer_1d3nafh._.js:3587
[    4695ms] [WARNING] WebGL: INVALID_OPERATION: bindTexture: object does not belong to this context @ http://localhost:3000/_next/static/chunks/node_modules_%40cesium_engine_Source_Renderer_1d3nafh._.js:3587
[    4695ms] [WARNING] WebGL: INVALID_OPERATION: bindTexture: object does not belong to this context @ http://localhost:3000/_next/static/chunks/node_modules_%40cesium_engine_Source_Renderer_1d3nafh._.js:3587
[    4696ms] [WARNING] WebGL: INVALID_OPERATION: bindTexture: object does not belong to this context @ http://localhost:3000/_next/static/chunks/node_modules_%40cesium_engine_Source_Renderer_1d3nafh._.js:3587
[    4696ms] [WARNING] WebGL: INVALID_OPERATION: bindTexture: object does not belong to this context @ http://localhost:3000/_next/static/chunks/node_modules_%40cesium_engine_Source_Renderer_1d3nafh._.js:3587
[    4696ms] [WARNING] WebGL: INVALID_OPERATION: bindTexture: object does not belong to this context @ http://localhost:3000/_next/static/chunks/node_modules_%40cesium_engine_Source_Renderer_1d3nafh._.js:3587
[    4696ms] [WARNING] WebGL: INVALID_OPERATION: bindTexture: object does not belong to this context @ http://localhost:3000/_next/static/chunks/node_modules_%40cesium_engine_Source_Renderer_1d3nafh._.js:3587
[    4696ms] [WARNING] WebGL: INVALID_OPERATION: bindTexture: object does not belong to this context @ http://localhost:3000/_next/static/chunks/node_modules_%40cesium_engine_Source_Renderer_1d3nafh._.js:3587
[    4696ms] [WARNING] WebGL: INVALID_OPERATION: bindTexture: object does not belong to this context @ http://localhost:3000/_next/static/chunks/node_modules_%40cesium_engine_Source_Renderer_1d3nafh._.js:3587
[    4697ms] [WARNING] WebGL: INVALID_OPERATION: bindTexture: object does not belong to this context @ http://localhost:3000/_next/static/chunks/node_modules_%40cesium_engine_Source_Renderer_1d3nafh._.js:3587
[    4697ms] [WARNING] WebGL: INVALID_OPERATION: bindTexture: object does not belong to this context @ http://localhost:3000/_next/static/chunks/node_modules_%40cesium_engine_Source_Renderer_1d3nafh._.js:3587
[    4697ms] [WARNING] WebGL: INVALID_OPERATION: bindTexture: object does not belong to this context @ http://localhost:3000/_next/static/chunks/node_modules_%40cesium_engine_Source_Renderer_1d3nafh._.js:3587
[    4697ms] [WARNING] WebGL: INVALID_OPERATION: bindTexture: object does not belong to this context @ http://localhost:3000/_next/static/chunks/node_modules_%40cesium_engine_Source_Renderer_1d3nafh._.js:3587
[    4697ms] [WARNING] WebGL: INVALID_OPERATION: bindTexture: object does not belong to this context @ http://localhost:3000/_next/static/chunks/node_modules_%40cesium_engine_Source_Renderer_1d3nafh._.js:3587
[    4722ms] [WARNING] WebGL: INVALID_OPERATION: bindTexture: object does not belong to this context @ http://localhost:3000/_next/static/chunks/node_modules_%40cesium_engine_Source_Renderer_1d3nafh._.js:3587
[    4722ms] [WARNING] WebGL: INVALID_OPERATION: bindTexture: object does not belong to this context @ http://localhost:3000/_next/static/chunks/node_modules_%40cesium_engine_Source_Renderer_1d3nafh._.js:3587
[    4722ms] [WARNING] WebGL: INVALID_OPERATION: bindTexture: object does not belong to this context @ http://localhost:3000/_next/static/chunks/node_modules_%40cesium_engine_Source_Renderer_1d3nafh._.js:3587
[    4723ms] [WARNING] WebGL: INVALID_OPERATION: bindTexture: object does not belong to this context @ http://localhost:3000/_next/static/chunks/node_modules_%40cesium_engine_Source_Renderer_1d3nafh._.js:3587
[    4723ms] [WARNING] WebGL: INVALID_OPERATION: bindTexture: object does not belong to this context @ http://localhost:3000/_next/static/chunks/node_modules_%40cesium_engine_Source_Renderer_1d3nafh._.js:3587
[    4723ms] [WARNING] WebGL: INVALID_OPERATION: bindTexture: object does not belong to this context @ http://localhost:3000/_next/static/chunks/node_modules_%40cesium_engine_Source_Renderer_1d3nafh._.js:3587
[    4723ms] [WARNING] WebGL: INVALID_OPERATION: bindTexture: object does not belong to this context @ http://localhost:3000/_next/static/chunks/node_modules_%40cesium_engine_Source_Renderer_1d3nafh._.js:3587
[    4723ms] [WARNING] WebGL: INVALID_OPERATION: bindTexture: object does not belong to this context @ http://localhost:3000/_next/static/chunks/node_modules_%40cesium_engine_Source_Renderer_1d3nafh._.js:3587
[    4723ms] [WARNING] WebGL: INVALID_OPERATION: bindTexture: object does not belong to this context @ http://localhost:3000/_next/static/chunks/node_modules_%40cesium_engine_Source_Renderer_1d3nafh._.js:3587
[    4723ms] [WARNING] WebGL: INVALID_OPERATION: bindTexture: object does not belong to this context @ http://localhost:3000/_next/static/chunks/node_modules_%40cesium_engine_Source_Renderer_1d3nafh._.js:3587
[    4723ms] [WARNING] WebGL: INVALID_OPERATION: bindTexture: object does not belong to this context @ http://localhost:3000/_next/static/chunks/node_modules_%40cesium_engine_Source_Renderer_1d3nafh._.js:3587
[    4724ms] [WARNING] WebGL: INVALID_OPERATION: bindTexture: object does not belong to this context @ http://localhost:3000/_next/static/chunks/node_modules_%40cesium_engine_Source_Renderer_1d3nafh._.js:3587
[    4724ms] [WARNING] WebGL: INVALID_OPERATION: bindTexture: object does not belong to this context @ http://localhost:3000/_next/static/chunks/node_modules_%40cesium_engine_Source_Renderer_1d3nafh._.js:3587
[    4724ms] [WARNING] WebGL: INVALID_OPERATION: bindTexture: object does not belong to this context @ http://localhost:3000/_next/static/chunks/node_modules_%40cesium_engine_Source_Renderer_1d3nafh._.js:3587
[    4724ms] [WARNING] WebGL: INVALID_OPERATION: bindTexture: object does not belong to this context @ http://localhost:3000/_next/static/chunks/node_modules_%40cesium_engine_Source_Renderer_1d3nafh._.js:3587
[    4724ms] [WARNING] WebGL: INVALID_OPERATION: bindTexture: object does not belong to this context @ http://localhost:3000/_next/static/chunks/node_modules_%40cesium_engine_Source_Renderer_1d3nafh._.js:3587
[    4724ms] [WARNING] WebGL: INVALID_OPERATION: bindTexture: object does not belong to this context @ http://localhost:3000/_next/static/chunks/node_modules_%40cesium_engine_Source_Renderer_1d3nafh._.js:3587
[    4724ms] [WARNING] WebGL: INVALID_OPERATION: bindTexture: object does not belong to this context @ http://localhost:3000/_next/static/chunks/node_modules_%40cesium_engine_Source_Renderer_1d3nafh._.js:3587
[    4725ms] [WARNING] WebGL: INVALID_OPERATION: bindTexture: object does not belong to this context @ http://localhost:3000/_next/static/chunks/node_modules_%40cesium_engine_Source_Renderer_1d3nafh._.js:3587
[    4756ms] [WARNING] WebGL: INVALID_OPERATION: bindTexture: object does not belong to this context @ http://localhost:3000/_next/static/chunks/node_modules_%40cesium_engine_Source_Renderer_1d3nafh._.js:3587
[    4756ms] [WARNING] WebGL: INVALID_OPERATION: bindTexture: object does not belong to this context @ http://localhost:3000/_next/static/chunks/node_modules_%40cesium_engine_Source_Renderer_1d3nafh._.js:3587
[    4756ms] [WARNING] WebGL: INVALID_OPERATION: bindTexture: object does not belong to this context @ http://localhost:3000/_next/static/chunks/node_modules_%40cesium_engine_Source_Renderer_1d3nafh._.js:3587
[    4757ms] [WARNING] WebGL: INVALID_OPERATION: bindTexture: object does not belong to this context @ http://localhost:3000/_next/static/chunks/node_modules_%40cesium_engine_Source_Renderer_1d3nafh._.js:3587
[    4757ms] [WARNING] WebGL: INVALID_OPERATION: bindTexture: object does not belong to this context @ http://localhost:3000/_next/static/chunks/node_modules_%40cesium_engine_Source_Renderer_1d3nafh._.js:3587
[    4757ms] [WARNING] WebGL: INVALID_OPERATION: bindTexture: object does not belong to this context @ http://localhost:3000/_next/static/chunks/node_modules_%40cesium_engine_Source_Renderer_1d3nafh._.js:3587
[    4757ms] [WARNING] WebGL: INVALID_OPERATION: bindTexture: object does not belong to this context @ http://localhost:3000/_next/static/chunks/node_modules_%40cesium_engine_Source_Renderer_1d3nafh._.js:3587
[    4757ms] [WARNING] WebGL: INVALID_OPERATION: bindTexture: object does not belong to this context @ http://localhost:3000/_next/static/chunks/node_modules_%40cesium_engine_Source_Renderer_1d3nafh._.js:3587
[    4758ms] [WARNING] WebGL: INVALID_OPERATION: bindTexture: object does not belong to this context @ http://localhost:3000/_next/static/chunks/node_modules_%40cesium_engine_Source_Renderer_1d3nafh._.js:3587
[    4758ms] [WARNING] WebGL: INVALID_OPERATION: bindTexture: object does not belong to this context @ http://localhost:3000/_next/static/chunks/node_modules_%40cesium_engine_Source_Renderer_1d3nafh._.js:3587
[    4758ms] [WARNING] WebGL: INVALID_OPERATION: bindTexture: object does not belong to this context @ http://localhost:3000/_next/static/chunks/node_modules_%40cesium_engine_Source_Renderer_1d3nafh._.js:3587
[    4758ms] [WARNING] WebGL: INVALID_OPERATION: bindTexture: object does not belong to this context @ http://localhost:3000/_next/static/chunks/node_modules_%40cesium_engine_Source_Renderer_1d3nafh._.js:3587
[    4758ms] [WARNING] WebGL: INVALID_OPERATION: bindTexture: object does not belong to this context @ http://localhost:3000/_next/static/chunks/node_modules_%40cesium_engine_Source_Renderer_1d3nafh._.js:3587
[    4759ms] [WARNING] WebGL: INVALID_OPERATION: bindTexture: object does not belong to this context @ http://localhost:3000/_next/static/chunks/node_modules_%40cesium_engine_Source_Renderer_1d3nafh._.js:3587
[    4759ms] [WARNING] WebGL: INVALID_OPERATION: bindTexture: object does not belong to this context @ http://localhost:3000/_next/static/chunks/node_modules_%40cesium_engine_Source_Renderer_1d3nafh._.js:3587
[    4759ms] [WARNING] WebGL: INVALID_OPERATION: bindTexture: object does not belong to this context @ http://localhost:3000/_next/static/chunks/node_modules_%40cesium_engine_Source_Renderer_1d3nafh._.js:3587
[    4759ms] [WARNING] WebGL: INVALID_OPERATION: bindTexture: object does not belong to this context @ http://localhost:3000/_next/static/chunks/node_modules_%40cesium_engine_Source_Renderer_1d3nafh._.js:3587
[    4759ms] [WARNING] WebGL: INVALID_OPERATION: bindTexture: object does not belong to this context @ http://localhost:3000/_next/static/chunks/node_modules_%40cesium_engine_Source_Renderer_1d3nafh._.js:3587
[    4759ms] [WARNING] WebGL: INVALID_OPERATION: bindTexture: object does not belong to this context @ http://localhost:3000/_next/static/chunks/node_modules_%40cesium_engine_Source_Renderer_1d3nafh._.js:3587
[    4790ms] [WARNING] WebGL: INVALID_OPERATION: bindTexture: object does not belong to this context @ http://localhost:3000/_next/static/chunks/node_modules_%40cesium_engine_Source_Renderer_1d3nafh._.js:3587
[    4791ms] [WARNING] WebGL: INVALID_OPERATION: bindTexture: object does not belong to this context @ http://localhost:3000/_next/static/chunks/node_modules_%40cesium_engine_Source_Renderer_1d3nafh._.js:3587
[    4791ms] [WARNING] WebGL: INVALID_OPERATION: bindTexture: object does not belong to this context @ http://localhost:3000/_next/static/chunks/node_modules_%40cesium_engine_Source_Renderer_1d3nafh._.js:3587
[    4791ms] [WARNING] WebGL: INVALID_OPERATION: bindTexture: object does not belong to this context @ http://localhost:3000/_next/static/chunks/node_modules_%40cesium_engine_Source_Renderer_1d3nafh._.js:3587
[    4791ms] [WARNING] WebGL: INVALID_OPERATION: bindTexture: object does not belong to this context @ http://localhost:3000/_next/static/chunks/node_modules_%40cesium_engine_Source_Renderer_1d3nafh._.js:3587
[    4792ms] [WARNING] WebGL: INVALID_OPERATION: bindTexture: object does not belong to this context @ http://localhost:3000/_next/static/chunks/node_modules_%40cesium_engine_Source_Renderer_1d3nafh._.js:3587
[    4792ms] [WARNING] WebGL: INVALID_OPERATION: bindTexture: object does not belong to this context @ http://localhost:3000/_next/static/chunks/node_modules_%40cesium_engine_Source_Renderer_1d3nafh._.js:3587
[    4792ms] [WARNING] WebGL: INVALID_OPERATION: bindTexture: object does not belong to this context @ http://localhost:3000/_next/static/chunks/node_modules_%40cesium_engine_Source_Renderer_1d3nafh._.js:3587
[    4792ms] [WARNING] WebGL: INVALID_OPERATION: bindTexture: object does not belong to this context @ http://localhost:3000/_next/static/chunks/node_modules_%40cesium_engine_Source_Renderer_1d3nafh._.js:3587
[    4792ms] [WARNING] WebGL: INVALID_OPERATION: bindTexture: object does not belong to this context @ http://localhost:3000/_next/static/chunks/node_modules_%40cesium_engine_Source_Renderer_1d3nafh._.js:3587
[    4793ms] [WARNING] WebGL: INVALID_OPERATION: bindTexture: object does not belong to this context @ http://localhost:3000/_next/static/chunks/node_modules_%40cesium_engine_Source_Renderer_1d3nafh._.js:3587
[    4793ms] [WARNING] WebGL: INVALID_OPERATION: bindTexture: object does not belong to this context @ http://localhost:3000/_next/static/chunks/node_modules_%40cesium_engine_Source_Renderer_1d3nafh._.js:3587
[    4793ms] [WARNING] WebGL: INVALID_OPERATION: bindTexture: object does not belong to this context @ http://localhost:3000/_next/static/chunks/node_modules_%40cesium_engine_Source_Renderer_1d3nafh._.js:3587
[    4793ms] [WARNING] WebGL: INVALID_OPERATION: bindTexture: object does not belong to this context @ http://localhost:3000/_next/static/chunks/node_modules_%40cesium_engine_Source_Renderer_1d3nafh._.js:3587
[    4793ms] [WARNING] WebGL: INVALID_OPERATION: bindTexture: object does not belong to this context @ http://localhost:3000/_next/static/chunks/node_modules_%40cesium_engine_Source_Renderer_1d3nafh._.js:3587
[    4793ms] [WARNING] WebGL: INVALID_OPERATION: bindTexture: object does not belong to this context @ http://localhost:3000/_next/static/chunks/node_modules_%40cesium_engine_Source_Renderer_1d3nafh._.js:3587
[    4794ms] [WARNING] WebGL: INVALID_OPERATION: bindTexture: object does not belong to this context @ http://localhost:3000/_next/static/chunks/node_modules_%40cesium_engine_Source_Renderer_1d3nafh._.js:3587
[    4794ms] [WARNING] WebGL: INVALID_OPERATION: bindTexture: object does not belong to this context @ http://localhost:3000/_next/static/chunks/node_modules_%40cesium_engine_Source_Renderer_1d3nafh._.js:3587
[    4794ms] [WARNING] WebGL: INVALID_OPERATION: bindTexture: object does not belong to this context @ http://localhost:3000/_next/static/chunks/node_modules_%40cesium_engine_Source_Renderer_1d3nafh._.js:3587
[    4816ms] [WARNING] WebGL: INVALID_OPERATION: bindTexture: object does not belong to this context @ http://localhost:3000/_next/static/chunks/node_modules_%40cesium_engine_Source_Renderer_1d3nafh._.js:3587
[    4817ms] [WARNING] WebGL: INVALID_OPERATION: bindTexture: object does not belong to this context @ http://localhost:3000/_next/static/chunks/node_modules_%40cesium_engine_Source_Renderer_1d3nafh._.js:3587
[    4817ms] [WARNING] WebGL: INVALID_OPERATION: bindTexture: object does not belong to this context @ http://localhost:3000/_next/static/chunks/node_modules_%40cesium_engine_Source_Renderer_1d3nafh._.js:3587
[    4817ms] [WARNING] WebGL: INVALID_OPERATION: bindTexture: object does not belong to this context @ http://localhost:3000/_next/static/chunks/node_modules_%40cesium_engine_Source_Renderer_1d3nafh._.js:3587
[    4817ms] [WARNING] WebGL: INVALID_OPERATION: bindTexture: object does not belong to this context @ http://localhost:3000/_next/static/chunks/node_modules_%40cesium_engine_Source_Renderer_1d3nafh._.js:3587
[    4818ms] [WARNING] WebGL: INVALID_OPERATION: bindTexture: object does not belong to this context @ http://localhost:3000/_next/static/chunks/node_modules_%40cesium_engine_Source_Renderer_1d3nafh._.js:3587
[    4818ms] [WARNING] WebGL: INVALID_OPERATION: bindTexture: object does not belong to this context @ http://localhost:3000/_next/static/chunks/node_modules_%40cesium_engine_Source_Renderer_1d3nafh._.js:3587
[    4818ms] [WARNING] WebGL: INVALID_OPERATION: bindTexture: object does not belong to this context @ http://localhost:3000/_next/static/chunks/node_modules_%40cesium_engine_Source_Renderer_1d3nafh._.js:3587
[    4818ms] [WARNING] WebGL: INVALID_OPERATION: bindTexture: object does not belong to this context @ http://localhost:3000/_next/static/chunks/node_modules_%40cesium_engine_Source_Renderer_1d3nafh._.js:3587
[    4818ms] [WARNING] WebGL: INVALID_OPERATION: bindTexture: object does not belong to this context @ http://localhost:3000/_next/static/chunks/node_modules_%40cesium_engine_Source_Renderer_1d3nafh._.js:3587
[    4819ms] [WARNING] WebGL: INVALID_OPERATION: bindTexture: object does not belong to this context @ http://localhost:3000/_next/static/chunks/node_modules_%40cesium_engine_Source_Renderer_1d3nafh._.js:3587
[    4819ms] [WARNING] WebGL: INVALID_OPERATION: bindTexture: object does not belong to this context @ http://localhost:3000/_next/static/chunks/node_modules_%40cesium_engine_Source_Renderer_1d3nafh._.js:3587
[    4819ms] [WARNING] WebGL: INVALID_OPERATION: bindTexture: object does not belong to this context @ http://localhost:3000/_next/static/chunks/node_modules_%40cesium_engine_Source_Renderer_1d3nafh._.js:3587
[    4819ms] [WARNING] WebGL: INVALID_OPERATION: bindTexture: object does not belong to this context @ http://localhost:3000/_next/static/chunks/node_modules_%40cesium_engine_Source_Renderer_1d3nafh._.js:3587
[    4819ms] [WARNING] WebGL: INVALID_OPERATION: bindTexture: object does not belong to this context @ http://localhost:3000/_next/static/chunks/node_modules_%40cesium_engine_Source_Renderer_1d3nafh._.js:3587
[    4819ms] [WARNING] WebGL: INVALID_OPERATION: bindTexture: object does not belong to this context @ http://localhost:3000/_next/static/chunks/node_modules_%40cesium_engine_Source_Renderer_1d3nafh._.js:3587
[    4820ms] [WARNING] WebGL: INVALID_OPERATION: bindTexture: object does not belong to this context @ http://localhost:3000/_next/static/chunks/node_modules_%40cesium_engine_Source_Renderer_1d3nafh._.js:3587
[    4820ms] [WARNING] WebGL: INVALID_OPERATION: bindTexture: object does not belong to this context @ http://localhost:3000/_next/static/chunks/node_modules_%40cesium_engine_Source_Renderer_1d3nafh._.js:3587
[    4820ms] [WARNING] WebGL: INVALID_OPERATION: bindTexture: object does not belong to this context @ http://localhost:3000/_next/static/chunks/node_modules_%40cesium_engine_Source_Renderer_1d3nafh._.js:3587
[    4846ms] [WARNING] WebGL: INVALID_OPERATION: bindTexture: object does not belong to this context @ http://localhost:3000/_next/static/chunks/node_modules_%40cesium_engine_Source_Renderer_1d3nafh._.js:3587
[    4847ms] [WARNING] WebGL: INVALID_OPERATION: bindTexture: object does not belong to this context @ http://localhost:3000/_next/static/chunks/node_modules_%40cesium_engine_Source_Renderer_1d3nafh._.js:3587
[    4847ms] [WARNING] WebGL: INVALID_OPERATION: bindTexture: object does not belong to this context @ http://localhost:3000/_next/static/chunks/node_modules_%40cesium_engine_Source_Renderer_1d3nafh._.js:3587
[    4847ms] [WARNING] WebGL: INVALID_OPERATION: bindTexture: object does not belong to this context @ http://localhost:3000/_next/static/chunks/node_modules_%40cesium_engine_Source_Renderer_1d3nafh._.js:3587
[    4848ms] [WARNING] WebGL: INVALID_OPERATION: bindTexture: object does not belong to this context @ http://localhost:3000/_next/static/chunks/node_modules_%40cesium_engine_Source_Renderer_1d3nafh._.js:3587
[    4848ms] [WARNING] WebGL: INVALID_OPERATION: bindTexture: object does not belong to this context @ http://localhost:3000/_next/static/chunks/node_modules_%40cesium_engine_Source_Renderer_1d3nafh._.js:3587
[    4848ms] [WARNING] WebGL: INVALID_OPERATION: bindTexture: object does not belong to this context @ http://localhost:3000/_next/static/chunks/node_modules_%40cesium_engine_Source_Renderer_1d3nafh._.js:3587
[    4849ms] [WARNING] WebGL: INVALID_OPERATION: bindTexture: object does not belong to this context @ http://localhost:3000/_next/static/chunks/node_modules_%40cesium_engine_Source_Renderer_1d3nafh._.js:3587
[    4849ms] [WARNING] WebGL: INVALID_OPERATION: bindTexture: object does not belong to this context @ http://localhost:3000/_next/static/chunks/node_modules_%40cesium_engine_Source_Renderer_1d3nafh._.js:3587
[    4849ms] [WARNING] WebGL: INVALID_OPERATION: bindTexture: object does not belong to this context @ http://localhost:3000/_next/static/chunks/node_modules_%40cesium_engine_Source_Renderer_1d3nafh._.js:3587
[    4849ms] [WARNING] WebGL: INVALID_OPERATION: bindTexture: object does not belong to this context @ http://localhost:3000/_next/static/chunks/node_modules_%40cesium_engine_Source_Renderer_1d3nafh._.js:3587
[    4850ms] [WARNING] WebGL: INVALID_OPERATION: bindTexture: object does not belong to this context @ http://localhost:3000/_next/static/chunks/node_modules_%40cesium_engine_Source_Renderer_1d3nafh._.js:3587
[    4850ms] [WARNING] WebGL: INVALID_OPERATION: bindTexture: object does not belong to this context @ http://localhost:3000/_next/static/chunks/node_modules_%40cesium_engine_Source_Renderer_1d3nafh._.js:3587
[    4850ms] [WARNING] WebGL: INVALID_OPERATION: bindTexture: object does not belong to this context @ http://localhost:3000/_next/static/chunks/node_modules_%40cesium_engine_Source_Renderer_1d3nafh._.js:3587
[    4850ms] [WARNING] WebGL: INVALID_OPERATION: bindTexture: object does not belong to this context @ http://localhost:3000/_next/static/chunks/node_modules_%40cesium_engine_Source_Renderer_1d3nafh._.js:3587
[    4850ms] [WARNING] WebGL: INVALID_OPERATION: bindTexture: object does not belong to this context @ http://localhost:3000/_next/static/chunks/node_modules_%40cesium_engine_Source_Renderer_1d3nafh._.js:3587
[    4851ms] [WARNING] WebGL: INVALID_OPERATION: bindTexture: object does not belong to this context @ http://localhost:3000/_next/static/chunks/node_modules_%40cesium_engine_Source_Renderer_1d3nafh._.js:3587
[    4851ms] [WARNING] WebGL: INVALID_OPERATION: bindTexture: object does not belong to this context @ http://localhost:3000/_next/static/chunks/node_modules_%40cesium_engine_Source_Renderer_1d3nafh._.js:3587
[    4851ms] [WARNING] WebGL: INVALID_OPERATION: bindTexture: object does not belong to this context @ http://localhost:3000/_next/static/chunks/node_modules_%40cesium_engine_Source_Renderer_1d3nafh._.js:3587
[    4875ms] [WARNING] WebGL: INVALID_OPERATION: bindTexture: object does not belong to this context @ http://localhost:3000/_next/static/chunks/node_modules_%40cesium_engine_Source_Renderer_1d3nafh._.js:3587
[    4875ms] [WARNING] WebGL: INVALID_OPERATION: bindTexture: object does not belong to this context @ http://localhost:3000/_next/static/chunks/node_modules_%40cesium_engine_Source_Renderer_1d3nafh._.js:3587
[    4876ms] [WARNING] WebGL: INVALID_OPERATION: bindTexture: object does not belong to this context @ http://localhost:3000/_next/static/chunks/node_modules_%40cesium_engine_Source_Renderer_1d3nafh._.js:3587
[    4876ms] [WARNING] WebGL: INVALID_OPERATION: bindTexture: object does not belong to this context @ http://localhost:3000/_next/static/chunks/node_modules_%40cesium_engine_Source_Renderer_1d3nafh._.js:3587
[    4876ms] [WARNING] WebGL: INVALID_OPERATION: bindTexture: object does not belong to this context @ http://localhost:3000/_next/static/chunks/node_modules_%40cesium_engine_Source_Renderer_1d3nafh._.js:3587
[    4876ms] [WARNING] WebGL: INVALID_OPERATION: bindTexture: object does not belong to this context @ http://localhost:3000/_next/static/chunks/node_modules_%40cesium_engine_Source_Renderer_1d3nafh._.js:3587
[    4876ms] [WARNING] WebGL: INVALID_OPERATION: bindTexture: object does not belong to this context @ http://localhost:3000/_next/static/chunks/node_modules_%40cesium_engine_Source_Renderer_1d3nafh._.js:3587
[    4877ms] [WARNING] WebGL: INVALID_OPERATION: bindTexture: object does not belong to this context @ http://localhost:3000/_next/static/chunks/node_modules_%40cesium_engine_Source_Renderer_1d3nafh._.js:3587
[    4877ms] [WARNING] WebGL: INVALID_OPERATION: bindTexture: object does not belong to this context @ http://localhost:3000/_next/static/chunks/node_modules_%40cesium_engine_Source_Renderer_1d3nafh._.js:3587
[    4877ms] [WARNING] WebGL: INVALID_OPERATION: bindTexture: object does not belong to this context @ http://localhost:3000/_next/static/chunks/node_modules_%40cesium_engine_Source_Renderer_1d3nafh._.js:3587
[    4877ms] [WARNING] WebGL: INVALID_OPERATION: bindTexture: object does not belong to this context @ http://localhost:3000/_next/static/chunks/node_modules_%40cesium_engine_Source_Renderer_1d3nafh._.js:3587
[    4877ms] [WARNING] WebGL: too many errors, no more errors will be reported to the console for this context. @ http://localhost:3000/_next/static/chunks/node_modules_%40cesium_engine_Source_Renderer_1d3nafh._.js:3587
[   78891ms] [LOG] [Fast Refresh] rebuilding @ http://localhost:3000/_next/static/chunks/node_modules_next_dist_1ybzpk2._.js:2489
[   79171ms] [LOG] [Fast Refresh] done in 292ms @ http://localhost:3000/_next/static/chunks/node_modules_next_dist_1ybzpk2._.js:2489
[   79423ms] ReferenceError: osmImageryLayer is not defined
    at Globe (http://localhost:3000/_next/static/chunks/src_06ygjbr._.js?id=%255Bproject%255D%252Fsrc%252Fcomponents%252Fglobe%252FGlobe.tsx+%255Bapp-client%255D+%2528ecmascript%2529:181:28)
    at Object.react_stack_bottom_frame (http://localhost:3000/_next/static/chunks/node_modules_next_dist_compiled_react-dom_096_9a-._.js:15037:24)
    at renderWithHooks (http://localhost:3000/_next/static/chunks/node_modules_next_dist_compiled_react-dom_096_9a-._.js:4620:24)
    at updateFunctionComponent (http://localhost:3000/_next/static/chunks/node_modules_next_dist_compiled_react-dom_096_9a-._.js:6081:21)
    at beginWork (http://localhost:3000/_next/static/chunks/node_modules_next_dist_compiled_react-dom_096_9a-._.js:6691:24)
    at runWithFiberInDEV (http://localhost:3000/_next/static/chunks/node_modules_next_dist_compiled_react-dom_096_9a-._.js:965:74)
    at performUnitOfWork (http://localhost:3000/_next/static/chunks/node_modules_next_dist_compiled_react-dom_096_9a-._.js:9555:97)
    at workLoopSync (http://localhost:3000/_next/static/chunks/node_modules_next_dist_compiled_react-dom_096_9a-._.js:9449:40)
    at renderRootSync (http://localhost:3000/_next/static/chunks/node_modules_next_dist_compiled_react-dom_096_9a-._.js:9433:13)
    at performWorkOnRoot (http://localhost:3000/_next/static/chunks/node_modules_next_dist_compiled_react-dom_096_9a-._.js:9098:47)
    at performWorkOnRootViaSchedulerTask (http://localhost:3000/_next/static/chunks/node_modules_next_dist_compiled_react-dom_096_9a-._.js:10255:9)
    at MessagePort.performWorkUntilDeadline (http://localhost:3000/_next/static/chunks/node_modules_next_dist_compiled_1amofcm._.js:2647:64)
[   93748ms] [LOG] [Fast Refresh] rebuilding @ http://localhost:3000/_next/static/chunks/node_modules_next_dist_1ybzpk2._.js:2489
[   93801ms] [WARNING] [Fast Refresh] performing full reload because your application had an unrecoverable error @ http://localhost:3000/_next/static/chunks/node_modules_next_dist_1ybzpk2._.js:2489
[   93834ms] [LOG] [Fast Refresh] done in 151ms @ http://localhost:3000/_next/static/chunks/node_modules_next_dist_1ybzpk2._.js:2489
[   93987ms] [INFO] %cDownload the React DevTools for a better development experience: https://react.dev/link/react-devtools font-weight:bold @ http://localhost:3000/_next/static/chunks/node_modules_next_dist_1ybzpk2._.js:2489
[   94004ms] [LOG] [HMR] connected @ http://localhost:3000/_next/static/chunks/node_modules_next_dist_1ybzpk2._.js:2489
[  102173ms] [WARNING] Warning: <Viewer> is recreated because following read-only props have been updated: contextOptions @ http://localhost:3000/_next/static/chunks/node_modules_next_dist_1ybzpk2._.js:2489
[  102508ms] [WARNING] WebGL: INVALID_OPERATION: bindTexture: object does not belong to this context @ http://localhost:3000/_next/static/chunks/node_modules_%40cesium_engine_Source_Renderer_1d3nafh._.js:3587
[  102508ms] [WARNING] WebGL: INVALID_OPERATION: bindTexture: object does not belong to this context @ http://localhost:3000/_next/static/chunks/node_modules_%40cesium_engine_Source_Renderer_1d3nafh._.js:3587
[  102508ms] [WARNING] WebGL: INVALID_OPERATION: bindTexture: object does not belong to this context @ http://localhost:3000/_next/static/chunks/node_modules_%40cesium_engine_Source_Renderer_1d3nafh._.js:3587
[  102508ms] [WARNING] WebGL: INVALID_OPERATION: bindTexture: object does not belong to this context @ http://localhost:3000/_next/static/chunks/node_modules_%40cesium_engine_Source_Renderer_1d3nafh._.js:3587
[  102580ms] [WARNING] WebGL: INVALID_OPERATION: bindTexture: object does not belong to this context @ http://localhost:3000/_next/static/chunks/node_modules_%40cesium_engine_Source_Renderer_1d3nafh._.js:3587
[  102581ms] [WARNING] WebGL: INVALID_OPERATION: bindTexture: object does not belong to this context @ http://localhost:3000/_next/static/chunks/node_modules_%40cesium_engine_Source_Renderer_1d3nafh._.js:3587
[  102581ms] [WARNING] WebGL: INVALID_OPERATION: bindTexture: object does not belong to this context @ http://localhost:3000/_next/static/chunks/node_modules_%40cesium_engine_Source_Renderer_1d3nafh._.js:3587
[  102581ms] [WARNING] WebGL: INVALID_OPERATION: bindTexture: object does not belong to this context @ http://localhost:3000/_next/static/chunks/node_modules_%40cesium_engine_Source_Renderer_1d3nafh._.js:3587
[  102584ms] [WARNING] WebGL: INVALID_OPERATION: bindTexture: object does not belong to this context @ http://localhost:3000/_next/static/chunks/node_modules_%40cesium_engine_Source_Renderer_1d3nafh._.js:3587
[  102584ms] [WARNING] WebGL: INVALID_OPERATION: bindTexture: object does not belong to this context @ http://localhost:3000/_next/static/chunks/node_modules_%40cesium_engine_Source_Renderer_1d3nafh._.js:3587
[  102584ms] [WARNING] WebGL: INVALID_OPERATION: bindTexture: object does not belong to this context @ http://localhost:3000/_next/static/chunks/node_modules_%40cesium_engine_Source_Renderer_1d3nafh._.js:3587
[  102584ms] [WARNING] WebGL: INVALID_OPERATION: bindTexture: object does not belong to this context @ http://localhost:3000/_next/static/chunks/node_modules_%40cesium_engine_Source_Renderer_1d3nafh._.js:3587
[  102594ms] [WARNING] WebGL: INVALID_OPERATION: bindTexture: object does not belong to this context @ http://localhost:3000/_next/static/chunks/node_modules_%40cesium_engine_Source_Renderer_1d3nafh._.js:3587
[  102594ms] [WARNING] WebGL: INVALID_OPERATION: bindTexture: object does not belong to this context @ http://localhost:3000/_next/static/chunks/node_modules_%40cesium_engine_Source_Renderer_1d3nafh._.js:3587
[  102594ms] [WARNING] WebGL: INVALID_OPERATION: bindTexture: object does not belong to this context @ http://localhost:3000/_next/static/chunks/node_modules_%40cesium_engine_Source_Renderer_1d3nafh._.js:3587
[  102594ms] [WARNING] WebGL: INVALID_OPERATION: bindTexture: object does not belong to this context @ http://localhost:3000/_next/static/chunks/node_modules_%40cesium_engine_Source_Renderer_1d3nafh._.js:3587
[  102606ms] [WARNING] WebGL: INVALID_OPERATION: bindTexture: object does not belong to this context @ http://localhost:3000/_next/static/chunks/node_modules_%40cesium_engine_Source_Renderer_1d3nafh._.js:3587
[  102606ms] [WARNING] WebGL: INVALID_OPERATION: bindTexture: object does not belong to this context @ http://localhost:3000/_next/static/chunks/node_modules_%40cesium_engine_Source_Renderer_1d3nafh._.js:3587
[  102606ms] [WARNING] WebGL: INVALID_OPERATION: bindTexture: object does not belong to this context @ http://localhost:3000/_next/static/chunks/node_modules_%40cesium_engine_Source_Renderer_1d3nafh._.js:3587
[  102606ms] [WARNING] WebGL: INVALID_OPERATION: bindTexture: object does not belong to this context @ http://localhost:3000/_next/static/chunks/node_modules_%40cesium_engine_Source_Renderer_1d3nafh._.js:3587
[  102606ms] [WARNING] WebGL: INVALID_OPERATION: bindTexture: object does not belong to this context @ http://localhost:3000/_next/static/chunks/node_modules_%40cesium_engine_Source_Renderer_1d3nafh._.js:3587
[  102606ms] [WARNING] WebGL: INVALID_OPERATION: bindTexture: object does not belong to this context @ http://localhost:3000/_next/static/chunks/node_modules_%40cesium_engine_Source_Renderer_1d3nafh._.js:3587
[  102607ms] [WARNING] WebGL: INVALID_OPERATION: bindTexture: object does not belong to this context @ http://localhost:3000/_next/static/chunks/node_modules_%40cesium_engine_Source_Renderer_1d3nafh._.js:3587
[  102607ms] [WARNING] WebGL: INVALID_OPERATION: bindTexture: object does not belong to this context @ http://localhost:3000/_next/static/chunks/node_modules_%40cesium_engine_Source_Renderer_1d3nafh._.js:3587
[  102614ms] [WARNING] WebGL: INVALID_OPERATION: bindTexture: object does not belong to this context @ http://localhost:3000/_next/static/chunks/node_modules_%40cesium_engine_Source_Renderer_1d3nafh._.js:3587
[  102614ms] [WARNING] WebGL: INVALID_OPERATION: bindTexture: object does not belong to this context @ http://localhost:3000/_next/static/chunks/node_modules_%40cesium_engine_Source_Renderer_1d3nafh._.js:3587
[  102614ms] [WARNING] WebGL: INVALID_OPERATION: bindTexture: object does not belong to this context @ http://localhost:3000/_next/static/chunks/node_modules_%40cesium_engine_Source_Renderer_1d3nafh._.js:3587
[  102614ms] [WARNING] WebGL: INVALID_OPERATION: bindTexture: object does not belong to this context @ http://localhost:3000/_next/static/chunks/node_modules_%40cesium_engine_Source_Renderer_1d3nafh._.js:3587
[  102614ms] [WARNING] WebGL: INVALID_OPERATION: bindTexture: object does not belong to this context @ http://localhost:3000/_next/static/chunks/node_modules_%40cesium_engine_Source_Renderer_1d3nafh._.js:3587
[  102614ms] [WARNING] WebGL: INVALID_OPERATION: bindTexture: object does not belong to this context @ http://localhost:3000/_next/static/chunks/node_modules_%40cesium_engine_Source_Renderer_1d3nafh._.js:3587
[  102614ms] [WARNING] WebGL: INVALID_OPERATION: bindTexture: object does not belong to this context @ http://localhost:3000/_next/static/chunks/node_modules_%40cesium_engine_Source_Renderer_1d3nafh._.js:3587
[  102614ms] [WARNING] WebGL: INVALID_OPERATION: bindTexture: object does not belong to this context @ http://localhost:3000/_next/static/chunks/node_modules_%40cesium_engine_Source_Renderer_1d3nafh._.js:3587
[  102633ms] [WARNING] WebGL: INVALID_OPERATION: bindTexture: object does not belong to this context @ http://localhost:3000/_next/static/chunks/node_modules_%40cesium_engine_Source_Renderer_1d3nafh._.js:3587
[  102633ms] [WARNING] WebGL: INVALID_OPERATION: bindTexture: object does not belong to this context @ http://localhost:3000/_next/static/chunks/node_modules_%40cesium_engine_Source_Renderer_1d3nafh._.js:3587
[  102633ms] [WARNING] WebGL: INVALID_OPERATION: bindTexture: object does not belong to this context @ http://localhost:3000/_next/static/chunks/node_modules_%40cesium_engine_Source_Renderer_1d3nafh._.js:3587
[  102633ms] [WARNING] WebGL: INVALID_OPERATION: bindTexture: object does not belong to this context @ http://localhost:3000/_next/static/chunks/node_modules_%40cesium_engine_Source_Renderer_1d3nafh._.js:3587
[  102633ms] [WARNING] WebGL: INVALID_OPERATION: bindTexture: object does not belong to this context @ http://localhost:3000/_next/static/chunks/node_modules_%40cesium_engine_Source_Renderer_1d3nafh._.js:3587
[  102633ms] [WARNING] WebGL: INVALID_OPERATION: bindTexture: object does not belong to this context @ http://localhost:3000/_next/static/chunks/node_modules_%40cesium_engine_Source_Renderer_1d3nafh._.js:3587
[  102633ms] [WARNING] WebGL: INVALID_OPERATION: bindTexture: object does not belong to this context @ http://localhost:3000/_next/static/chunks/node_modules_%40cesium_engine_Source_Renderer_1d3nafh._.js:3587
[  102633ms] [WARNING] WebGL: INVALID_OPERATION: bindTexture: object does not belong to this context @ http://localhost:3000/_next/static/chunks/node_modules_%40cesium_engine_Source_Renderer_1d3nafh._.js:3587
[  102633ms] [WARNING] WebGL: INVALID_OPERATION: bindTexture: object does not belong to this context @ http://localhost:3000/_next/static/chunks/node_modules_%40cesium_engine_Source_Renderer_1d3nafh._.js:3587
[  102633ms] [WARNING] WebGL: INVALID_OPERATION: bindTexture: object does not belong to this context @ http://localhost:3000/_next/static/chunks/node_modules_%40cesium_engine_Source_Renderer_1d3nafh._.js:3587
[  102633ms] [WARNING] WebGL: INVALID_OPERATION: bindTexture: object does not belong to this context @ http://localhost:3000/_next/static/chunks/node_modules_%40cesium_engine_Source_Renderer_1d3nafh._.js:3587
[  102634ms] [WARNING] WebGL: INVALID_OPERATION: bindTexture: object does not belong to this context @ http://localhost:3000/_next/static/chunks/node_modules_%40cesium_engine_Source_Renderer_1d3nafh._.js:3587
[  102634ms] [WARNING] WebGL: INVALID_OPERATION: bindTexture: object does not belong to this context @ http://localhost:3000/_next/static/chunks/node_modules_%40cesium_engine_Source_Renderer_1d3nafh._.js:3587
[  102634ms] [WARNING] WebGL: INVALID_OPERATION: bindTexture: object does not belong to this context @ http://localhost:3000/_next/static/chunks/node_modules_%40cesium_engine_Source_Renderer_1d3nafh._.js:3587
[  102634ms] [WARNING] WebGL: INVALID_OPERATION: bindTexture: object does not belong to this context @ http://localhost:3000/_next/static/chunks/node_modules_%40cesium_engine_Source_Renderer_1d3nafh._.js:3587
[  102634ms] [WARNING] WebGL: INVALID_OPERATION: bindTexture: object does not belong to this context @ http://localhost:3000/_next/static/chunks/node_modules_%40cesium_engine_Source_Renderer_1d3nafh._.js:3587
[  102634ms] [WARNING] WebGL: INVALID_OPERATION: bindTexture: object does not belong to this context @ http://localhost:3000/_next/static/chunks/node_modules_%40cesium_engine_Source_Renderer_1d3nafh._.js:3587
[  102634ms] [WARNING] WebGL: INVALID_OPERATION: bindTexture: object does not belong to this context @ http://localhost:3000/_next/static/chunks/node_modules_%40cesium_engine_Source_Renderer_1d3nafh._.js:3587
[  102649ms] [WARNING] WebGL: INVALID_OPERATION: bindTexture: object does not belong to this context @ http://localhost:3000/_next/static/chunks/node_modules_%40cesium_engine_Source_Renderer_1d3nafh._.js:3587
[  102649ms] [WARNING] WebGL: INVALID_OPERATION: bindTexture: object does not belong to this context @ http://localhost:3000/_next/static/chunks/node_modules_%40cesium_engine_Source_Renderer_1d3nafh._.js:3587
[  102649ms] [WARNING] WebGL: INVALID_OPERATION: bindTexture: object does not belong to this context @ http://localhost:3000/_next/static/chunks/node_modules_%40cesium_engine_Source_Renderer_1d3nafh._.js:3587
[  102650ms] [WARNING] WebGL: INVALID_OPERATION: bindTexture: object does not belong to this context @ http://localhost:3000/_next/static/chunks/node_modules_%40cesium_engine_Source_Renderer_1d3nafh._.js:3587
[  102650ms] [WARNING] WebGL: INVALID_OPERATION: bindTexture: object does not belong to this context @ http://localhost:3000/_next/static/chunks/node_modules_%40cesium_engine_Source_Renderer_1d3nafh._.js:3587
[  102650ms] [WARNING] WebGL: INVALID_OPERATION: bindTexture: object does not belong to this context @ http://localhost:3000/_next/static/chunks/node_modules_%40cesium_engine_Source_Renderer_1d3nafh._.js:3587
[  102650ms] [WARNING] WebGL: INVALID_OPERATION: bindTexture: object does not belong to this context @ http://localhost:3000/_next/static/chunks/node_modules_%40cesium_engine_Source_Renderer_1d3nafh._.js:3587
[  102650ms] [WARNING] WebGL: INVALID_OPERATION: bindTexture: object does not belong to this context @ http://localhost:3000/_next/static/chunks/node_modules_%40cesium_engine_Source_Renderer_1d3nafh._.js:3587
[  102650ms] [WARNING] WebGL: INVALID_OPERATION: bindTexture: object does not belong to this context @ http://localhost:3000/_next/static/chunks/node_modules_%40cesium_engine_Source_Renderer_1d3nafh._.js:3587
[  102650ms] [WARNING] WebGL: INVALID_OPERATION: bindTexture: object does not belong to this context @ http://localhost:3000/_next/static/chunks/node_modules_%40cesium_engine_Source_Renderer_1d3nafh._.js:3587
[  102651ms] [WARNING] WebGL: INVALID_OPERATION: bindTexture: object does not belong to this context @ http://localhost:3000/_next/static/chunks/node_modules_%40cesium_engine_Source_Renderer_1d3nafh._.js:3587
[  102651ms] [WARNING] WebGL: INVALID_OPERATION: bindTexture: object does not belong to this context @ http://localhost:3000/_next/static/chunks/node_modules_%40cesium_engine_Source_Renderer_1d3nafh._.js:3587
[  102656ms] [WARNING] WebGL: INVALID_OPERATION: bindTexture: object does not belong to this context @ http://localhost:3000/_next/static/chunks/node_modules_%40cesium_engine_Source_Renderer_1d3nafh._.js:3587
[  102656ms] [WARNING] WebGL: INVALID_OPERATION: bindTexture: object does not belong to this context @ http://localhost:3000/_next/static/chunks/node_modules_%40cesium_engine_Source_Renderer_1d3nafh._.js:3587
[  102656ms] [WARNING] WebGL: INVALID_OPERATION: bindTexture: object does not belong to this context @ http://localhost:3000/_next/static/chunks/node_modules_%40cesium_engine_Source_Renderer_1d3nafh._.js:3587
[  102656ms] [WARNING] WebGL: INVALID_OPERATION: bindTexture: object does not belong to this context @ http://localhost:3000/_next/static/chunks/node_modules_%40cesium_engine_Source_Renderer_1d3nafh._.js:3587
[  102656ms] [WARNING] WebGL: INVALID_OPERATION: bindTexture: object does not belong to this context @ http://localhost:3000/_next/static/chunks/node_modules_%40cesium_engine_Source_Renderer_1d3nafh._.js:3587
[  102656ms] [WARNING] WebGL: INVALID_OPERATION: bindTexture: object does not belong to this context @ http://localhost:3000/_next/static/chunks/node_modules_%40cesium_engine_Source_Renderer_1d3nafh._.js:3587
[  102656ms] [WARNING] WebGL: INVALID_OPERATION: bindTexture: object does not belong to this context @ http://localhost:3000/_next/static/chunks/node_modules_%40cesium_engine_Source_Renderer_1d3nafh._.js:3587
[  102657ms] [WARNING] WebGL: INVALID_OPERATION: bindTexture: object does not belong to this context @ http://localhost:3000/_next/static/chunks/node_modules_%40cesium_engine_Source_Renderer_1d3nafh._.js:3587
[  102657ms] [WARNING] WebGL: INVALID_OPERATION: bindTexture: object does not belong to this context @ http://localhost:3000/_next/static/chunks/node_modules_%40cesium_engine_Source_Renderer_1d3nafh._.js:3587
[  102657ms] [WARNING] WebGL: INVALID_OPERATION: bindTexture: object does not belong to this context @ http://localhost:3000/_next/static/chunks/node_modules_%40cesium_engine_Source_Renderer_1d3nafh._.js:3587
[  102657ms] [WARNING] WebGL: INVALID_OPERATION: bindTexture: object does not belong to this context @ http://localhost:3000/_next/static/chunks/node_modules_%40cesium_engine_Source_Renderer_1d3nafh._.js:3587
[  102657ms] [WARNING] WebGL: INVALID_OPERATION: bindTexture: object does not belong to this context @ http://localhost:3000/_next/static/chunks/node_modules_%40cesium_engine_Source_Renderer_1d3nafh._.js:3587
[  102657ms] [WARNING] WebGL: INVALID_OPERATION: bindTexture: object does not belong to this context @ http://localhost:3000/_next/static/chunks/node_modules_%40cesium_engine_Source_Renderer_1d3nafh._.js:3587
[  102657ms] [WARNING] WebGL: INVALID_OPERATION: bindTexture: object does not belong to this context @ http://localhost:3000/_next/static/chunks/node_modules_%40cesium_engine_Source_Renderer_1d3nafh._.js:3587
[  102657ms] [WARNING] WebGL: INVALID_OPERATION: bindTexture: object does not belong to this context @ http://localhost:3000/_next/static/chunks/node_modules_%40cesium_engine_Source_Renderer_1d3nafh._.js:3587
[  102657ms] [WARNING] WebGL: INVALID_OPERATION: bindTexture: object does not belong to this context @ http://localhost:3000/_next/static/chunks/node_modules_%40cesium_engine_Source_Renderer_1d3nafh._.js:3587
[  102657ms] [WARNING] WebGL: INVALID_OPERATION: bindTexture: object does not belong to this context @ http://localhost:3000/_next/static/chunks/node_modules_%40cesium_engine_Source_Renderer_1d3nafh._.js:3587
[  102657ms] [WARNING] WebGL: INVALID_OPERATION: bindTexture: object does not belong to this context @ http://localhost:3000/_next/static/chunks/node_modules_%40cesium_engine_Source_Renderer_1d3nafh._.js:3587
[  102657ms] [WARNING] WebGL: INVALID_OPERATION: bindTexture: object does not belong to this context @ http://localhost:3000/_next/static/chunks/node_modules_%40cesium_engine_Source_Renderer_1d3nafh._.js:3587
[  102657ms] [WARNING] WebGL: INVALID_OPERATION: bindTexture: object does not belong to this context @ http://localhost:3000/_next/static/chunks/node_modules_%40cesium_engine_Source_Renderer_1d3nafh._.js:3587
[  102657ms] [WARNING] WebGL: INVALID_OPERATION: bindTexture: object does not belong to this context @ http://localhost:3000/_next/static/chunks/node_modules_%40cesium_engine_Source_Renderer_1d3nafh._.js:3587
[  102658ms] [WARNING] WebGL: INVALID_OPERATION: bindTexture: object does not belong to this context @ http://localhost:3000/_next/static/chunks/node_modules_%40cesium_engine_Source_Renderer_1d3nafh._.js:3587
[  102658ms] [WARNING] WebGL: INVALID_OPERATION: bindTexture: object does not belong to this context @ http://localhost:3000/_next/static/chunks/node_modules_%40cesium_engine_Source_Renderer_1d3nafh._.js:3587
[  102658ms] [WARNING] WebGL: INVALID_OPERATION: bindTexture: object does not belong to this context @ http://localhost:3000/_next/static/chunks/node_modules_%40cesium_engine_Source_Renderer_1d3nafh._.js:3587
[  102658ms] [WARNING] WebGL: INVALID_OPERATION: bindTexture: object does not belong to this context @ http://localhost:3000/_next/static/chunks/node_modules_%40cesium_engine_Source_Renderer_1d3nafh._.js:3587
[  102658ms] [WARNING] WebGL: INVALID_OPERATION: bindTexture: object does not belong to this context @ http://localhost:3000/_next/static/chunks/node_modules_%40cesium_engine_Source_Renderer_1d3nafh._.js:3587
[  102658ms] [WARNING] WebGL: INVALID_OPERATION: bindTexture: object does not belong to this context @ http://localhost:3000/_next/static/chunks/node_modules_%40cesium_engine_Source_Renderer_1d3nafh._.js:3587
[  102658ms] [WARNING] WebGL: INVALID_OPERATION: bindTexture: object does not belong to this context @ http://localhost:3000/_next/static/chunks/node_modules_%40cesium_engine_Source_Renderer_1d3nafh._.js:3587
[  102658ms] [WARNING] WebGL: INVALID_OPERATION: bindTexture: object does not belong to this context @ http://localhost:3000/_next/static/chunks/node_modules_%40cesium_engine_Source_Renderer_1d3nafh._.js:3587
[  102658ms] [WARNING] WebGL: INVALID_OPERATION: bindTexture: object does not belong to this context @ http://localhost:3000/_next/static/chunks/node_modules_%40cesium_engine_Source_Renderer_1d3nafh._.js:3587
[  102669ms] [WARNING] WebGL: INVALID_OPERATION: bindTexture: object does not belong to this context @ http://localhost:3000/_next/static/chunks/node_modules_%40cesium_engine_Source_Renderer_1d3nafh._.js:3587
[  102669ms] [WARNING] WebGL: INVALID_OPERATION: bindTexture: object does not belong to this context @ http://localhost:3000/_next/static/chunks/node_modules_%40cesium_engine_Source_Renderer_1d3nafh._.js:3587
[  102669ms] [WARNING] WebGL: INVALID_OPERATION: bindTexture: object does not belong to this context @ http://localhost:3000/_next/static/chunks/node_modules_%40cesium_engine_Source_Renderer_1d3nafh._.js:3587
[  102669ms] [WARNING] WebGL: INVALID_OPERATION: bindTexture: object does not belong to this context @ http://localhost:3000/_next/static/chunks/node_modules_%40cesium_engine_Source_Renderer_1d3nafh._.js:3587
[  102669ms] [WARNING] WebGL: INVALID_OPERATION: bindTexture: object does not belong to this context @ http://localhost:3000/_next/static/chunks/node_modules_%40cesium_engine_Source_Renderer_1d3nafh._.js:3587
[  102669ms] [WARNING] WebGL: INVALID_OPERATION: bindTexture: object does not belong to this context @ http://localhost:3000/_next/static/chunks/node_modules_%40cesium_engine_Source_Renderer_1d3nafh._.js:3587
[  102669ms] [WARNING] WebGL: INVALID_OPERATION: bindTexture: object does not belong to this context @ http://localhost:3000/_next/static/chunks/node_modules_%40cesium_engine_Source_Renderer_1d3nafh._.js:3587
[  102669ms] [WARNING] WebGL: INVALID_OPERATION: bindTexture: object does not belong to this context @ http://localhost:3000/_next/static/chunks/node_modules_%40cesium_engine_Source_Renderer_1d3nafh._.js:3587
[  102670ms] [WARNING] WebGL: INVALID_OPERATION: bindTexture: object does not belong to this context @ http://localhost:3000/_next/static/chunks/node_modules_%40cesium_engine_Source_Renderer_1d3nafh._.js:3587
[  102670ms] [WARNING] WebGL: INVALID_OPERATION: bindTexture: object does not belong to this context @ http://localhost:3000/_next/static/chunks/node_modules_%40cesium_engine_Source_Renderer_1d3nafh._.js:3587
[  102670ms] [WARNING] WebGL: INVALID_OPERATION: bindTexture: object does not belong to this context @ http://localhost:3000/_next/static/chunks/node_modules_%40cesium_engine_Source_Renderer_1d3nafh._.js:3587
[  102670ms] [WARNING] WebGL: INVALID_OPERATION: bindTexture: object does not belong to this context @ http://localhost:3000/_next/static/chunks/node_modules_%40cesium_engine_Source_Renderer_1d3nafh._.js:3587
[  102670ms] [WARNING] WebGL: INVALID_OPERATION: bindTexture: object does not belong to this context @ http://localhost:3000/_next/static/chunks/node_modules_%40cesium_engine_Source_Renderer_1d3nafh._.js:3587
[  102670ms] [WARNING] WebGL: INVALID_OPERATION: bindTexture: object does not belong to this context @ http://localhost:3000/_next/static/chunks/node_modules_%40cesium_engine_Source_Renderer_1d3nafh._.js:3587
[  102670ms] [WARNING] WebGL: INVALID_OPERATION: bindTexture: object does not belong to this context @ http://localhost:3000/_next/static/chunks/node_modules_%40cesium_engine_Source_Renderer_1d3nafh._.js:3587
[  102670ms] [WARNING] WebGL: INVALID_OPERATION: bindTexture: object does not belong to this context @ http://localhost:3000/_next/static/chunks/node_modules_%40cesium_engine_Source_Renderer_1d3nafh._.js:3587
[  102670ms] [WARNING] WebGL: INVALID_OPERATION: bindTexture: object does not belong to this context @ http://localhost:3000/_next/static/chunks/node_modules_%40cesium_engine_Source_Renderer_1d3nafh._.js:3587
[  102670ms] [WARNING] WebGL: INVALID_OPERATION: bindTexture: object does not belong to this context @ http://localhost:3000/_next/static/chunks/node_modules_%40cesium_engine_Source_Renderer_1d3nafh._.js:3587
[  102670ms] [WARNING] WebGL: INVALID_OPERATION: bindTexture: object does not belong to this context @ http://localhost:3000/_next/static/chunks/node_modules_%40cesium_engine_Source_Renderer_1d3nafh._.js:3587
[  102670ms] [WARNING] WebGL: INVALID_OPERATION: bindTexture: object does not belong to this context @ http://localhost:3000/_next/static/chunks/node_modules_%40cesium_engine_Source_Renderer_1d3nafh._.js:3587
[  102670ms] [WARNING] WebGL: INVALID_OPERATION: bindTexture: object does not belong to this context @ http://localhost:3000/_next/static/chunks/node_modules_%40cesium_engine_Source_Renderer_1d3nafh._.js:3587
[  102670ms] [WARNING] WebGL: INVALID_OPERATION: bindTexture: object does not belong to this context @ http://localhost:3000/_next/static/chunks/node_modules_%40cesium_engine_Source_Renderer_1d3nafh._.js:3587
[  102670ms] [WARNING] WebGL: INVALID_OPERATION: bindTexture: object does not belong to this context @ http://localhost:3000/_next/static/chunks/node_modules_%40cesium_engine_Source_Renderer_1d3nafh._.js:3587
[  102670ms] [WARNING] WebGL: INVALID_OPERATION: bindTexture: object does not belong to this context @ http://localhost:3000/_next/static/chunks/node_modules_%40cesium_engine_Source_Renderer_1d3nafh._.js:3587
[  102670ms] [WARNING] WebGL: INVALID_OPERATION: bindTexture: object does not belong to this context @ http://localhost:3000/_next/static/chunks/node_modules_%40cesium_engine_Source_Renderer_1d3nafh._.js:3587
[  102670ms] [WARNING] WebGL: INVALID_OPERATION: bindTexture: object does not belong to this context @ http://localhost:3000/_next/static/chunks/node_modules_%40cesium_engine_Source_Renderer_1d3nafh._.js:3587
[  102670ms] [WARNING] WebGL: INVALID_OPERATION: bindTexture: object does not belong to this context @ http://localhost:3000/_next/static/chunks/node_modules_%40cesium_engine_Source_Renderer_1d3nafh._.js:3587
[  102671ms] [WARNING] WebGL: INVALID_OPERATION: bindTexture: object does not belong to this context @ http://localhost:3000/_next/static/chunks/node_modules_%40cesium_engine_Source_Renderer_1d3nafh._.js:3587
[  102671ms] [WARNING] WebGL: INVALID_OPERATION: bindTexture: object does not belong to this context @ http://localhost:3000/_next/static/chunks/node_modules_%40cesium_engine_Source_Renderer_1d3nafh._.js:3587
[  102671ms] [WARNING] WebGL: INVALID_OPERATION: bindTexture: object does not belong to this context @ http://localhost:3000/_next/static/chunks/node_modules_%40cesium_engine_Source_Renderer_1d3nafh._.js:3587
[  102679ms] [WARNING] WebGL: INVALID_OPERATION: bindTexture: object does not belong to this context @ http://localhost:3000/_next/static/chunks/node_modules_%40cesium_engine_Source_Renderer_1d3nafh._.js:3587
[  102679ms] [WARNING] WebGL: INVALID_OPERATION: bindTexture: object does not belong to this context @ http://localhost:3000/_next/static/chunks/node_modules_%40cesium_engine_Source_Renderer_1d3nafh._.js:3587
[  102679ms] [WARNING] WebGL: INVALID_OPERATION: bindTexture: object does not belong to this context @ http://localhost:3000/_next/static/chunks/node_modules_%40cesium_engine_Source_Renderer_1d3nafh._.js:3587
[  102679ms] [WARNING] WebGL: INVALID_OPERATION: bindTexture: object does not belong to this context @ http://localhost:3000/_next/static/chunks/node_modules_%40cesium_engine_Source_Renderer_1d3nafh._.js:3587
[  102679ms] [WARNING] WebGL: INVALID_OPERATION: bindTexture: object does not belong to this context @ http://localhost:3000/_next/static/chunks/node_modules_%40cesium_engine_Source_Renderer_1d3nafh._.js:3587
[  102679ms] [WARNING] WebGL: INVALID_OPERATION: bindTexture: object does not belong to this context @ http://localhost:3000/_next/static/chunks/node_modules_%40cesium_engine_Source_Renderer_1d3nafh._.js:3587
[  102679ms] [WARNING] WebGL: INVALID_OPERATION: bindTexture: object does not belong to this context @ http://localhost:3000/_next/static/chunks/node_modules_%40cesium_engine_Source_Renderer_1d3nafh._.js:3587
[  102679ms] [WARNING] WebGL: INVALID_OPERATION: bindTexture: object does not belong to this context @ http://localhost:3000/_next/static/chunks/node_modules_%40cesium_engine_Source_Renderer_1d3nafh._.js:3587
[  102679ms] [WARNING] WebGL: INVALID_OPERATION: bindTexture: object does not belong to this context @ http://localhost:3000/_next/static/chunks/node_modules_%40cesium_engine_Source_Renderer_1d3nafh._.js:3587
[  102679ms] [WARNING] WebGL: INVALID_OPERATION: bindTexture: object does not belong to this context @ http://localhost:3000/_next/static/chunks/node_modules_%40cesium_engine_Source_Renderer_1d3nafh._.js:3587
[  102679ms] [WARNING] WebGL: INVALID_OPERATION: bindTexture: object does not belong to this context @ http://localhost:3000/_next/static/chunks/node_modules_%40cesium_engine_Source_Renderer_1d3nafh._.js:3587
[  102680ms] [WARNING] WebGL: INVALID_OPERATION: bindTexture: object does not belong to this context @ http://localhost:3000/_next/static/chunks/node_modules_%40cesium_engine_Source_Renderer_1d3nafh._.js:3587
[  102680ms] [WARNING] WebGL: INVALID_OPERATION: bindTexture: object does not belong to this context @ http://localhost:3000/_next/static/chunks/node_modules_%40cesium_engine_Source_Renderer_1d3nafh._.js:3587
[  102680ms] [WARNING] WebGL: INVALID_OPERATION: bindTexture: object does not belong to this context @ http://localhost:3000/_next/static/chunks/node_modules_%40cesium_engine_Source_Renderer_1d3nafh._.js:3587
[  102680ms] [WARNING] WebGL: INVALID_OPERATION: bindTexture: object does not belong to this context @ http://localhost:3000/_next/static/chunks/node_modules_%40cesium_engine_Source_Renderer_1d3nafh._.js:3587
[  102680ms] [WARNING] WebGL: INVALID_OPERATION: bindTexture: object does not belong to this context @ http://localhost:3000/_next/static/chunks/node_modules_%40cesium_engine_Source_Renderer_1d3nafh._.js:3587
[  102680ms] [WARNING] WebGL: INVALID_OPERATION: bindTexture: object does not belong to this context @ http://localhost:3000/_next/static/chunks/node_modules_%40cesium_engine_Source_Renderer_1d3nafh._.js:3587
[  102680ms] [WARNING] WebGL: INVALID_OPERATION: bindTexture: object does not belong to this context @ http://localhost:3000/_next/static/chunks/node_modules_%40cesium_engine_Source_Renderer_1d3nafh._.js:3587
[  102680ms] [WARNING] WebGL: INVALID_OPERATION: bindTexture: object does not belong to this context @ http://localhost:3000/_next/static/chunks/node_modules_%40cesium_engine_Source_Renderer_1d3nafh._.js:3587
[  102680ms] [WARNING] WebGL: INVALID_OPERATION: bindTexture: object does not belong to this context @ http://localhost:3000/_next/static/chunks/node_modules_%40cesium_engine_Source_Renderer_1d3nafh._.js:3587
[  102680ms] [WARNING] WebGL: INVALID_OPERATION: bindTexture: object does not belong to this context @ http://localhost:3000/_next/static/chunks/node_modules_%40cesium_engine_Source_Renderer_1d3nafh._.js:3587
[  102680ms] [WARNING] WebGL: INVALID_OPERATION: bindTexture: object does not belong to this context @ http://localhost:3000/_next/static/chunks/node_modules_%40cesium_engine_Source_Renderer_1d3nafh._.js:3587
[  102680ms] [WARNING] WebGL: INVALID_OPERATION: bindTexture: object does not belong to this context @ http://localhost:3000/_next/static/chunks/node_modules_%40cesium_engine_Source_Renderer_1d3nafh._.js:3587
[  102680ms] [WARNING] WebGL: INVALID_OPERATION: bindTexture: object does not belong to this context @ http://localhost:3000/_next/static/chunks/node_modules_%40cesium_engine_Source_Renderer_1d3nafh._.js:3587
[  102680ms] [WARNING] WebGL: INVALID_OPERATION: bindTexture: object does not belong to this context @ http://localhost:3000/_next/static/chunks/node_modules_%40cesium_engine_Source_Renderer_1d3nafh._.js:3587
[  102680ms] [WARNING] WebGL: INVALID_OPERATION: bindTexture: object does not belong to this context @ http://localhost:3000/_next/static/chunks/node_modules_%40cesium_engine_Source_Renderer_1d3nafh._.js:3587
[  102680ms] [WARNING] WebGL: INVALID_OPERATION: bindTexture: object does not belong to this context @ http://localhost:3000/_next/static/chunks/node_modules_%40cesium_engine_Source_Renderer_1d3nafh._.js:3587
[  102680ms] [WARNING] WebGL: INVALID_OPERATION: bindTexture: object does not belong to this context @ http://localhost:3000/_next/static/chunks/node_modules_%40cesium_engine_Source_Renderer_1d3nafh._.js:3587
[  102680ms] [WARNING] WebGL: INVALID_OPERATION: bindTexture: object does not belong to this context @ http://localhost:3000/_next/static/chunks/node_modules_%40cesium_engine_Source_Renderer_1d3nafh._.js:3587
[  102680ms] [WARNING] WebGL: INVALID_OPERATION: bindTexture: object does not belong to this context @ http://localhost:3000/_next/static/chunks/node_modules_%40cesium_engine_Source_Renderer_1d3nafh._.js:3587
[  102693ms] [WARNING] WebGL: INVALID_OPERATION: bindTexture: object does not belong to this context @ http://localhost:3000/_next/static/chunks/node_modules_%40cesium_engine_Source_Renderer_1d3nafh._.js:3587
[  102693ms] [WARNING] WebGL: INVALID_OPERATION: bindTexture: object does not belong to this context @ http://localhost:3000/_next/static/chunks/node_modules_%40cesium_engine_Source_Renderer_1d3nafh._.js:3587
[  102694ms] [WARNING] WebGL: INVALID_OPERATION: bindTexture: object does not belong to this context @ http://localhost:3000/_next/static/chunks/node_modules_%40cesium_engine_Source_Renderer_1d3nafh._.js:3587
[  102694ms] [WARNING] WebGL: INVALID_OPERATION: bindTexture: object does not belong to this context @ http://localhost:3000/_next/static/chunks/node_modules_%40cesium_engine_Source_Renderer_1d3nafh._.js:3587
[  102694ms] [WARNING] WebGL: INVALID_OPERATION: bindTexture: object does not belong to this context @ http://localhost:3000/_next/static/chunks/node_modules_%40cesium_engine_Source_Renderer_1d3nafh._.js:3587
[  102694ms] [WARNING] WebGL: INVALID_OPERATION: bindTexture: object does not belong to this context @ http://localhost:3000/_next/static/chunks/node_modules_%40cesium_engine_Source_Renderer_1d3nafh._.js:3587
[  102694ms] [WARNING] WebGL: INVALID_OPERATION: bindTexture: object does not belong to this context @ http://localhost:3000/_next/static/chunks/node_modules_%40cesium_engine_Source_Renderer_1d3nafh._.js:3587
[  102694ms] [WARNING] WebGL: INVALID_OPERATION: bindTexture: object does not belong to this context @ http://localhost:3000/_next/static/chunks/node_modules_%40cesium_engine_Source_Renderer_1d3nafh._.js:3587
[  102694ms] [WARNING] WebGL: INVALID_OPERATION: bindTexture: object does not belong to this context @ http://localhost:3000/_next/static/chunks/node_modules_%40cesium_engine_Source_Renderer_1d3nafh._.js:3587
[  102694ms] [WARNING] WebGL: INVALID_OPERATION: bindTexture: object does not belong to this context @ http://localhost:3000/_next/static/chunks/node_modules_%40cesium_engine_Source_Renderer_1d3nafh._.js:3587
[  102694ms] [WARNING] WebGL: INVALID_OPERATION: bindTexture: object does not belong to this context @ http://localhost:3000/_next/static/chunks/node_modules_%40cesium_engine_Source_Renderer_1d3nafh._.js:3587
[  102694ms] [WARNING] WebGL: INVALID_OPERATION: bindTexture: object does not belong to this context @ http://localhost:3000/_next/static/chunks/node_modules_%40cesium_engine_Source_Renderer_1d3nafh._.js:3587
[  102694ms] [WARNING] WebGL: INVALID_OPERATION: bindTexture: object does not belong to this context @ http://localhost:3000/_next/static/chunks/node_modules_%40cesium_engine_Source_Renderer_1d3nafh._.js:3587
[  102694ms] [WARNING] WebGL: INVALID_OPERATION: bindTexture: object does not belong to this context @ http://localhost:3000/_next/static/chunks/node_modules_%40cesium_engine_Source_Renderer_1d3nafh._.js:3587
[  102694ms] [WARNING] WebGL: INVALID_OPERATION: bindTexture: object does not belong to this context @ http://localhost:3000/_next/static/chunks/node_modules_%40cesium_engine_Source_Renderer_1d3nafh._.js:3587
[  102694ms] [WARNING] WebGL: INVALID_OPERATION: bindTexture: object does not belong to this context @ http://localhost:3000/_next/static/chunks/node_modules_%40cesium_engine_Source_Renderer_1d3nafh._.js:3587
[  102694ms] [WARNING] WebGL: INVALID_OPERATION: bindTexture: object does not belong to this context @ http://localhost:3000/_next/static/chunks/node_modules_%40cesium_engine_Source_Renderer_1d3nafh._.js:3587
[  102695ms] [WARNING] WebGL: INVALID_OPERATION: bindTexture: object does not belong to this context @ http://localhost:3000/_next/static/chunks/node_modules_%40cesium_engine_Source_Renderer_1d3nafh._.js:3587
[  102695ms] [WARNING] WebGL: INVALID_OPERATION: bindTexture: object does not belong to this context @ http://localhost:3000/_next/static/chunks/node_modules_%40cesium_engine_Source_Renderer_1d3nafh._.js:3587
[  102695ms] [WARNING] WebGL: INVALID_OPERATION: bindTexture: object does not belong to this context @ http://localhost:3000/_next/static/chunks/node_modules_%40cesium_engine_Source_Renderer_1d3nafh._.js:3587
[  102695ms] [WARNING] WebGL: INVALID_OPERATION: bindTexture: object does not belong to this context @ http://localhost:3000/_next/static/chunks/node_modules_%40cesium_engine_Source_Renderer_1d3nafh._.js:3587
[  102695ms] [WARNING] WebGL: INVALID_OPERATION: bindTexture: object does not belong to this context @ http://localhost:3000/_next/static/chunks/node_modules_%40cesium_engine_Source_Renderer_1d3nafh._.js:3587
[  102695ms] [WARNING] WebGL: INVALID_OPERATION: bindTexture: object does not belong to this context @ http://localhost:3000/_next/static/chunks/node_modules_%40cesium_engine_Source_Renderer_1d3nafh._.js:3587
[  102695ms] [WARNING] WebGL: INVALID_OPERATION: bindTexture: object does not belong to this context @ http://localhost:3000/_next/static/chunks/node_modules_%40cesium_engine_Source_Renderer_1d3nafh._.js:3587
[  102695ms] [WARNING] WebGL: INVALID_OPERATION: bindTexture: object does not belong to this context @ http://localhost:3000/_next/static/chunks/node_modules_%40cesium_engine_Source_Renderer_1d3nafh._.js:3587
[  102696ms] [WARNING] WebGL: INVALID_OPERATION: bindTexture: object does not belong to this context @ http://localhost:3000/_next/static/chunks/node_modules_%40cesium_engine_Source_Renderer_1d3nafh._.js:3587
[  102696ms] [WARNING] WebGL: INVALID_OPERATION: bindTexture: object does not belong to this context @ http://localhost:3000/_next/static/chunks/node_modules_%40cesium_engine_Source_Renderer_1d3nafh._.js:3587
[  102696ms] [WARNING] WebGL: INVALID_OPERATION: bindTexture: object does not belong to this context @ http://localhost:3000/_next/static/chunks/node_modules_%40cesium_engine_Source_Renderer_1d3nafh._.js:3587
[  102696ms] [WARNING] WebGL: INVALID_OPERATION: bindTexture: object does not belong to this context @ http://localhost:3000/_next/static/chunks/node_modules_%40cesium_engine_Source_Renderer_1d3nafh._.js:3587
[  102696ms] [WARNING] WebGL: INVALID_OPERATION: bindTexture: object does not belong to this context @ http://localhost:3000/_next/static/chunks/node_modules_%40cesium_engine_Source_Renderer_1d3nafh._.js:3587
[  102717ms] [WARNING] WebGL: INVALID_OPERATION: bindTexture: object does not belong to this context @ http://localhost:3000/_next/static/chunks/node_modules_%40cesium_engine_Source_Renderer_1d3nafh._.js:3587
[  102718ms] [WARNING] WebGL: INVALID_OPERATION: bindTexture: object does not belong to this context @ http://localhost:3000/_next/static/chunks/node_modules_%40cesium_engine_Source_Renderer_1d3nafh._.js:3587
[  102718ms] [WARNING] WebGL: INVALID_OPERATION: bindTexture: object does not belong to this context @ http://localhost:3000/_next/static/chunks/node_modules_%40cesium_engine_Source_Renderer_1d3nafh._.js:3587
[  102718ms] [WARNING] WebGL: INVALID_OPERATION: bindTexture: object does not belong to this context @ http://localhost:3000/_next/static/chunks/node_modules_%40cesium_engine_Source_Renderer_1d3nafh._.js:3587
[  102718ms] [WARNING] WebGL: INVALID_OPERATION: bindTexture: object does not belong to this context @ http://localhost:3000/_next/static/chunks/node_modules_%40cesium_engine_Source_Renderer_1d3nafh._.js:3587
[  102718ms] [WARNING] WebGL: INVALID_OPERATION: bindTexture: object does not belong to this context @ http://localhost:3000/_next/static/chunks/node_modules_%40cesium_engine_Source_Renderer_1d3nafh._.js:3587
[  102718ms] [WARNING] WebGL: INVALID_OPERATION: bindTexture: object does not belong to this context @ http://localhost:3000/_next/static/chunks/node_modules_%40cesium_engine_Source_Renderer_1d3nafh._.js:3587
[  102718ms] [WARNING] WebGL: INVALID_OPERATION: bindTexture: object does not belong to this context @ http://localhost:3000/_next/static/chunks/node_modules_%40cesium_engine_Source_Renderer_1d3nafh._.js:3587
[  102718ms] [WARNING] WebGL: INVALID_OPERATION: bindTexture: object does not belong to this context @ http://localhost:3000/_next/static/chunks/node_modules_%40cesium_engine_Source_Renderer_1d3nafh._.js:3587
[  102719ms] [WARNING] WebGL: INVALID_OPERATION: bindTexture: object does not belong to this context @ http://localhost:3000/_next/static/chunks/node_modules_%40cesium_engine_Source_Renderer_1d3nafh._.js:3587
[  102719ms] [WARNING] WebGL: INVALID_OPERATION: bindTexture: object does not belong to this context @ http://localhost:3000/_next/static/chunks/node_modules_%40cesium_engine_Source_Renderer_1d3nafh._.js:3587
[  102719ms] [WARNING] WebGL: INVALID_OPERATION: bindTexture: object does not belong to this context @ http://localhost:3000/_next/static/chunks/node_modules_%40cesium_engine_Source_Renderer_1d3nafh._.js:3587
[  102719ms] [WARNING] WebGL: INVALID_OPERATION: bindTexture: object does not belong to this context @ http://localhost:3000/_next/static/chunks/node_modules_%40cesium_engine_Source_Renderer_1d3nafh._.js:3587
[  102719ms] [WARNING] WebGL: INVALID_OPERATION: bindTexture: object does not belong to this context @ http://localhost:3000/_next/static/chunks/node_modules_%40cesium_engine_Source_Renderer_1d3nafh._.js:3587
[  102720ms] [WARNING] WebGL: INVALID_OPERATION: bindTexture: object does not belong to this context @ http://localhost:3000/_next/static/chunks/node_modules_%40cesium_engine_Source_Renderer_1d3nafh._.js:3587
[  102720ms] [WARNING] WebGL: INVALID_OPERATION: bindTexture: object does not belong to this context @ http://localhost:3000/_next/static/chunks/node_modules_%40cesium_engine_Source_Renderer_1d3nafh._.js:3587
[  102720ms] [WARNING] WebGL: INVALID_OPERATION: bindTexture: object does not belong to this context @ http://localhost:3000/_next/static/chunks/node_modules_%40cesium_engine_Source_Renderer_1d3nafh._.js:3587
[  102720ms] [WARNING] WebGL: INVALID_OPERATION: bindTexture: object does not belong to this context @ http://localhost:3000/_next/static/chunks/node_modules_%40cesium_engine_Source_Renderer_1d3nafh._.js:3587
[  102720ms] [WARNING] WebGL: INVALID_OPERATION: bindTexture: object does not belong to this context @ http://localhost:3000/_next/static/chunks/node_modules_%40cesium_engine_Source_Renderer_1d3nafh._.js:3587
[  102721ms] [WARNING] WebGL: INVALID_OPERATION: bindTexture: object does not belong to this context @ http://localhost:3000/_next/static/chunks/node_modules_%40cesium_engine_Source_Renderer_1d3nafh._.js:3587
[  102721ms] [WARNING] WebGL: INVALID_OPERATION: bindTexture: object does not belong to this context @ http://localhost:3000/_next/static/chunks/node_modules_%40cesium_engine_Source_Renderer_1d3nafh._.js:3587
[  102721ms] [WARNING] WebGL: INVALID_OPERATION: bindTexture: object does not belong to this context @ http://localhost:3000/_next/static/chunks/node_modules_%40cesium_engine_Source_Renderer_1d3nafh._.js:3587
[  102721ms] [WARNING] WebGL: INVALID_OPERATION: bindTexture: object does not belong to this context @ http://localhost:3000/_next/static/chunks/node_modules_%40cesium_engine_Source_Renderer_1d3nafh._.js:3587
[  102721ms] [WARNING] WebGL: INVALID_OPERATION: bindTexture: object does not belong to this context @ http://localhost:3000/_next/static/chunks/node_modules_%40cesium_engine_Source_Renderer_1d3nafh._.js:3587
[  102722ms] [WARNING] WebGL: INVALID_OPERATION: bindTexture: object does not belong to this context @ http://localhost:3000/_next/static/chunks/node_modules_%40cesium_engine_Source_Renderer_1d3nafh._.js:3587
[  102722ms] [WARNING] WebGL: INVALID_OPERATION: bindTexture: object does not belong to this context @ http://localhost:3000/_next/static/chunks/node_modules_%40cesium_engine_Source_Renderer_1d3nafh._.js:3587
[  102722ms] [WARNING] WebGL: INVALID_OPERATION: bindTexture: object does not belong to this context @ http://localhost:3000/_next/static/chunks/node_modules_%40cesium_engine_Source_Renderer_1d3nafh._.js:3587
[  102722ms] [WARNING] WebGL: INVALID_OPERATION: bindTexture: object does not belong to this context @ http://localhost:3000/_next/static/chunks/node_modules_%40cesium_engine_Source_Renderer_1d3nafh._.js:3587
[  102722ms] [WARNING] WebGL: INVALID_OPERATION: bindTexture: object does not belong to this context @ http://localhost:3000/_next/static/chunks/node_modules_%40cesium_engine_Source_Renderer_1d3nafh._.js:3587
[  102722ms] [WARNING] WebGL: INVALID_OPERATION: bindTexture: object does not belong to this context @ http://localhost:3000/_next/static/chunks/node_modules_%40cesium_engine_Source_Renderer_1d3nafh._.js:3587
[  102734ms] [WARNING] WebGL: INVALID_OPERATION: bindTexture: object does not belong to this context @ http://localhost:3000/_next/static/chunks/node_modules_%40cesium_engine_Source_Renderer_1d3nafh._.js:3587
[  102734ms] [WARNING] WebGL: INVALID_OPERATION: bindTexture: object does not belong to this context @ http://localhost:3000/_next/static/chunks/node_modules_%40cesium_engine_Source_Renderer_1d3nafh._.js:3587
[  102734ms] [WARNING] WebGL: INVALID_OPERATION: bindTexture: object does not belong to this context @ http://localhost:3000/_next/static/chunks/node_modules_%40cesium_engine_Source_Renderer_1d3nafh._.js:3587
[  102734ms] [WARNING] WebGL: INVALID_OPERATION: bindTexture: object does not belong to this context @ http://localhost:3000/_next/static/chunks/node_modules_%40cesium_engine_Source_Renderer_1d3nafh._.js:3587
[  102734ms] [WARNING] WebGL: INVALID_OPERATION: bindTexture: object does not belong to this context @ http://localhost:3000/_next/static/chunks/node_modules_%40cesium_engine_Source_Renderer_1d3nafh._.js:3587
[  102734ms] [WARNING] WebGL: INVALID_OPERATION: bindTexture: object does not belong to this context @ http://localhost:3000/_next/static/chunks/node_modules_%40cesium_engine_Source_Renderer_1d3nafh._.js:3587
[  102734ms] [WARNING] WebGL: INVALID_OPERATION: bindTexture: object does not belong to this context @ http://localhost:3000/_next/static/chunks/node_modules_%40cesium_engine_Source_Renderer_1d3nafh._.js:3587
[  102734ms] [WARNING] WebGL: INVALID_OPERATION: bindTexture: object does not belong to this context @ http://localhost:3000/_next/static/chunks/node_modules_%40cesium_engine_Source_Renderer_1d3nafh._.js:3587
[  102734ms] [WARNING] WebGL: INVALID_OPERATION: bindTexture: object does not belong to this context @ http://localhost:3000/_next/static/chunks/node_modules_%40cesium_engine_Source_Renderer_1d3nafh._.js:3587
[  102735ms] [WARNING] WebGL: INVALID_OPERATION: bindTexture: object does not belong to this context @ http://localhost:3000/_next/static/chunks/node_modules_%40cesium_engine_Source_Renderer_1d3nafh._.js:3587
[  102735ms] [WARNING] WebGL: INVALID_OPERATION: bindTexture: object does not belong to this context @ http://localhost:3000/_next/static/chunks/node_modules_%40cesium_engine_Source_Renderer_1d3nafh._.js:3587
[  102735ms] [WARNING] WebGL: INVALID_OPERATION: bindTexture: object does not belong to this context @ http://localhost:3000/_next/static/chunks/node_modules_%40cesium_engine_Source_Renderer_1d3nafh._.js:3587
[  102735ms] [WARNING] WebGL: INVALID_OPERATION: bindTexture: object does not belong to this context @ http://localhost:3000/_next/static/chunks/node_modules_%40cesium_engine_Source_Renderer_1d3nafh._.js:3587
[  102735ms] [WARNING] WebGL: INVALID_OPERATION: bindTexture: object does not belong to this context @ http://localhost:3000/_next/static/chunks/node_modules_%40cesium_engine_Source_Renderer_1d3nafh._.js:3587
[  102735ms] [WARNING] WebGL: INVALID_OPERATION: bindTexture: object does not belong to this context @ http://localhost:3000/_next/static/chunks/node_modules_%40cesium_engine_Source_Renderer_1d3nafh._.js:3587
[  102735ms] [WARNING] WebGL: INVALID_OPERATION: bindTexture: object does not belong to this context @ http://localhost:3000/_next/static/chunks/node_modules_%40cesium_engine_Source_Renderer_1d3nafh._.js:3587
[  102735ms] [WARNING] WebGL: INVALID_OPERATION: bindTexture: object does not belong to this context @ http://localhost:3000/_next/static/chunks/node_modules_%40cesium_engine_Source_Renderer_1d3nafh._.js:3587
[  102735ms] [WARNING] WebGL: INVALID_OPERATION: bindTexture: object does not belong to this context @ http://localhost:3000/_next/static/chunks/node_modules_%40cesium_engine_Source_Renderer_1d3nafh._.js:3587
[  102735ms] [WARNING] WebGL: INVALID_OPERATION: bindTexture: object does not belong to this context @ http://localhost:3000/_next/static/chunks/node_modules_%40cesium_engine_Source_Renderer_1d3nafh._.js:3587
[  102735ms] [WARNING] WebGL: INVALID_OPERATION: bindTexture: object does not belong to this context @ http://localhost:3000/_next/static/chunks/node_modules_%40cesium_engine_Source_Renderer_1d3nafh._.js:3587
[  102735ms] [WARNING] WebGL: INVALID_OPERATION: bindTexture: object does not belong to this context @ http://localhost:3000/_next/static/chunks/node_modules_%40cesium_engine_Source_Renderer_1d3nafh._.js:3587
[  102735ms] [WARNING] WebGL: INVALID_OPERATION: bindTexture: object does not belong to this context @ http://localhost:3000/_next/static/chunks/node_modules_%40cesium_engine_Source_Renderer_1d3nafh._.js:3587
[  102736ms] [WARNING] WebGL: INVALID_OPERATION: bindTexture: object does not belong to this context @ http://localhost:3000/_next/static/chunks/node_modules_%40cesium_engine_Source_Renderer_1d3nafh._.js:3587
[  102736ms] [WARNING] WebGL: INVALID_OPERATION: bindTexture: object does not belong to this context @ http://localhost:3000/_next/static/chunks/node_modules_%40cesium_engine_Source_Renderer_1d3nafh._.js:3587
[  102736ms] [WARNING] WebGL: INVALID_OPERATION: bindTexture: object does not belong to this context @ http://localhost:3000/_next/static/chunks/node_modules_%40cesium_engine_Source_Renderer_1d3nafh._.js:3587
[  102736ms] [WARNING] WebGL: INVALID_OPERATION: bindTexture: object does not belong to this context @ http://localhost:3000/_next/static/chunks/node_modules_%40cesium_engine_Source_Renderer_1d3nafh._.js:3587
[  102736ms] [WARNING] WebGL: INVALID_OPERATION: bindTexture: object does not belong to this context @ http://localhost:3000/_next/static/chunks/node_modules_%40cesium_engine_Source_Renderer_1d3nafh._.js:3587
[  102736ms] [WARNING] WebGL: INVALID_OPERATION: bindTexture: object does not belong to this context @ http://localhost:3000/_next/static/chunks/node_modules_%40cesium_engine_Source_Renderer_1d3nafh._.js:3587
[  102736ms] [WARNING] WebGL: INVALID_OPERATION: bindTexture: object does not belong to this context @ http://localhost:3000/_next/static/chunks/node_modules_%40cesium_engine_Source_Renderer_1d3nafh._.js:3587
[  102737ms] [WARNING] WebGL: INVALID_OPERATION: bindTexture: object does not belong to this context @ http://localhost:3000/_next/static/chunks/node_modules_%40cesium_engine_Source_Renderer_1d3nafh._.js:3587
[  102742ms] [WARNING] WebGL: INVALID_OPERATION: bindTexture: object does not belong to this context @ http://localhost:3000/_next/static/chunks/node_modules_%40cesium_engine_Source_Renderer_1d3nafh._.js:3587
[  102742ms] [WARNING] WebGL: INVALID_OPERATION: bindTexture: object does not belong to this context @ http://localhost:3000/_next/static/chunks/node_modules_%40cesium_engine_Source_Renderer_1d3nafh._.js:3587
[  102742ms] [WARNING] WebGL: INVALID_OPERATION: bindTexture: object does not belong to this context @ http://localhost:3000/_next/static/chunks/node_modules_%40cesium_engine_Source_Renderer_1d3nafh._.js:3587
[  102743ms] [WARNING] WebGL: INVALID_OPERATION: bindTexture: object does not belong to this context @ http://localhost:3000/_next/static/chunks/node_modules_%40cesium_engine_Source_Renderer_1d3nafh._.js:3587
[  102743ms] [WARNING] WebGL: INVALID_OPERATION: bindTexture: object does not belong to this context @ http://localhost:3000/_next/static/chunks/node_modules_%40cesium_engine_Source_Renderer_1d3nafh._.js:3587
[  102743ms] [WARNING] WebGL: INVALID_OPERATION: bindTexture: object does not belong to this context @ http://localhost:3000/_next/static/chunks/node_modules_%40cesium_engine_Source_Renderer_1d3nafh._.js:3587
[  102744ms] [WARNING] WebGL: INVALID_OPERATION: bindTexture: object does not belong to this context @ http://localhost:3000/_next/static/chunks/node_modules_%40cesium_engine_Source_Renderer_1d3nafh._.js:3587
[  102744ms] [WARNING] WebGL: INVALID_OPERATION: bindTexture: object does not belong to this context @ http://localhost:3000/_next/static/chunks/node_modules_%40cesium_engine_Source_Renderer_1d3nafh._.js:3587
[  102745ms] [WARNING] WebGL: INVALID_OPERATION: bindTexture: object does not belong to this context @ http://localhost:3000/_next/static/chunks/node_modules_%40cesium_engine_Source_Renderer_1d3nafh._.js:3587
[  102745ms] [WARNING] WebGL: INVALID_OPERATION: bindTexture: object does not belong to this context @ http://localhost:3000/_next/static/chunks/node_modules_%40cesium_engine_Source_Renderer_1d3nafh._.js:3587
[  102745ms] [WARNING] WebGL: INVALID_OPERATION: bindTexture: object does not belong to this context @ http://localhost:3000/_next/static/chunks/node_modules_%40cesium_engine_Source_Renderer_1d3nafh._.js:3587
[  102746ms] [WARNING] WebGL: INVALID_OPERATION: bindTexture: object does not belong to this context @ http://localhost:3000/_next/static/chunks/node_modules_%40cesium_engine_Source_Renderer_1d3nafh._.js:3587
[  102746ms] [WARNING] WebGL: INVALID_OPERATION: bindTexture: object does not belong to this context @ http://localhost:3000/_next/static/chunks/node_modules_%40cesium_engine_Source_Renderer_1d3nafh._.js:3587
[  102746ms] [WARNING] WebGL: INVALID_OPERATION: bindTexture: object does not belong to this context @ http://localhost:3000/_next/static/chunks/node_modules_%40cesium_engine_Source_Renderer_1d3nafh._.js:3587
[  102747ms] [WARNING] WebGL: too many errors, no more errors will be reported to the console for this context. @ http://localhost:3000/_next/static/chunks/node_modules_%40cesium_engine_Source_Renderer_1d3nafh._.js:3587
