{"type":"FeatureCollection","features":[{"type":"Feature","geometry":{"type":"Point","coordinates":[6.85,50.17]},"properties":{"name":"West Eifel Volcanic Field","type":"Volcanic field","country":"Germany","lastEruptionYear":-8300,"elevationM":600}},{"type":"Feature","geometry":{"type":"Point","coordinates":[2.981,45.786]},"properties":{"name":"Chaine des Puys","type":"Lava dome(s)","country":"France","lastEruptionYear":-4040,"elevationM":1464}},{"type":"Feature","geometry":{"type":"Point","coordinates":[2.53,42.17]},"properties":{"name":"Olot Volcanic Field","type":"Volcanic field","country":"Spain","lastEruptionYear":null,"elevationM":893}},{"type":"Feature","geometry":{"type":"Point","coordinates":[-4.02,38.87]},"properties":{"name":"Calatrava Volcanic Field","type":"Volcanic field","country":"Spain","lastEruptionYear":-3600,"elevationM":1117}},{"type":"Feature","geometry":{"type":"Point","coordinates":[12.7251,41.7569]},"properties":{"name":"Colli Albani","type":"Caldera","country":"Italy","lastEruptionYear":null,"elevationM":949}},{"type":"Feature","geometry":{"type":"Point","coordinates":[14.139,40.827]},"properties":{"name":"Campi Flegrei","type":"Caldera","country":"Italy","lastEruptionYear":1538,"elevationM":458}},{"type":"Feature","geometry":{"type":"Point","coordinates":[14.426,40.821]},"properties":{"name":"Vesuvius","type":"Stratovolcano","country":"Italy","lastEruptionYear":1944,"elevationM":1281}},{"type":"Feature","geometry":{"type":"Point","coordinates":[14.83,39.48]},"properties":{"name":"Palinuro","type":"Compound","country":"Italy","lastEruptionYear":-8040,"elevationM":-70}},{"type":"Feature","geometry":{"type":"Point","coordinates":[13.897,40.73]},"properties":{"name":"Ischia","type":"Complex","country":"Italy","lastEruptionYear":1302,"elevationM":789}},{"type":"Feature","geometry":{"type":"Point","coordinates":[15.064,38.638]},"properties":{"name":"Panarea","type":"Stratovolcano","country":"Italy","lastEruptionYear":null,"elevationM":399}},{"type":"Feature","geometry":{"type":"Point","coordinates":[14.933,38.49]},"properties":{"name":"Lipari","type":"Stratovolcano(es)","country":"Italy","lastEruptionYear":1230,"elevationM":590}},{"type":"Feature","geometry":{"type":"Point","coordinates":[15.213,38.789]},"properties":{"name":"Stromboli","type":"Stratovolcano","country":"Italy","lastEruptionYear":2026,"elevationM":924}},{"type":"Feature","geometry":{"type":"Point","coordinates":[14.962,38.404]},"properties":{"name":"Vulcano","type":"Stratovolcano(es)","country":"Italy","lastEruptionYear":1890,"elevationM":500}},{"type":"Feature","geometry":{"type":"Point","coordinates":[14.999,37.748]},"properties":{"name":"Etna","type":"Stratovolcano(es)","country":"Italy","lastEruptionYear":2026,"elevationM":3357}},{"type":"Feature","geometry":{"type":"Point","coordinates":[12.02,36.77]},"properties":{"name":"Pantelleria","type":"Shield","country":"Italy","lastEruptionYear":1891,"elevationM":836}},{"type":"Feature","geometry":{"type":"Point","coordinates":[12.7,37.1]},"properties":{"name":"Campi Flegrei del Mar di Sicilia","type":"Volcanic field","country":"Italy","lastEruptionYear":1867,"elevationM":-8}},{"type":"Feature","geometry":{"type":"Point","coordinates":[23.3331,37.6186]},"properties":{"name":"Methana","type":"Lava dome(s)","country":"Greece","lastEruptionYear":-258,"elevationM":380}},{"type":"Feature","geometry":{"type":"Point","coordinates":[24.439,36.699]},"properties":{"name":"Milos","type":"Stratovolcano(es)","country":"Greece","lastEruptionYear":140,"elevationM":751}},{"type":"Feature","geometry":{"type":"Point","coordinates":[25.396,36.404]},"properties":{"name":"Santorini","type":"Shield(s)","country":"Greece","lastEruptionYear":1950,"elevationM":367}},{"type":"Feature","geometry":{"type":"Point","coordinates":[27.1553,36.5888]},"properties":{"name":"Nisyros","type":"Stratovolcano","country":"Greece","lastEruptionYear":1888,"elevationM":698}},{"type":"Feature","geometry":{"type":"Point","coordinates":[28.52,38.58]},"properties":{"name":"Kula","type":"Volcanic field","country":"Turkiye","lastEruptionYear":null,"elevationM":750}},{"type":"Feature","geometry":{"type":"Point","coordinates":[34.17,38.13]},"properties":{"name":"Hasandag-Keciboyduran Volcanic Complex","type":"Stratovolcano","country":"Turkiye","lastEruptionYear":null,"elevationM":3253}},{"type":"Feature","geometry":{"type":"Point","coordinates":[39.83,37.67]},"properties":{"name":"Karaca Dag","type":"Shield","country":"Turkiye","lastEruptionYear":null,"elevationM":1957}},{"type":"Feature","geometry":{"type":"Point","coordinates":[35.447,38.531]},"properties":{"name":"Erciyes Volcanic Complex","type":"Stratovolcano","country":"Turkiye","lastEruptionYear":-6880,"elevationM":3864}},{"type":"Feature","geometry":{"type":"Point","coordinates":[42.229,38.654]},"properties":{"name":"Nemrut Dagi","type":"Stratovolcano","country":"Turkiye","lastEruptionYear":1650,"elevationM":2948}},{"type":"Feature","geometry":{"type":"Point","coordinates":[43.874,39.356]},"properties":{"name":"Tenduruk Dagi","type":"Shield","country":"Turkiye","lastEruptionYear":1855,"elevationM":3514}},{"type":"Feature","geometry":{"type":"Point","coordinates":[44.3,39.7]},"properties":{"name":"Ararat","type":"Stratovolcano","country":"Turkiye","lastEruptionYear":1840,"elevationM":5165}},{"type":"Feature","geometry":{"type":"Point","coordinates":[42.442,43.351]},"properties":{"name":"Elbrus","type":"Stratovolcano","country":"Russia","lastEruptionYear":50,"elevationM":5642}},{"type":"Feature","geometry":{"type":"Point","coordinates":[44.5184,42.697]},"properties":{"name":"Kazbek","type":"Stratovolcano","country":"Georgia","lastEruptionYear":-750,"elevationM":5004}},{"type":"Feature","geometry":{"type":"Point","coordinates":[43.7,41.542]},"properties":{"name":"Samsari Volcanic Center","type":"Volcanic field","country":"Georgia","lastEruptionYear":null,"elevationM":3290}},{"type":"Feature","geometry":{"type":"Point","coordinates":[44.2,40.53]},"properties":{"name":"Aragats","type":"Stratovolcano","country":"Armenia","lastEruptionYear":null,"elevationM":4095}},{"type":"Feature","geometry":{"type":"Point","coordinates":[45,40.283]},"properties":{"name":"Ghegham Volcanic Ridge","type":"Volcanic field","country":"Armenia","lastEruptionYear":-1900,"elevationM":3597}},{"type":"Feature","geometry":{"type":"Point","coordinates":[45.497,39.797]},"properties":{"name":"Vaiyots-Sar","type":"Pyroclastic cone(s)","country":"Armenia","lastEruptionYear":-2000,"elevationM":2575}},{"type":"Feature","geometry":{"type":"Point","coordinates":[45.74,40.028]},"properties":{"name":"Porak","type":"Volcanic field","country":"Armenia-Azerbaijan","lastEruptionYear":-778,"elevationM":3029}},{"type":"Feature","geometry":{"type":"Point","coordinates":[45.992,39.742]},"properties":{"name":"Tskhouk-Karckar","type":"Pyroclastic cone(s)","country":"Armenia-Azerbaijan","lastEruptionYear":-3000,"elevationM":3139}},{"type":"Feature","geometry":{"type":"Point","coordinates":[41.83,15.55]},"properties":{"name":"Tair, Jebel at","type":"Stratovolcano","country":"Yemen","lastEruptionYear":2008,"elevationM":244}},{"type":"Feature","geometry":{"type":"Point","coordinates":[42.75,14.02]},"properties":{"name":"Zukur","type":"Shield","country":"Yemen","lastEruptionYear":null,"elevationM":624}},{"type":"Feature","geometry":{"type":"Point","coordinates":[42.73,13.72]},"properties":{"name":"Hanish","type":"Shield","country":"Yemen","lastEruptionYear":null,"elevationM":422}},{"type":"Feature","geometry":{"type":"Point","coordinates":[42.18,15.05]},"properties":{"name":"Zubair Group","type":"Shield","country":"Yemen","lastEruptionYear":2013,"elevationM":191}},{"type":"Feature","geometry":{"type":"Point","coordinates":[40.3,14.242]},"properties":{"name":"Dallol","type":"Explosion crater(s)","country":"Ethiopia","lastEruptionYear":2011,"elevationM":-48}},{"type":"Feature","geometry":{"type":"Point","coordinates":[39.92,14.88]},"properties":{"name":"Alid","type":"Stratovolcano","country":"Eritrea","lastEruptionYear":null,"elevationM":904}},{"type":"Feature","geometry":{"type":"Point","coordinates":[40.408,13.975]},"properties":{"name":"Gada Ale","type":"Stratovolcano","country":"Ethiopia","lastEruptionYear":null,"elevationM":287}},{"type":"Feature","geometry":{"type":"Point","coordinates":[40.553,13.793]},"properties":{"name":"Alu-Dalafilla","type":"Fissure vent(s)","country":"Ethiopia","lastEruptionYear":2008,"elevationM":578}},{"type":"Feature","geometry":{"type":"Point","coordinates":[40.6,13.725]},"properties":{"name":"Bora Ale","type":"Stratovolcano","country":"Ethiopia","lastEruptionYear":null,"elevationM":668}},{"type":"Feature","geometry":{"type":"Point","coordinates":[40.666,13.601]},"properties":{"name":"Erta Ale","type":"Shield","country":"Ethiopia","lastEruptionYear":2025,"elevationM":585}},{"type":"Feature","geometry":{"type":"Point","coordinates":[40.7161,13.5111]},"properties":{"name":"Hayli Gubbi","type":"Shield","country":"Ethiopia","lastEruptionYear":2025,"elevationM":493}},{"type":"Feature","geometry":{"type":"Point","coordinates":[40.631,13.512]},"properties":{"name":"Ale Bagu","type":"Stratovolcano","country":"Ethiopia","lastEruptionYear":null,"elevationM":988}},{"type":"Feature","geometry":{"type":"Point","coordinates":[41.7,13.37]},"properties":{"name":"Nabro","type":"Stratovolcano","country":"Eritrea","lastEruptionYear":2012,"elevationM":2218}},{"type":"Feature","geometry":{"type":"Point","coordinates":[41.65,13.27]},"properties":{"name":"Mallahle","type":"Stratovolcano","country":"Ethiopia-Eritrea","lastEruptionYear":null,"elevationM":1875}},{"type":"Feature","geometry":{"type":"Point","coordinates":[41.725,13.18]},"properties":{"name":"Sork Ale","type":"Stratovolcano","country":"Ethiopia-Eritrea","lastEruptionYear":null,"elevationM":1611}},{"type":"Feature","geometry":{"type":"Point","coordinates":[41.599,13.098]},"properties":{"name":"Asavyo","type":"Shield","country":"Ethiopia","lastEruptionYear":null,"elevationM":1338}},{"type":"Feature","geometry":{"type":"Point","coordinates":[41.161,13.106]},"properties":{"name":"Mat Ala","type":"Shield","country":"Ethiopia","lastEruptionYear":null,"elevationM":493}},{"type":"Feature","geometry":{"type":"Point","coordinates":[41.063,13.284]},"properties":{"name":"Tat Ali","type":"Shield","country":"Ethiopia","lastEruptionYear":null,"elevationM":655}},{"type":"Feature","geometry":{"type":"Point","coordinates":[40.987,13.304]},"properties":{"name":"Borawli","type":"Stratovolcano","country":"Ethiopia","lastEruptionYear":null,"elevationM":784}},{"type":"Feature","geometry":{"type":"Point","coordinates":[41.809,13.579]},"properties":{"name":"Dubbi","type":"Stratovolcano","country":"Eritrea","lastEruptionYear":1861,"elevationM":1625}},{"type":"Feature","geometry":{"type":"Point","coordinates":[40.185,13.013]},"properties":{"name":"Ma Alalta","type":"Stratovolcano","country":"Ethiopia","lastEruptionYear":null,"elevationM":1745}},{"type":"Feature","geometry":{"type":"Point","coordinates":[40.573,12.888]},"properties":{"name":"Alayta","type":"Shield","country":"Ethiopia","lastEruptionYear":1915,"elevationM":1496}},{"type":"Feature","geometry":{"type":"Point","coordinates":[40.48,12.595]},"properties":{"name":"Dabbahu","type":"Stratovolcano","country":"Ethiopia","lastEruptionYear":2005,"elevationM":1401}},{"type":"Feature","geometry":{"type":"Point","coordinates":[40.07,12.38]},"properties":{"name":"Dabbayra","type":"Shield","country":"Ethiopia","lastEruptionYear":null,"elevationM":1302}},{"type":"Feature","geometry":{"type":"Point","coordinates":[40.82,12.17]},"properties":{"name":"Manda Hararo","type":"Shield(s)","country":"Ethiopia","lastEruptionYear":2009,"elevationM":600}},{"type":"Feature","geometry":{"type":"Point","coordinates":[40.242,11.816]},"properties":{"name":"Groppo","type":"Volcanic field","country":"Ethiopia","lastEruptionYear":null,"elevationM":852}},{"type":"Feature","geometry":{"type":"Point","coordinates":[40.853,13.088]},"properties":{"name":"Afdera","type":"Stratovolcano","country":"Ethiopia","lastEruptionYear":null,"elevationM":1250}},{"type":"Feature","geometry":{"type":"Point","coordinates":[41.48,11.75]},"properties":{"name":"Manda Gargori","type":"Fissure vent(s)","country":"Ethiopia","lastEruptionYear":null,"elevationM":700}},{"type":"Feature","geometry":{"type":"Point","coordinates":[42.2,12.38]},"properties":{"name":"Manda-Inakir","type":"Fissure vent(s)","country":"Ethiopia-Djibouti","lastEruptionYear":1928,"elevationM":600}},{"type":"Feature","geometry":{"type":"Point","coordinates":[42.404,12.469]},"properties":{"name":"Mousa Alli","type":"Stratovolcano","country":"Ethiopia-Eritrea-Djibouti","lastEruptionYear":null,"elevationM":1993}},{"type":"Feature","geometry":{"type":"Point","coordinates":[42.53,12.55]},"properties":{"name":"Gufa","type":"Volcanic field","country":"Eritrea-Djibouti","lastEruptionYear":null,"elevationM":600}},{"type":"Feature","geometry":{"type":"Point","coordinates":[42.43,12.95]},"properties":{"name":"Assab Volcanic Field","type":"Volcanic field","country":"Eritrea","lastEruptionYear":null,"elevationM":987}},{"type":"Feature","geometry":{"type":"Point","coordinates":[42.47,11.58]},"properties":{"name":"Ardoukoba","type":"Fissure vent(s)","country":"Djibouti","lastEruptionYear":1978,"elevationM":298}},{"type":"Feature","geometry":{"type":"Point","coordinates":[41.208,11.88]},"properties":{"name":"Kurub","type":"Shield","country":"Ethiopia","lastEruptionYear":null,"elevationM":625}},{"type":"Feature","geometry":{"type":"Point","coordinates":[41.63,11.28]},"properties":{"name":"Dama Ali","type":"Shield","country":"Ethiopia","lastEruptionYear":1631,"elevationM":1068}},{"type":"Feature","geometry":{"type":"Point","coordinates":[41.042,10.58]},"properties":{"name":"Yangudi","type":"Complex","country":"Ethiopia","lastEruptionYear":null,"elevationM":1383}},{"type":"Feature","geometry":{"type":"Point","coordinates":[41.27,11.08]},"properties":{"name":"Gabillema","type":"Stratovolcano","country":"Ethiopia","lastEruptionYear":null,"elevationM":1459}},{"type":"Feature","geometry":{"type":"Point","coordinates":[40.702,10.082]},"properties":{"name":"Ayelu","type":"Stratovolcano","country":"Ethiopia","lastEruptionYear":null,"elevationM":2145}},{"type":"Feature","geometry":{"type":"Point","coordinates":[40.33,9.78]},"properties":{"name":"Hertali","type":"Fissure vent","country":"Ethiopia","lastEruptionYear":null,"elevationM":900}},{"type":"Feature","geometry":{"type":"Point","coordinates":[40.28,9.57]},"properties":{"name":"Liado Hayk","type":"Volcanic field","country":"Ethiopia","lastEruptionYear":null,"elevationM":878}},{"type":"Feature","geometry":{"type":"Point","coordinates":[40.831,10.063]},"properties":{"name":"Adwa","type":"Stratovolcano","country":"Ethiopia","lastEruptionYear":null,"elevationM":1670}},{"type":"Feature","geometry":{"type":"Point","coordinates":[40.13,9.35]},"properties":{"name":"Dofen","type":"Shield","country":"Ethiopia","lastEruptionYear":null,"elevationM":1151}},{"type":"Feature","geometry":{"type":"Point","coordinates":[39.75,8.95]},"properties":{"name":"Beru","type":"Volcanic field","country":"Ethiopia","lastEruptionYear":null,"elevationM":1100}},{"type":"Feature","geometry":{"type":"Point","coordinates":[39.906,8.985]},"properties":{"name":"Fentale","type":"Stratovolcano","country":"Ethiopia","lastEruptionYear":1789,"elevationM":2007}},{"type":"Feature","geometry":{"type":"Point","coordinates":[39.6946,8.8105]},"properties":{"name":"Kone","type":"Caldera(s)","country":"Ethiopia","lastEruptionYear":1820,"elevationM":1380}},{"type":"Feature","geometry":{"type":"Point","coordinates":[39.475,8.558]},"properties":{"name":"Boset","type":"Stratovolcano(es)","country":"Ethiopia","lastEruptionYear":null,"elevationM":2447}},{"type":"Feature","geometry":{"type":"Point","coordinates":[38.98,8.78]},"properties":{"name":"Bishoftu Volcanic Field","type":"Volcanic field","country":"Ethiopia","lastEruptionYear":null,"elevationM":1850}},{"type":"Feature","geometry":{"type":"Point","coordinates":[39.35,8.43]},"properties":{"name":"Melkassa","type":"Volcanic field","country":"Ethiopia","lastEruptionYear":null,"elevationM":1765}},{"type":"Feature","geometry":{"type":"Point","coordinates":[39.172,8.363]},"properties":{"name":"Gedemsa","type":"Caldera","country":"Ethiopia","lastEruptionYear":null,"elevationM":1909}},{"type":"Feature","geometry":{"type":"Point","coordinates":[39.0812,8.2114]},"properties":{"name":"Bora-Bericha-Tullu Moye","type":"Pyroclastic cone","country":"Ethiopia","lastEruptionYear":1900,"elevationM":2345}},{"type":"Feature","geometry":{"type":"Point","coordinates":[38.902,7.874]},"properties":{"name":"East Ziway","type":"Fissure vent(s)","country":"Ethiopia","lastEruptionYear":null,"elevationM":1889}},{"type":"Feature","geometry":{"type":"Point","coordinates":[38.35,8.05]},"properties":{"name":"Butajiri-Silti Field","type":"Volcanic field","country":"Ethiopia","lastEruptionYear":null,"elevationM":2281}},{"type":"Feature","geometry":{"type":"Point","coordinates":[38.78,7.77]},"properties":{"name":"Aluto","type":"Stratovolcano","country":"Ethiopia","lastEruptionYear":1550,"elevationM":2335}},{"type":"Feature","geometry":{"type":"Point","coordinates":[38.5571,7.4569]},"properties":{"name":"Shala","type":"Caldera","country":"Ethiopia","lastEruptionYear":null,"elevationM":2075}},{"type":"Feature","geometry":{"type":"Point","coordinates":[38.39,7.193]},"properties":{"name":"Corbetti","type":"Caldera","country":"Ethiopia","lastEruptionYear":-396,"elevationM":2289}},{"type":"Feature","geometry":{"type":"Point","coordinates":[38.1,7.07]},"properties":{"name":"Bilate River Field","type":"Volcanic field","country":"Ethiopia","lastEruptionYear":null,"elevationM":1700}},{"type":"Feature","geometry":{"type":"Point","coordinates":[35.892,5.117]},"properties":{"name":"Korath Range","type":"Tuff cone(s)","country":"Ethiopia","lastEruptionYear":null,"elevationM":912}},{"type":"Feature","geometry":{"type":"Point","coordinates":[36.0458,4.0631]},"properties":{"name":"Lake Turkana North Island","type":"Tuff cone(s)","country":"Kenya","lastEruptionYear":null,"elevationM":490}},{"type":"Feature","geometry":{"type":"Point","coordinates":[36.0365,3.496]},"properties":{"name":"Lake Turkana Central Island","type":"Tuff cone(s)","country":"Kenya","lastEruptionYear":null,"elevationM":518}},{"type":"Feature","geometry":{"type":"Point","coordinates":[37.97,2.32]},"properties":{"name":"Marsabit","type":"Shield","country":"Kenya","lastEruptionYear":null,"elevationM":1707}},{"type":"Feature","geometry":{"type":"Point","coordinates":[36.5958,2.6364]},"properties":{"name":"Lake Turkana South Island","type":"Stratovolcano","country":"Kenya","lastEruptionYear":1888,"elevationM":800}},{"type":"Feature","geometry":{"type":"Point","coordinates":[36.57,2.32]},"properties":{"name":"Barrier, The","type":"Shield","country":"Kenya","lastEruptionYear":1921,"elevationM":1032}},{"type":"Feature","geometry":{"type":"Point","coordinates":[36.43,1.98]},"properties":{"name":"Namarunu","type":"Shield","country":"Kenya","lastEruptionYear":-6550,"elevationM":817}},{"type":"Feature","geometry":{"type":"Point","coordinates":[37.9,1.57]},"properties":{"name":"Segererua Plateau","type":"Pyroclastic cone(s)","country":"Kenya","lastEruptionYear":null,"elevationM":699}},{"type":"Feature","geometry":{"type":"Point","coordinates":[36.33,1.5]},"properties":{"name":"Emuruangogolak","type":"Shield","country":"Kenya","lastEruptionYear":1910,"elevationM":1285}},{"type":"Feature","geometry":{"type":"Point","coordinates":[36.23,1.15]},"properties":{"name":"Silali","type":"Shield","country":"Kenya","lastEruptionYear":-5050,"elevationM":1528}},{"type":"Feature","geometry":{"type":"Point","coordinates":[36.18,0.92]},"properties":{"name":"Paka","type":"Shield","country":"Kenya","lastEruptionYear":-7550,"elevationM":1697}},{"type":"Feature","geometry":{"type":"Point","coordinates":[36.12,0.77]},"properties":{"name":"Korosi","type":"Shield","country":"Kenya","lastEruptionYear":null,"elevationM":1446}},{"type":"Feature","geometry":{"type":"Point","coordinates":[36.075,0.62]},"properties":{"name":"Ol Kokwe","type":"Shield","country":"Kenya","lastEruptionYear":null,"elevationM":1130}},{"type":"Feature","geometry":{"type":"Point","coordinates":[37.87,0.23]},"properties":{"name":"Nyambeni Hills","type":"Shield","country":"Kenya","lastEruptionYear":null,"elevationM":750}},{"type":"Feature","geometry":{"type":"Point","coordinates":[36.07,-0.2]},"properties":{"name":"Menengai","type":"Shield","country":"Kenya","lastEruptionYear":-6050,"elevationM":2278}},{"type":"Feature","geometry":{"type":"Point","coordinates":[36.249,-0.546]},"properties":{"name":"Elmenteita Badlands","type":"Pyroclastic cone(s)","country":"Kenya","lastEruptionYear":null,"elevationM":2126}},{"type":"Feature","geometry":{"type":"Point","coordinates":[34.5,-0.38]},"properties":{"name":"Homa Mountain","type":"Complex","country":"Kenya","lastEruptionYear":null,"elevationM":1751}},{"type":"Feature","geometry":{"type":"Point","coordinates":[36.22,-0.65]},"properties":{"name":"Eburru, Ol Doinyo","type":"Complex","country":"Kenya","lastEruptionYear":null,"elevationM":2856}},{"type":"Feature","geometry":{"type":"Point","coordinates":[36.292,-0.904]},"properties":{"name":"Olkaria","type":"Pyroclastic cone(s)","country":"Kenya","lastEruptionYear":1770,"elevationM":2434}},{"type":"Feature","geometry":{"type":"Point","coordinates":[36.446,-0.914]},"properties":{"name":"Longonot","type":"Stratovolcano","country":"Kenya","lastEruptionYear":1863,"elevationM":2776}},{"type":"Feature","geometry":{"type":"Point","coordinates":[36.357,-1.151]},"properties":{"name":"Suswa","type":"Shield","country":"Kenya","lastEruptionYear":null,"elevationM":2356}},{"type":"Feature","geometry":{"type":"Point","coordinates":[35.914,-2.764]},"properties":{"name":"Lengai, Ol Doinyo","type":"Stratovolcano","country":"Tanzania","lastEruptionYear":2026,"elevationM":2962}},{"type":"Feature","geometry":{"type":"Point","coordinates":[37.88,-2.68]},"properties":{"name":"Chyulu Hills","type":"Volcanic field","country":"Kenya","lastEruptionYear":1855,"elevationM":2188}},{"type":"Feature","geometry":{"type":"Point","coordinates":[33.552,-9.0036]},"properties":{"name":"Ngozi","type":"Caldera","country":"Tanzania","lastEruptionYear":1450,"elevationM":2614}},{"type":"Feature","geometry":{"type":"Point","coordinates":[33.668,-9.135]},"properties":{"name":"Rungwe","type":"Stratovolcano","country":"Tanzania","lastEruptionYear":1250,"elevationM":2953}},{"type":"Feature","geometry":{"type":"Point","coordinates":[36.75,-3.244]},"properties":{"name":"Meru","type":"Stratovolcano","country":"Tanzania","lastEruptionYear":1910,"elevationM":4550}},{"type":"Feature","geometry":{"type":"Point","coordinates":[33.792,-9.229]},"properties":{"name":"Kyejo","type":"Stratovolcano","country":"Tanzania","lastEruptionYear":1800,"elevationM":2176}},{"type":"Feature","geometry":{"type":"Point","coordinates":[30.25,0.7]},"properties":{"name":"Fort Portal Volcanic Field","type":"Volcanic field","country":"Uganda","lastEruptionYear":-2120,"elevationM":1615}},{"type":"Feature","geometry":{"type":"Point","coordinates":[30.275,0.4583]},"properties":{"name":"Ndali-Kasenda Volcanic Field","type":"Volcanic field","country":"Uganda","lastEruptionYear":null,"elevationM":1300}},{"type":"Feature","geometry":{"type":"Point","coordinates":[29.2,-1.408]},"properties":{"name":"Nyamulagira","type":"Shield","country":"DR Congo","lastEruptionYear":2026,"elevationM":3058}},{"type":"Feature","geometry":{"type":"Point","coordinates":[29.25,-1.52]},"properties":{"name":"Nyiragongo","type":"Stratovolcano","country":"DR Congo","lastEruptionYear":2026,"elevationM":3470}},{"type":"Feature","geometry":{"type":"Point","coordinates":[29.45,-1.506]},"properties":{"name":"Karisimbi","type":"Stratovolcano","country":"DR Congo-Rwanda","lastEruptionYear":-8050,"elevationM":4490}},{"type":"Feature","geometry":{"type":"Point","coordinates":[8.762,3.588]},"properties":{"name":"Basile, Pico","type":"Shield","country":"Equatorial Guinea","lastEruptionYear":1923,"elevationM":2999}},{"type":"Feature","geometry":{"type":"Point","coordinates":[9.717,4.758]},"properties":{"name":"Tombel Graben","type":"Volcanic field","country":"Cameroon","lastEruptionYear":null,"elevationM":500}},{"type":"Feature","geometry":{"type":"Point","coordinates":[9.17,4.203]},"properties":{"name":"Cameroon","type":"Stratovolcano","country":"Cameroon","lastEruptionYear":2000,"elevationM":4095}},{"type":"Feature","geometry":{"type":"Point","coordinates":[10.5,6.25]},"properties":{"name":"Oku Volcanic Field","type":"Volcanic field","country":"Cameroon","lastEruptionYear":null,"elevationM":3011}},{"type":"Feature","geometry":{"type":"Point","coordinates":[8.5,17.68]},"properties":{"name":"Todra Volcanic Field","type":"Volcanic field","country":"Niger","lastEruptionYear":null,"elevationM":1780}},{"type":"Feature","geometry":{"type":"Point","coordinates":[5,22.67]},"properties":{"name":"Tahalra Volcanic Field","type":"Volcanic field","country":"Algeria","lastEruptionYear":null,"elevationM":1467}},{"type":"Feature","geometry":{"type":"Point","coordinates":[5.83,23.33]},"properties":{"name":"Atakor Volcanic Field","type":"Volcanic field","country":"Algeria","lastEruptionYear":null,"elevationM":2918}},{"type":"Feature","geometry":{"type":"Point","coordinates":[5.83,23.92]},"properties":{"name":"Manzaz Volcanic Field","type":"Volcanic field","country":"Algeria","lastEruptionYear":null,"elevationM":1672}},{"type":"Feature","geometry":{"type":"Point","coordinates":[16.33,21.33]},"properties":{"name":"Toh, Tarso","type":"Volcanic field","country":"Chad","lastEruptionYear":null,"elevationM":2000}},{"type":"Feature","geometry":{"type":"Point","coordinates":[16.473,21.0408]},"properties":{"name":"Tousside, Tarso","type":"Stratovolcano","country":"Chad","lastEruptionYear":null,"elevationM":3299}},{"type":"Feature","geometry":{"type":"Point","coordinates":[18.53,19.8]},"properties":{"name":"Koussi, Emi","type":"Shield(pyroclastic)","country":"Chad","lastEruptionYear":null,"elevationM":3415}},{"type":"Feature","geometry":{"type":"Point","coordinates":[17.28,20.92]},"properties":{"name":"Voon, Tarso","type":"Stratovolcano","country":"Chad","lastEruptionYear":null,"elevationM":3100}},{"type":"Feature","geometry":{"type":"Point","coordinates":[24.27,12.95]},"properties":{"name":"Marra, Jebel","type":"Volcanic field","country":"Sudan","lastEruptionYear":-2000,"elevationM":3042}},{"type":"Feature","geometry":{"type":"Point","coordinates":[25.85,14.57]},"properties":{"name":"Kutum Volcanic Field","type":"Volcanic field","country":"Sudan","lastEruptionYear":null,"elevationM":1779}},{"type":"Feature","geometry":{"type":"Point","coordinates":[26.47,15.32]},"properties":{"name":"Meidob Volcanic Field","type":"Volcanic field","country":"Sudan","lastEruptionYear":-2950,"elevationM":2000}},{"type":"Feature","geometry":{"type":"Point","coordinates":[32.75,18.33]},"properties":{"name":"Bayuda Volcanic Field","type":"Volcanic field","country":"Sudan","lastEruptionYear":850,"elevationM":670}},{"type":"Feature","geometry":{"type":"Point","coordinates":[37.583,32.333]},"properties":{"name":"Ash Shaam, Harrat","type":"Volcanic field","country":"Syria-Jordan-Saudi Arabia","lastEruptionYear":-2670,"elevationM":1100}},{"type":"Feature","geometry":{"type":"Point","coordinates":[37.75,25.17]},"properties":{"name":"Lunayyir, Harrat","type":"Volcanic field","country":"Saudi Arabia","lastEruptionYear":1000,"elevationM":1370}},{"type":"Feature","geometry":{"type":"Point","coordinates":[40.2,26.58]},"properties":{"name":"Ithnayn, Harrat","type":"Volcanic field","country":"Saudi Arabia","lastEruptionYear":null,"elevationM":1625}},{"type":"Feature","geometry":{"type":"Point","coordinates":[40,25.5]},"properties":{"name":"Khaybar, Harrat","type":"Volcanic field","country":"Saudi Arabia","lastEruptionYear":650,"elevationM":2093}},{"type":"Feature","geometry":{"type":"Point","coordinates":[41.38,22.8]},"properties":{"name":"Kishb, Harrat","type":"Volcanic field","country":"Saudi Arabia","lastEruptionYear":null,"elevationM":1475}},{"type":"Feature","geometry":{"type":"Point","coordinates":[41.63,18.37]},"properties":{"name":"Birk, Harrat al","type":"Volcanic field","country":"Saudi Arabia","lastEruptionYear":null,"elevationM":587}},{"type":"Feature","geometry":{"type":"Point","coordinates":[39.78,23.08]},"properties":{"name":"Rahat, Harrat","type":"Volcanic field","country":"Saudi Arabia","lastEruptionYear":1256,"elevationM":1744}},{"type":"Feature","geometry":{"type":"Point","coordinates":[42.83,17.05]},"properties":{"name":"Yar, Jabal","type":"Volcanic field","country":"Saudi Arabia","lastEruptionYear":1810,"elevationM":305}},{"type":"Feature","geometry":{"type":"Point","coordinates":[44.0978,15.6025]},"properties":{"name":"Arhab, Harra of","type":"Volcanic field","country":"Yemen","lastEruptionYear":500,"elevationM":3100}},{"type":"Feature","geometry":{"type":"Point","coordinates":[45.1,15.4]},"properties":{"name":"Haylan, Jabal","type":"Volcanic field","country":"Yemen","lastEruptionYear":-1200,"elevationM":1550}},{"type":"Feature","geometry":{"type":"Point","coordinates":[44.67,14.57]},"properties":{"name":"Dhamar, Harras of","type":"Volcanic field","country":"Yemen","lastEruptionYear":null,"elevationM":3500}},{"type":"Feature","geometry":{"type":"Point","coordinates":[46.12,13.58]},"properties":{"name":"Sawad, Harra Es-","type":"Volcanic field","country":"Yemen","lastEruptionYear":1253,"elevationM":1737}},{"type":"Feature","geometry":{"type":"Point","coordinates":[48.3,14.067]},"properties":{"name":"Balhaf-Bir Ali Volcanic Field","type":"Volcanic field","country":"Yemen","lastEruptionYear":null,"elevationM":604}},{"type":"Feature","geometry":{"type":"Point","coordinates":[50.935,15.515]},"properties":{"name":"Bir Borhut","type":"Volcanic field","country":"Yemen","lastEruptionYear":null,"elevationM":464}},{"type":"Feature","geometry":{"type":"Point","coordinates":[52.109,35.951]},"properties":{"name":"Damavand","type":"Stratovolcano","country":"Iran","lastEruptionYear":-5350,"elevationM":5670}},{"type":"Feature","geometry":{"type":"Point","coordinates":[43.35,-11.4861]},"properties":{"name":"Grille, La","type":"Shield","country":"Union of the Comoros","lastEruptionYear":null,"elevationM":1064}},{"type":"Feature","geometry":{"type":"Point","coordinates":[45.17,-12.83]},"properties":{"name":"Mayotte","type":"Shield","country":"France","lastEruptionYear":-2050,"elevationM":660}},{"type":"Feature","geometry":{"type":"Point","coordinates":[43.3639,-11.7658]},"properties":{"name":"Karthala","type":"Shield","country":"Union of the Comoros","lastEruptionYear":2007,"elevationM":2350}},{"type":"Feature","geometry":{"type":"Point","coordinates":[55.708,-21.244]},"properties":{"name":"Fournaise, Piton de la","type":"Shield","country":"France","lastEruptionYear":2026,"elevationM":2632}},{"type":"Feature","geometry":{"type":"Point","coordinates":[77.8221,-37.7216]},"properties":{"name":"Boomerang Seamount","type":"Caldera","country":"France","lastEruptionYear":1995,"elevationM":-650}},{"type":"Feature","geometry":{"type":"Point","coordinates":[77.52,-37.83]},"properties":{"name":"Amsterdam Island","type":"Stratovolcano","country":"France","lastEruptionYear":null,"elevationM":881}},{"type":"Feature","geometry":{"type":"Point","coordinates":[77.53,-38.72]},"properties":{"name":"St. Paul","type":"Stratovolcano","country":"France","lastEruptionYear":1793,"elevationM":268}},{"type":"Feature","geometry":{"type":"Point","coordinates":[72.595,-53.0394]},"properties":{"name":"McDonald Islands","type":"Complex","country":"Australia","lastEruptionYear":2005,"elevationM":263}},{"type":"Feature","geometry":{"type":"Point","coordinates":[73.513,-53.106]},"properties":{"name":"Heard","type":"Stratovolcano","country":"Australia","lastEruptionYear":2026,"elevationM":2745}},{"type":"Feature","geometry":{"type":"Point","coordinates":[69.5,-49.58]},"properties":{"name":"Kerguelen Islands","type":"Stratovolcano(es)","country":"France","lastEruptionYear":null,"elevationM":1840}},{"type":"Feature","geometry":{"type":"Point","coordinates":[52.2,-46.43]},"properties":{"name":"Est, Ile de l'","type":"Stratovolcano","country":"France","lastEruptionYear":null,"elevationM":1090}},{"type":"Feature","geometry":{"type":"Point","coordinates":[51.75,-46.42]},"properties":{"name":"Possession, Ile de la","type":"Stratovolcano","country":"France","lastEruptionYear":null,"elevationM":934}},{"type":"Feature","geometry":{"type":"Point","coordinates":[50.23,-46.1]},"properties":{"name":"Cochons, Ile aux","type":"Stratovolcano","country":"France","lastEruptionYear":null,"elevationM":775}},{"type":"Feature","geometry":{"type":"Point","coordinates":[37.95,-46.63]},"properties":{"name":"Prince Edward Island","type":"Shield","country":"South Africa","lastEruptionYear":null,"elevationM":672}},{"type":"Feature","geometry":{"type":"Point","coordinates":[37.75,-46.9]},"properties":{"name":"Marion Island","type":"Shield(s)","country":"South Africa","lastEruptionYear":2004,"elevationM":1230}},{"type":"Feature","geometry":{"type":"Point","coordinates":[176.25,-37.28]},"properties":{"name":"Tuhua/Mayor Island","type":"Shield","country":"New Zealand","lastEruptionYear":-5055,"elevationM":355}},{"type":"Feature","geometry":{"type":"Point","coordinates":[174.81,-36.89]},"properties":{"name":"Auckland Volcanic Field","type":"Volcanic field","country":"New Zealand","lastEruptionYear":1446,"elevationM":260}},{"type":"Feature","geometry":{"type":"Point","coordinates":[174.07,-39.3]},"properties":{"name":"Taranaki","type":"Stratovolcano","country":"New Zealand","lastEruptionYear":1800,"elevationM":2518}},{"type":"Feature","geometry":{"type":"Point","coordinates":[177.18,-37.52]},"properties":{"name":"Whakaari/White Island","type":"Stratovolcano(es)","country":"New Zealand","lastEruptionYear":2026,"elevationM":294}},{"type":"Feature","geometry":{"type":"Point","coordinates":[176.5069,-38.1569]},"properties":{"name":"Okataina","type":"Lava dome(s)","country":"New Zealand","lastEruptionYear":1981,"elevationM":1111}},{"type":"Feature","geometry":{"type":"Point","coordinates":[175.893,-38.7811]},"properties":{"name":"Taupo","type":"Caldera","country":"New Zealand","lastEruptionYear":260,"elevationM":760}},{"type":"Feature","geometry":{"type":"Point","coordinates":[175.632,-39.157]},"properties":{"name":"Tongariro","type":"Stratovolcano(es)","country":"New Zealand","lastEruptionYear":2012,"elevationM":1978}},{"type":"Feature","geometry":{"type":"Point","coordinates":[177.839,-36.446]},"properties":{"name":"Clark","type":"Stratovolcano","country":"New Zealand","lastEruptionYear":null,"elevationM":-860}},{"type":"Feature","geometry":{"type":"Point","coordinates":[178.028,-36.321]},"properties":{"name":"Tangaroa","type":"Stratovolcano","country":"New Zealand","lastEruptionYear":null,"elevationM":-600}},{"type":"Feature","geometry":{"type":"Point","coordinates":[175.57,-39.28]},"properties":{"name":"Ruapehu","type":"Stratovolcano","country":"New Zealand","lastEruptionYear":2007,"elevationM":2797}},{"type":"Feature","geometry":{"type":"Point","coordinates":[178.196,-36.142]},"properties":{"name":"Rumble V","type":"Stratovolcano","country":"New Zealand","lastEruptionYear":null,"elevationM":-400}},{"type":"Feature","geometry":{"type":"Point","coordinates":[178.05,-36.13]},"properties":{"name":"Rumble IV","type":"Stratovolcano","country":"New Zealand","lastEruptionYear":null,"elevationM":-500}},{"type":"Feature","geometry":{"type":"Point","coordinates":[178.478,-35.745]},"properties":{"name":"Rumble III","type":"Stratovolcano","country":"New Zealand","lastEruptionYear":2008,"elevationM":-220}},{"type":"Feature","geometry":{"type":"Point","coordinates":[178.527,-35.353]},"properties":{"name":"Rumble II West","type":"Stratovolcano","country":"New Zealand","lastEruptionYear":null,"elevationM":-1200}},{"type":"Feature","geometry":{"type":"Point","coordinates":[178.973,-35.004]},"properties":{"name":"Healy","type":"Stratovolcano","country":"New Zealand","lastEruptionYear":1360,"elevationM":-980}},{"type":"Feature","geometry":{"type":"Point","coordinates":[179.0667,-34.875]},"properties":{"name":"Brothers","type":"Caldera","country":"New Zealand","lastEruptionYear":null,"elevationM":-1350}},{"type":"Feature","geometry":{"type":"Point","coordinates":[-179.18,-31.85]},"properties":{"name":"Wright","type":"Stratovolcano(es)","country":"New Zealand","lastEruptionYear":null,"elevationM":-900}},{"type":"Feature","geometry":{"type":"Point","coordinates":[-178.556,-30.543]},"properties":{"name":"Curtis Island","type":"Stratovolcano","country":"New Zealand","lastEruptionYear":null,"elevationM":47}},{"type":"Feature","geometry":{"type":"Point","coordinates":[-178.475,-30.21]},"properties":{"name":"Macauley","type":"Caldera","country":"New Zealand","lastEruptionYear":-4360,"elevationM":238}},{"type":"Feature","geometry":{"type":"Point","coordinates":[-178.712,-30.036]},"properties":{"name":"Giggenbach","type":"Stratovolcano","country":"New Zealand","lastEruptionYear":null,"elevationM":-65}},{"type":"Feature","geometry":{"type":"Point","coordinates":[-177.92,-29.27]},"properties":{"name":"Raoul Island","type":"Stratovolcano","country":"New Zealand","lastEruptionYear":2006,"elevationM":516}},{"type":"Feature","geometry":{"type":"Point","coordinates":[-177.188,-25.887]},"properties":{"name":"Monowai","type":"Stratovolcano","country":"New Zealand","lastEruptionYear":2014,"elevationM":-132}},{"type":"Feature","geometry":{"type":"Point","coordinates":[-177.02,-24.8]},"properties":{"name":"Kermadec Arc at 24.8\u00b0S","type":"Stratovolcano","country":"Tonga","lastEruptionYear":null,"elevationM":-385}},{"type":"Feature","geometry":{"type":"Point","coordinates":[-175.75,-21.15]},"properties":{"name":"Tofua Arc at 21.1\u00b0S","type":"Stratovolcano","country":"Tonga","lastEruptionYear":null,"elevationM":-65}},{"type":"Feature","geometry":{"type":"Point","coordinates":[-175.65,-21.338]},"properties":{"name":"Tofua Arc at 21.3\u00b0S","type":"Stratovolcano","country":"Tonga","lastEruptionYear":1932,"elevationM":-68}},{"type":"Feature","geometry":{"type":"Point","coordinates":[-175.55,-20.852]},"properties":{"name":"Tofua Arc at 20.9\u00b0S","type":"Stratovolcano","country":"Tonga","lastEruptionYear":2017,"elevationM":-296}},{"type":"Feature","geometry":{"type":"Point","coordinates":[-175.3841,-20.5532]},"properties":{"name":"Hunga Tonga-Hunga Ha'apai","type":"Caldera","country":"Tonga","lastEruptionYear":2022,"elevationM":114}},{"type":"Feature","geometry":{"type":"Point","coordinates":[-175.42,-20.32]},"properties":{"name":"Fonuafo'ou","type":"Stratovolcano","country":"Tonga","lastEruptionYear":1936,"elevationM":-17}},{"type":"Feature","geometry":{"type":"Point","coordinates":[-175.016,-19.668]},"properties":{"name":"Kao","type":"Stratovolcano","country":"Tonga","lastEruptionYear":1847,"elevationM":1009}},{"type":"Feature","geometry":{"type":"Point","coordinates":[-175.07,-19.75]},"properties":{"name":"Tofua","type":"Caldera","country":"Tonga","lastEruptionYear":2026,"elevationM":515}},{"type":"Feature","geometry":{"type":"Point","coordinates":[-174.87,-19.18]},"properties":{"name":"Lateiki","type":"Stratovolcano","country":"Tonga","lastEruptionYear":2019,"elevationM":43}},{"type":"Feature","geometry":{"type":"Point","coordinates":[-174.775,-18.992]},"properties":{"name":"Home Reef","type":"Stratovolcano","country":"Tonga","lastEruptionYear":2026,"elevationM":-10}},{"type":"Feature","geometry":{"type":"Point","coordinates":[-174.365,-18.325]},"properties":{"name":"Tofua Arc at 18.3\u00b0S","type":"Stratovolcano","country":"Tonga","lastEruptionYear":2019,"elevationM":-40}},{"type":"Feature","geometry":{"type":"Point","coordinates":[-174.65,-18.806]},"properties":{"name":"Late","type":"Stratovolcano","country":"Tonga","lastEruptionYear":1854,"elevationM":540}},{"type":"Feature","geometry":{"type":"Point","coordinates":[-173.747,-15.854]},"properties":{"name":"Tafahi","type":"Stratovolcano","country":"Tonga","lastEruptionYear":null,"elevationM":546}},{"type":"Feature","geometry":{"type":"Point","coordinates":[-173.67,-15.62]},"properties":{"name":"Curacoa","type":"Complex","country":"Tonga","lastEruptionYear":1979,"elevationM":-33}},{"type":"Feature","geometry":{"type":"Point","coordinates":[-174.317,-18.023]},"properties":{"name":"Fonualei","type":"Stratovolcano","country":"Tonga","lastEruptionYear":1957,"elevationM":188}},{"type":"Feature","geometry":{"type":"Point","coordinates":[-175.63,-15.6]},"properties":{"name":"Niuafo'ou","type":"Shield","country":"Tonga","lastEruptionYear":1946,"elevationM":260}},{"type":"Feature","geometry":{"type":"Point","coordinates":[-174.23,-15.37]},"properties":{"name":"Tafu-Maka","type":"Fissure vent","country":"Tonga","lastEruptionYear":2008,"elevationM":-1400}},{"type":"Feature","geometry":{"type":"Point","coordinates":[-173.75,-15.1]},"properties":{"name":"West Mata","type":"Fissure vent(s)","country":"Tonga","lastEruptionYear":2009,"elevationM":-1174}},{"type":"Feature","geometry":{"type":"Point","coordinates":[-169.058,-14.215]},"properties":{"name":"Vailulu'u","type":"Shield","country":"United States","lastEruptionYear":2003,"elevationM":-592}},{"type":"Feature","geometry":{"type":"Point","coordinates":[-169.454,-14.23]},"properties":{"name":"Ta'u","type":"Shield","country":"United States","lastEruptionYear":null,"elevationM":931}},{"type":"Feature","geometry":{"type":"Point","coordinates":[-169.618,-14.175]},"properties":{"name":"Ofu-Olosega","type":"Shield(s)","country":"United States","lastEruptionYear":1866,"elevationM":639}},{"type":"Feature","geometry":{"type":"Point","coordinates":[-170.7019,-14.2903]},"properties":{"name":"Tutuila","type":"Tuff cone(s)","country":"United States","lastEruptionYear":440,"elevationM":653}},{"type":"Feature","geometry":{"type":"Point","coordinates":[-171.72,-13.935]},"properties":{"name":"Upolu","type":"Shield","country":"Samoa","lastEruptionYear":null,"elevationM":1100}},{"type":"Feature","geometry":{"type":"Point","coordinates":[-172.525,-13.612]},"properties":{"name":"Savaii","type":"Shield","country":"Samoa","lastEruptionYear":1911,"elevationM":1858}},{"type":"Feature","geometry":{"type":"Point","coordinates":[-179.9644,-16.8412]},"properties":{"name":"Taveuni","type":"Shield","country":"Fiji","lastEruptionYear":1550,"elevationM":1241}},{"type":"Feature","geometry":{"type":"Point","coordinates":[177.9815,-19.1181]},"properties":{"name":"Nabukelevu","type":"Lava dome(s)","country":"Fiji","lastEruptionYear":1660,"elevationM":791}},{"type":"Feature","geometry":{"type":"Point","coordinates":[147.35,-2.38]},"properties":{"name":"St. Andrew Strait","type":"Complex","country":"Papua New Guinea","lastEruptionYear":1957,"elevationM":270}},{"type":"Feature","geometry":{"type":"Point","coordinates":[147.78,-3.03]},"properties":{"name":"Titan Ridge","type":"Fissure vent","country":"Papua New Guinea","lastEruptionYear":1972,"elevationM":-1300}},{"type":"Feature","geometry":{"type":"Point","coordinates":[144.605,-3.507]},"properties":{"name":"Blup Blup","type":"Stratovolcano","country":"Papua New Guinea","lastEruptionYear":null,"elevationM":402}},{"type":"Feature","geometry":{"type":"Point","coordinates":[144.588,-3.608]},"properties":{"name":"Kadovar","type":"Stratovolcano","country":"Papua New Guinea","lastEruptionYear":2023,"elevationM":365}},{"type":"Feature","geometry":{"type":"Point","coordinates":[144.818,-3.613]},"properties":{"name":"Bam","type":"Stratovolcano","country":"Papua New Guinea","lastEruptionYear":1960,"elevationM":685}},{"type":"Feature","geometry":{"type":"Point","coordinates":[145.037,-4.08]},"properties":{"name":"Manam","type":"Stratovolcano","country":"Papua New Guinea","lastEruptionYear":2026,"elevationM":1807}},{"type":"Feature","geometry":{"type":"Point","coordinates":[145.976,-4.647]},"properties":{"name":"Karkar","type":"Stratovolcano","country":"Papua New Guinea","lastEruptionYear":1979,"elevationM":1839}},{"type":"Feature","geometry":{"type":"Point","coordinates":[146.717,-4.883]},"properties":{"name":"Hankow Reef","type":"Stratovolcano","country":"Papua New Guinea","lastEruptionYear":null,"elevationM":-5}},{"type":"Feature","geometry":{"type":"Point","coordinates":[147.105,-5.3144]},"properties":{"name":"Long Island","type":"Complex","country":"Papua New Guinea","lastEruptionYear":1993,"elevationM":1263}},{"type":"Feature","geometry":{"type":"Point","coordinates":[147.892,-5.592]},"properties":{"name":"Umboi","type":"Complex","country":"Papua New Guinea","lastEruptionYear":null,"elevationM":1335}},{"type":"Feature","geometry":{"type":"Point","coordinates":[148.115,-5.519]},"properties":{"name":"Ritter Island","type":"Stratovolcano","country":"Papua New Guinea","lastEruptionYear":2007,"elevationM":75}},{"type":"Feature","geometry":{"type":"Point","coordinates":[148.0836,-5.4098]},"properties":{"name":"Sakar","type":"Stratovolcano","country":"Papua New Guinea","lastEruptionYear":null,"elevationM":947}},{"type":"Feature","geometry":{"type":"Point","coordinates":[148.42,-5.525]},"properties":{"name":"Langila","type":"Complex","country":"Papua New Guinea","lastEruptionYear":2026,"elevationM":1330}},{"type":"Feature","geometry":{"type":"Point","coordinates":[150.0996,-5.0455]},"properties":{"name":"Dakataua","type":"Caldera","country":"Papua New Guinea","lastEruptionYear":1895,"elevationM":408}},{"type":"Feature","geometry":{"type":"Point","coordinates":[150.038,-5.141]},"properties":{"name":"Bola","type":"Stratovolcano","country":"Papua New Guinea","lastEruptionYear":null,"elevationM":1116}},{"type":"Feature","geometry":{"type":"Point","coordinates":[150.07,-5.3]},"properties":{"name":"Garua Harbour","type":"Volcanic field","country":"Papua New Guinea","lastEruptionYear":null,"elevationM":565}},{"type":"Feature","geometry":{"type":"Point","coordinates":[150.509,-5.466]},"properties":{"name":"Lolo","type":"Stratovolcano","country":"Papua New Guinea","lastEruptionYear":null,"elevationM":796}},{"type":"Feature","geometry":{"type":"Point","coordinates":[150.027,-5.416]},"properties":{"name":"Krummel-Garbuna-Welcker","type":"Stratovolcano(es)","country":"Papua New Guinea","lastEruptionYear":2008,"elevationM":564}},{"type":"Feature","geometry":{"type":"Point","coordinates":[150.5161,-5.5745]},"properties":{"name":"Witori","type":"Caldera","country":"Papua New Guinea","lastEruptionYear":2012,"elevationM":724}},{"type":"Feature","geometry":{"type":"Point","coordinates":[150.942,-5.5]},"properties":{"name":"Sulu Range","type":"Stratovolcano(es)","country":"Papua New Guinea","lastEruptionYear":null,"elevationM":610}},{"type":"Feature","geometry":{"type":"Point","coordinates":[151.1,-5.33]},"properties":{"name":"Hargy","type":"Stratovolcano","country":"Papua New Guinea","lastEruptionYear":950,"elevationM":1148}},{"type":"Feature","geometry":{"type":"Point","coordinates":[151.23,-5.2]},"properties":{"name":"Bamus","type":"Stratovolcano","country":"Papua New Guinea","lastEruptionYear":1886,"elevationM":2248}},{"type":"Feature","geometry":{"type":"Point","coordinates":[151.33,-5.05]},"properties":{"name":"Ulawun","type":"Stratovolcano","country":"Papua New Guinea","lastEruptionYear":2025,"elevationM":2334}},{"type":"Feature","geometry":{"type":"Point","coordinates":[151.1617,-4.9156]},"properties":{"name":"Lolobau","type":"Caldera","country":"Papua New Guinea","lastEruptionYear":1912,"elevationM":878}},{"type":"Feature","geometry":{"type":"Point","coordinates":[152.1937,-4.2459]},"properties":{"name":"Rabaul","type":"Caldera","country":"Papua New Guinea","lastEruptionYear":2014,"elevationM":688}},{"type":"Feature","geometry":{"type":"Point","coordinates":[152.2134,-4.1089]},"properties":{"name":"Tavui","type":"Caldera","country":"Papua New Guinea","lastEruptionYear":-4946,"elevationM":200}},{"type":"Feature","geometry":{"type":"Point","coordinates":[148.37,-9]},"properties":{"name":"Hydrographers Range","type":"Stratovolcano","country":"Papua New Guinea","lastEruptionYear":null,"elevationM":1915}},{"type":"Feature","geometry":{"type":"Point","coordinates":[148.15,-8.95]},"properties":{"name":"Lamington","type":"Stratovolcano","country":"Papua New Guinea","lastEruptionYear":1956,"elevationM":1680}},{"type":"Feature","geometry":{"type":"Point","coordinates":[148.33,-9.08]},"properties":{"name":"Managlase Plateau","type":"Volcanic field","country":"Papua New Guinea","lastEruptionYear":null,"elevationM":1342}},{"type":"Feature","geometry":{"type":"Point","coordinates":[149.072,-9.2003]},"properties":{"name":"Victory","type":"Stratovolcano","country":"Papua New Guinea","lastEruptionYear":1935,"elevationM":1832}},{"type":"Feature","geometry":{"type":"Point","coordinates":[150.246,-9.358]},"properties":{"name":"Goodenough","type":"Volcanic field","country":"Papua New Guinea","lastEruptionYear":null,"elevationM":220}},{"type":"Feature","geometry":{"type":"Point","coordinates":[149.1278,-9.5542]},"properties":{"name":"Sessagara Hills","type":"Volcanic field","country":"Papua New Guinea","lastEruptionYear":1944,"elevationM":493}},{"type":"Feature","geometry":{"type":"Point","coordinates":[150.5239,-9.5056]},"properties":{"name":"Iamalele","type":"Lava dome(s)","country":"Papua New Guinea","lastEruptionYear":null,"elevationM":194}},{"type":"Feature","geometry":{"type":"Point","coordinates":[150.88,-9.62]},"properties":{"name":"Dawson Strait Group","type":"Volcanic field","country":"Papua New Guinea","lastEruptionYear":1350,"elevationM":500}},{"type":"Feature","geometry":{"type":"Point","coordinates":[155.2254,-6.0898]},"properties":{"name":"Billy Mitchell","type":"Caldera","country":"Papua New Guinea","lastEruptionYear":1580,"elevationM":1544}},{"type":"Feature","geometry":{"type":"Point","coordinates":[155.0008,-5.9156]},"properties":{"name":"Balbi","type":"Stratovolcano","country":"Papua New Guinea","lastEruptionYear":null,"elevationM":2715}},{"type":"Feature","geometry":{"type":"Point","coordinates":[155.608,-6.442]},"properties":{"name":"Takuan Group","type":"Compound","country":"Papua New Guinea","lastEruptionYear":null,"elevationM":2210}},{"type":"Feature","geometry":{"type":"Point","coordinates":[155.196,-6.137]},"properties":{"name":"Bagana","type":"Lava cone","country":"Papua New Guinea","lastEruptionYear":2026,"elevationM":1855}},{"type":"Feature","geometry":{"type":"Point","coordinates":[155.62,-6.52]},"properties":{"name":"Loloru","type":"Compound","country":"Papua New Guinea","lastEruptionYear":-1050,"elevationM":1887}},{"type":"Feature","geometry":{"type":"Point","coordinates":[157.03,-8.75]},"properties":{"name":"Kana Keoki","type":"Stratovolcano","country":"Solomon Islands","lastEruptionYear":null,"elevationM":-700}},{"type":"Feature","geometry":{"type":"Point","coordinates":[157.16,-8.841]},"properties":{"name":"Coleman Seamount","type":"Stratovolcano","country":"Solomon Islands","lastEruptionYear":null,"elevationM":-717}},{"type":"Feature","geometry":{"type":"Point","coordinates":[156.52,-8.292]},"properties":{"name":"Simbo","type":"Stratovolcano(es)","country":"Solomon Islands","lastEruptionYear":1910,"elevationM":335}},{"type":"Feature","geometry":{"type":"Point","coordinates":[158.03,-8.92]},"properties":{"name":"New Georgia at 8.9\u00b0S","type":"Stratovolcano","country":"Solomon Islands","lastEruptionYear":null,"elevationM":-240}},{"type":"Feature","geometry":{"type":"Point","coordinates":[157.979,-8.991]},"properties":{"name":"Kavachi","type":"Stratovolcano","country":"Solomon Islands","lastEruptionYear":2014,"elevationM":-20}},{"type":"Feature","geometry":{"type":"Point","coordinates":[159.8119,-9.1324]},"properties":{"name":"Savo","type":"Stratovolcano","country":"Solomon Islands","lastEruptionYear":1847,"elevationM":455}},{"type":"Feature","geometry":{"type":"Point","coordinates":[165.804,-10.386]},"properties":{"name":"Tinakula","type":"Stratovolcano","country":"Solomon Islands","lastEruptionYear":2024,"elevationM":796}},{"type":"Feature","geometry":{"type":"Point","coordinates":[167.67,-13.67]},"properties":{"name":"Motlav","type":"Stratovolcano","country":"Vanuatu","lastEruptionYear":null,"elevationM":411}},{"type":"Feature","geometry":{"type":"Point","coordinates":[167.47,-13.8]},"properties":{"name":"Suretamatai","type":"Complex","country":"Vanuatu","lastEruptionYear":1966,"elevationM":921}},{"type":"Feature","geometry":{"type":"Point","coordinates":[167.514,-14.281]},"properties":{"name":"Gaua","type":"Stratovolcano","country":"Vanuatu","lastEruptionYear":2022,"elevationM":729}},{"type":"Feature","geometry":{"type":"Point","coordinates":[167.835,-15.389]},"properties":{"name":"Ambae","type":"Shield","country":"Vanuatu","lastEruptionYear":2026,"elevationM":1496}},{"type":"Feature","geometry":{"type":"Point","coordinates":[168.12,-16.25]},"properties":{"name":"Ambrym","type":"Shield(pyroclastic)","country":"Vanuatu","lastEruptionYear":2024,"elevationM":1334}},{"type":"Feature","geometry":{"type":"Point","coordinates":[168.346,-16.507]},"properties":{"name":"Lopevi","type":"Stratovolcano","country":"Vanuatu","lastEruptionYear":2007,"elevationM":1413}},{"type":"Feature","geometry":{"type":"Point","coordinates":[168.3893,-16.6797]},"properties":{"name":"East Epi","type":"Stratovolcano(es)","country":"Vanuatu","lastEruptionYear":2023,"elevationM":833}},{"type":"Feature","geometry":{"type":"Point","coordinates":[168.5227,-16.8304]},"properties":{"name":"Kuwae","type":"Caldera","country":"Vanuatu","lastEruptionYear":1974,"elevationM":-2}},{"type":"Feature","geometry":{"type":"Point","coordinates":[168.353,-17.4522]},"properties":{"name":"Nguna-Emau","type":"Stratovolcano(es)","country":"Vanuatu","lastEruptionYear":null,"elevationM":589}},{"type":"Feature","geometry":{"type":"Point","coordinates":[169.238,-18.754]},"properties":{"name":"Traitor's Head","type":"Stratovolcano","country":"Vanuatu","lastEruptionYear":1881,"elevationM":817}},{"type":"Feature","geometry":{"type":"Point","coordinates":[169.447,-19.532]},"properties":{"name":"Yasur","type":"Stratovolcano","country":"Vanuatu","lastEruptionYear":2026,"elevationM":361}},{"type":"Feature","geometry":{"type":"Point","coordinates":[170.13,-20.957]},"properties":{"name":"Gemini-Oscostar","type":"Stratovolcano","country":"Vanuatu","lastEruptionYear":1996,"elevationM":-33}},{"type":"Feature","geometry":{"type":"Point","coordinates":[171.32,-22.33]},"properties":{"name":"Matthew Island","type":"Stratovolcano","country":"France - claimed by Vanuatu","lastEruptionYear":1956,"elevationM":177}},{"type":"Feature","geometry":{"type":"Point","coordinates":[172.05,-22.4]},"properties":{"name":"Hunter Island","type":"Stratovolcano","country":"France - claimed by Vanuatu","lastEruptionYear":1903,"elevationM":297}},{"type":"Feature","geometry":{"type":"Point","coordinates":[142.5,-37.77]},"properties":{"name":"Newer Volcanics Province","type":"Volcanic field","country":"Australia","lastEruptionYear":-2900,"elevationM":1011}},{"type":"Feature","geometry":{"type":"Point","coordinates":[144.567,-18.367]},"properties":{"name":"McBride Volcanic Province","type":"Volcanic field","country":"Australia","lastEruptionYear":-5050,"elevationM":1020}},{"type":"Feature","geometry":{"type":"Point","coordinates":[93.858,12.278]},"properties":{"name":"Barren Island","type":"Stratovolcano","country":"India","lastEruptionYear":2026,"elevationM":354}},{"type":"Feature","geometry":{"type":"Point","coordinates":[96.289,4.903]},"properties":{"name":"Peuet Sague","type":"Complex","country":"Indonesia","lastEruptionYear":2000,"elevationM":2785}},{"type":"Feature","geometry":{"type":"Point","coordinates":[96.821,4.769]},"properties":{"name":"Telong, Bur ni","type":"Stratovolcano","country":"Indonesia","lastEruptionYear":1937,"elevationM":2617}},{"type":"Feature","geometry":{"type":"Point","coordinates":[98.5127,3.2379]},"properties":{"name":"Singkut","type":"Caldera(s)","country":"Indonesia","lastEruptionYear":1881,"elevationM":2181}},{"type":"Feature","geometry":{"type":"Point","coordinates":[98.392,3.17]},"properties":{"name":"Sinabung","type":"Stratovolcano","country":"Indonesia","lastEruptionYear":2021,"elevationM":2460}},{"type":"Feature","geometry":{"type":"Point","coordinates":[99.6628,0.4756]},"properties":{"name":"Malintang","type":"Stratovolcano","country":"Indonesia","lastEruptionYear":null,"elevationM":1988}},{"type":"Feature","geometry":{"type":"Point","coordinates":[99.5409,0.6834]},"properties":{"name":"Sorikmarapi","type":"Stratovolcano","country":"Indonesia","lastEruptionYear":1986,"elevationM":2145}},{"type":"Feature","geometry":{"type":"Point","coordinates":[99.984,0.0787]},"properties":{"name":"Talakmau","type":"Complex","country":"Indonesia","lastEruptionYear":null,"elevationM":2911}},{"type":"Feature","geometry":{"type":"Point","coordinates":[100.474,-0.38]},"properties":{"name":"Marapi","type":"Complex","country":"Indonesia","lastEruptionYear":2026,"elevationM":2885}},{"type":"Feature","geometry":{"type":"Point","coordinates":[100.3192,-0.4311]},"properties":{"name":"Tandikat-Singgalang","type":"Stratovolcano(es)","country":"Indonesia","lastEruptionYear":1924,"elevationM":2879}},{"type":"Feature","geometry":{"type":"Point","coordinates":[100.681,-0.979]},"properties":{"name":"Talang","type":"Stratovolcano","country":"Indonesia","lastEruptionYear":2007,"elevationM":2575}},{"type":"Feature","geometry":{"type":"Point","coordinates":[101.264,-1.697]},"properties":{"name":"Kerinci","type":"Stratovolcano","country":"Indonesia","lastEruptionYear":2024,"elevationM":3800}},{"type":"Feature","geometry":{"type":"Point","coordinates":[101.728,-2.414]},"properties":{"name":"Sumbing","type":"Stratovolcano","country":"Indonesia","lastEruptionYear":1921,"elevationM":2507}},{"type":"Feature","geometry":{"type":"Point","coordinates":[102.6261,-3.5156]},"properties":{"name":"Kaba","type":"Stratovolcano","country":"Indonesia","lastEruptionYear":2000,"elevationM":1962}},{"type":"Feature","geometry":{"type":"Point","coordinates":[103.306,-4.257]},"properties":{"name":"Patah","type":"Stratovolcano?","country":"Indonesia","lastEruptionYear":null,"elevationM":2836}},{"type":"Feature","geometry":{"type":"Point","coordinates":[103.121,-4.016]},"properties":{"name":"Dempo","type":"Stratovolcano(es)","country":"Indonesia","lastEruptionYear":2025,"elevationM":3142}},{"type":"Feature","geometry":{"type":"Point","coordinates":[103.925,-4.871]},"properties":{"name":"Ranau","type":"Caldera","country":"Indonesia","lastEruptionYear":null,"elevationM":1854}},{"type":"Feature","geometry":{"type":"Point","coordinates":[104.27,-5.25]},"properties":{"name":"Suoh","type":"Caldera(s)","country":"Indonesia","lastEruptionYear":2024,"elevationM":1000}},{"type":"Feature","geometry":{"type":"Point","coordinates":[105.4233,-6.1009]},"properties":{"name":"Krakatau","type":"Caldera","country":"Indonesia","lastEruptionYear":2024,"elevationM":285}},{"type":"Feature","geometry":{"type":"Point","coordinates":[105.978,-6.343]},"properties":{"name":"Pulosari","type":"Stratovolcano","country":"Indonesia","lastEruptionYear":null,"elevationM":1324}},{"type":"Feature","geometry":{"type":"Point","coordinates":[106.05,-6.268]},"properties":{"name":"Karang","type":"Stratovolcano","country":"Indonesia","lastEruptionYear":null,"elevationM":1768}},{"type":"Feature","geometry":{"type":"Point","coordinates":[106.675,-6.75]},"properties":{"name":"Perbakti-Gagak","type":"Stratovolcano(es)","country":"Indonesia","lastEruptionYear":1939,"elevationM":1726}},{"type":"Feature","geometry":{"type":"Point","coordinates":[106.733,-6.716]},"properties":{"name":"Salak","type":"Stratovolcano","country":"Indonesia","lastEruptionYear":1938,"elevationM":2218}},{"type":"Feature","geometry":{"type":"Point","coordinates":[106.983,-6.786]},"properties":{"name":"Gede-Pangrango","type":"Stratovolcano(es)","country":"Indonesia","lastEruptionYear":1957,"elevationM":3026}},{"type":"Feature","geometry":{"type":"Point","coordinates":[107.4,-7.162]},"properties":{"name":"Patuha","type":"Stratovolcano","country":"Indonesia","lastEruptionYear":null,"elevationM":2422}},{"type":"Feature","geometry":{"type":"Point","coordinates":[107.6,-6.77]},"properties":{"name":"Tangkuban Parahu","type":"Stratovolcano","country":"Indonesia","lastEruptionYear":2019,"elevationM":2084}},{"type":"Feature","geometry":{"type":"Point","coordinates":[107.7306,-7.3175]},"properties":{"name":"Papandayan","type":"Stratovolcano(es)","country":"Indonesia","lastEruptionYear":2002,"elevationM":2643}},{"type":"Feature","geometry":{"type":"Point","coordinates":[107.9612,-6.7639]},"properties":{"name":"Tampomas","type":"Stratovolcano","country":"Indonesia","lastEruptionYear":null,"elevationM":1690}},{"type":"Feature","geometry":{"type":"Point","coordinates":[107.841,-7.143]},"properties":{"name":"Guntur","type":"Complex","country":"Indonesia","lastEruptionYear":1847,"elevationM":2251}},{"type":"Feature","geometry":{"type":"Point","coordinates":[108.058,-7.25]},"properties":{"name":"Galunggung","type":"Stratovolcano","country":"Indonesia","lastEruptionYear":1984,"elevationM":2168}},{"type":"Feature","geometry":{"type":"Point","coordinates":[108.07,-7.208]},"properties":{"name":"Talagabodas","type":"Stratovolcano","country":"Indonesia","lastEruptionYear":null,"elevationM":2201}},{"type":"Feature","geometry":{"type":"Point","coordinates":[108.408,-6.895]},"properties":{"name":"Ciremai","type":"Stratovolcano","country":"Indonesia","lastEruptionYear":1951,"elevationM":3039}},{"type":"Feature","geometry":{"type":"Point","coordinates":[109.208,-7.242]},"properties":{"name":"Slamet","type":"Stratovolcano","country":"Indonesia","lastEruptionYear":2014,"elevationM":3428}},{"type":"Feature","geometry":{"type":"Point","coordinates":[109.879,-7.2]},"properties":{"name":"Dieng Volcanic Complex","type":"Complex","country":"Indonesia","lastEruptionYear":2025,"elevationM":2565}},{"type":"Feature","geometry":{"type":"Point","coordinates":[109.997,-7.3014]},"properties":{"name":"Sundoro","type":"Stratovolcano","country":"Indonesia","lastEruptionYear":1971,"elevationM":3149}},{"type":"Feature","geometry":{"type":"Point","coordinates":[110.0747,-7.3819]},"properties":{"name":"Sumbing","type":"Stratovolcano","country":"Indonesia","lastEruptionYear":1730,"elevationM":3370}},{"type":"Feature","geometry":{"type":"Point","coordinates":[110.44,-7.454]},"properties":{"name":"Merbabu","type":"Stratovolcano","country":"Indonesia","lastEruptionYear":1797,"elevationM":3118}},{"type":"Feature","geometry":{"type":"Point","coordinates":[110.446,-7.54]},"properties":{"name":"Merapi","type":"Stratovolcano","country":"Indonesia","lastEruptionYear":2026,"elevationM":2910}},{"type":"Feature","geometry":{"type":"Point","coordinates":[111.192,-7.625]},"properties":{"name":"Lawu","type":"Stratovolcano","country":"Indonesia","lastEruptionYear":null,"elevationM":3265}},{"type":"Feature","geometry":{"type":"Point","coordinates":[112.45,-7.92]},"properties":{"name":"Kawi-Butak","type":"Stratovolcano(es)","country":"Indonesia","lastEruptionYear":null,"elevationM":2651}},{"type":"Feature","geometry":{"type":"Point","coordinates":[112.314,-7.935]},"properties":{"name":"Kelud","type":"Stratovolcano","country":"Indonesia","lastEruptionYear":2014,"elevationM":1730}},{"type":"Feature","geometry":{"type":"Point","coordinates":[112.62,-7.616]},"properties":{"name":"Penanggungan","type":"Stratovolcano","country":"Indonesia","lastEruptionYear":null,"elevationM":1631}},{"type":"Feature","geometry":{"type":"Point","coordinates":[112.575,-7.733]},"properties":{"name":"Arjuno-Welirang","type":"Stratovolcano","country":"Indonesia","lastEruptionYear":1952,"elevationM":3343}},{"type":"Feature","geometry":{"type":"Point","coordinates":[112.922,-8.108]},"properties":{"name":"Semeru","type":"Stratovolcano","country":"Indonesia","lastEruptionYear":2026,"elevationM":3657}},{"type":"Feature","geometry":{"type":"Point","coordinates":[112.95,-7.942]},"properties":{"name":"Tengger Caldera","type":"Stratovolcano(es)","country":"Indonesia","lastEruptionYear":2023,"elevationM":2329}},{"type":"Feature","geometry":{"type":"Point","coordinates":[113.341,-7.981]},"properties":{"name":"Lamongan","type":"Stratovolcano","country":"Indonesia","lastEruptionYear":1898,"elevationM":1641}},{"type":"Feature","geometry":{"type":"Point","coordinates":[113.57,-7.97]},"properties":{"name":"Iyang-Argapura","type":"Complex","country":"Indonesia","lastEruptionYear":null,"elevationM":3088}},{"type":"Feature","geometry":{"type":"Point","coordinates":[114.056,-8.119]},"properties":{"name":"Raung","type":"Stratovolcano","country":"Indonesia","lastEruptionYear":2025,"elevationM":3260}},{"type":"Feature","geometry":{"type":"Point","coordinates":[114.37,-7.85]},"properties":{"name":"Baluran","type":"Stratovolcano","country":"Indonesia","lastEruptionYear":null,"elevationM":1247}},{"type":"Feature","geometry":{"type":"Point","coordinates":[114.242,-8.058]},"properties":{"name":"Ijen","type":"Stratovolcano(es)","country":"Indonesia","lastEruptionYear":1999,"elevationM":2769}},{"type":"Feature","geometry":{"type":"Point","coordinates":[115.133,-8.283]},"properties":{"name":"Buyan-Bratan","type":"Caldera","country":"Indonesia","lastEruptionYear":null,"elevationM":2244}},{"type":"Feature","geometry":{"type":"Point","coordinates":[115.3775,-8.2403]},"properties":{"name":"Batur","type":"Caldera","country":"Indonesia","lastEruptionYear":2000,"elevationM":1711}},{"type":"Feature","geometry":{"type":"Point","coordinates":[115.508,-8.343]},"properties":{"name":"Agung","type":"Stratovolcano","country":"Indonesia","lastEruptionYear":2022,"elevationM":2997}},{"type":"Feature","geometry":{"type":"Point","coordinates":[116.47,-8.42]},"properties":{"name":"Rinjani","type":"Stratovolcano","country":"Indonesia","lastEruptionYear":2016,"elevationM":3726}},{"type":"Feature","geometry":{"type":"Point","coordinates":[118,-8.25]},"properties":{"name":"Tambora","type":"Stratovolcano","country":"Indonesia","lastEruptionYear":1967,"elevationM":2850}},{"type":"Feature","geometry":{"type":"Point","coordinates":[119.07,-8.2]},"properties":{"name":"Sangeang Api","type":"Complex","country":"Indonesia","lastEruptionYear":2022,"elevationM":1912}},{"type":"Feature","geometry":{"type":"Point","coordinates":[120.0074,-8.7345]},"properties":{"name":"Sano, Wai","type":"Caldera","country":"Indonesia","lastEruptionYear":null,"elevationM":1319}},{"type":"Feature","geometry":{"type":"Point","coordinates":[120.5302,-8.637]},"properties":{"name":"Ranakah","type":"Lava dome(s)","country":"Indonesia","lastEruptionYear":1991,"elevationM":2288}},{"type":"Feature","geometry":{"type":"Point","coordinates":[120.95,-8.875]},"properties":{"name":"Inierie","type":"Stratovolcano","country":"Indonesia","lastEruptionYear":-8050,"elevationM":2245}},{"type":"Feature","geometry":{"type":"Point","coordinates":[120.98,-8.73]},"properties":{"name":"Inielika","type":"Complex","country":"Indonesia","lastEruptionYear":2001,"elevationM":1559}},{"type":"Feature","geometry":{"type":"Point","coordinates":[121.191,-8.817]},"properties":{"name":"Ebulobo","type":"Stratovolcano","country":"Indonesia","lastEruptionYear":1969,"elevationM":2096}},{"type":"Feature","geometry":{"type":"Point","coordinates":[121.641,-8.891]},"properties":{"name":"Iya","type":"Stratovolcano","country":"Indonesia","lastEruptionYear":1969,"elevationM":618}},{"type":"Feature","geometry":{"type":"Point","coordinates":[121.82,-8.77]},"properties":{"name":"Kelimutu","type":"Complex","country":"Indonesia","lastEruptionYear":1968,"elevationM":1639}},{"type":"Feature","geometry":{"type":"Point","coordinates":[121.708,-8.32]},"properties":{"name":"Paluweh","type":"Stratovolcano","country":"Indonesia","lastEruptionYear":2013,"elevationM":875}},{"type":"Feature","geometry":{"type":"Point","coordinates":[122.455,-8.676]},"properties":{"name":"Egon","type":"Stratovolcano","country":"Indonesia","lastEruptionYear":2008,"elevationM":1661}},{"type":"Feature","geometry":{"type":"Point","coordinates":[122.775,-8.542]},"properties":{"name":"Lewotobi","type":"Stratovolcano(es)","country":"Indonesia","lastEruptionYear":2026,"elevationM":1703}},{"type":"Feature","geometry":{"type":"Point","coordinates":[123.258,-8.342]},"properties":{"name":"Iliboleng","type":"Stratovolcano","country":"Indonesia","lastEruptionYear":1993,"elevationM":1659}},{"type":"Feature","geometry":{"type":"Point","coordinates":[123.508,-8.274]},"properties":{"name":"Lewotolok","type":"Stratovolcano","country":"Indonesia","lastEruptionYear":2026,"elevationM":1431}},{"type":"Feature","geometry":{"type":"Point","coordinates":[123.38,-8.55]},"properties":{"name":"Ililabalekan","type":"Stratovolcano","country":"Indonesia","lastEruptionYear":null,"elevationM":1018}},{"type":"Feature","geometry":{"type":"Point","coordinates":[123.573,-8.532]},"properties":{"name":"Iliwerung","type":"Complex","country":"Indonesia","lastEruptionYear":2021,"elevationM":583}},{"type":"Feature","geometry":{"type":"Point","coordinates":[123.585,-7.791]},"properties":{"name":"Tara, Batu","type":"Stratovolcano","country":"Indonesia","lastEruptionYear":2015,"elevationM":633}},{"type":"Feature","geometry":{"type":"Point","coordinates":[124.1306,-8.4972]},"properties":{"name":"Sirung","type":"Complex","country":"Indonesia","lastEruptionYear":2021,"elevationM":1347}},{"type":"Feature","geometry":{"type":"Point","coordinates":[128.675,-7.125]},"properties":{"name":"Wurlali","type":"Stratovolcano","country":"Indonesia","lastEruptionYear":1892,"elevationM":868}},{"type":"Feature","geometry":{"type":"Point","coordinates":[129.144,-6.976]},"properties":{"name":"Teon","type":"Stratovolcano","country":"Indonesia","lastEruptionYear":1904,"elevationM":728}},{"type":"Feature","geometry":{"type":"Point","coordinates":[129.5,-6.73]},"properties":{"name":"Nila","type":"Stratovolcano","country":"Indonesia","lastEruptionYear":1968,"elevationM":781}},{"type":"Feature","geometry":{"type":"Point","coordinates":[130.017,-6.312]},"properties":{"name":"Serua","type":"Stratovolcano","country":"Indonesia","lastEruptionYear":1921,"elevationM":608}},{"type":"Feature","geometry":{"type":"Point","coordinates":[130.303,-5.543]},"properties":{"name":"Manuk","type":"Stratovolcano","country":"Indonesia","lastEruptionYear":null,"elevationM":257}},{"type":"Feature","geometry":{"type":"Point","coordinates":[129.881,-4.523]},"properties":{"name":"Banda Api","type":"Caldera","country":"Indonesia","lastEruptionYear":1988,"elevationM":596}},{"type":"Feature","geometry":{"type":"Point","coordinates":[121.601,-0.162]},"properties":{"name":"Colo","type":"Stratovolcano","country":"Indonesia","lastEruptionYear":1983,"elevationM":404}},{"type":"Feature","geometry":{"type":"Point","coordinates":[124.42,0.75]},"properties":{"name":"Ambang","type":"Complex","country":"Indonesia","lastEruptionYear":2005,"elevationM":1795}},{"type":"Feature","geometry":{"type":"Point","coordinates":[124.737,1.112]},"properties":{"name":"Soputan","type":"Stratovolcano","country":"Indonesia","lastEruptionYear":2020,"elevationM":1785}},{"type":"Feature","geometry":{"type":"Point","coordinates":[124.7992,1.3644]},"properties":{"name":"Lokon-Empung","type":"Stratovolcano(es)","country":"Indonesia","lastEruptionYear":2015,"elevationM":1580}},{"type":"Feature","geometry":{"type":"Point","coordinates":[124.865,1.352]},"properties":{"name":"Mahawu","type":"Stratovolcano","country":"Indonesia","lastEruptionYear":1977,"elevationM":1299}},{"type":"Feature","geometry":{"type":"Point","coordinates":[125.031,1.454]},"properties":{"name":"Klabat","type":"Stratovolcano","country":"Indonesia","lastEruptionYear":null,"elevationM":1968}},{"type":"Feature","geometry":{"type":"Point","coordinates":[125.185,1.518]},"properties":{"name":"Tangkoko-Duasudara","type":"Stratovolcano","country":"Indonesia","lastEruptionYear":1880,"elevationM":1334}},{"type":"Feature","geometry":{"type":"Point","coordinates":[125.3671,2.3058]},"properties":{"name":"Ruang","type":"Stratovolcano","country":"Indonesia","lastEruptionYear":2024,"elevationM":703}},{"type":"Feature","geometry":{"type":"Point","coordinates":[125.407,2.781]},"properties":{"name":"Karangetang","type":"Stratovolcano","country":"Indonesia","lastEruptionYear":2023,"elevationM":1797}},{"type":"Feature","geometry":{"type":"Point","coordinates":[125.4422,3.1463]},"properties":{"name":"Banua Wuhu","type":"Complex","country":"Indonesia","lastEruptionYear":1919,"elevationM":-5}},{"type":"Feature","geometry":{"type":"Point","coordinates":[125.447,3.689]},"properties":{"name":"Awu","type":"Stratovolcano","country":"Indonesia","lastEruptionYear":2004,"elevationM":1318}},{"type":"Feature","geometry":{"type":"Point","coordinates":[127.825,1.832]},"properties":{"name":"Tarakan","type":"Pyroclastic cone(s)","country":"Indonesia","lastEruptionYear":null,"elevationM":317}},{"type":"Feature","geometry":{"type":"Point","coordinates":[127.8783,1.6992]},"properties":{"name":"Dukono","type":"Complex","country":"Indonesia","lastEruptionYear":2026,"elevationM":1273}},{"type":"Feature","geometry":{"type":"Point","coordinates":[127.67,1.63]},"properties":{"name":"Tobaru","type":"Stratovolcano","country":"Indonesia","lastEruptionYear":null,"elevationM":1035}},{"type":"Feature","geometry":{"type":"Point","coordinates":[127.6324,1.4941]},"properties":{"name":"Ibu","type":"Stratovolcano","country":"Indonesia","lastEruptionYear":2026,"elevationM":1357}},{"type":"Feature","geometry":{"type":"Point","coordinates":[127.53,1.38]},"properties":{"name":"Gamkonora","type":"Stratovolcano","country":"Indonesia","lastEruptionYear":2007,"elevationM":1635}},{"type":"Feature","geometry":{"type":"Point","coordinates":[127.439,1.08]},"properties":{"name":"Jailolo","type":"Stratovolcano","country":"Indonesia","lastEruptionYear":null,"elevationM":993}},{"type":"Feature","geometry":{"type":"Point","coordinates":[127.317,0.8971]},"properties":{"name":"Hiri","type":"Stratovolcano","country":"Indonesia","lastEruptionYear":null,"elevationM":687}},{"type":"Feature","geometry":{"type":"Point","coordinates":[127.4556,1.2389]},"properties":{"name":"Todoko-Ranu","type":"Caldera(s)","country":"Indonesia","lastEruptionYear":null,"elevationM":979}},{"type":"Feature","geometry":{"type":"Point","coordinates":[127.4029,0.6623]},"properties":{"name":"Kie Matubu","type":"Stratovolcano","country":"Indonesia","lastEruptionYear":1210,"elevationM":1713}},{"type":"Feature","geometry":{"type":"Point","coordinates":[127.4,0.57]},"properties":{"name":"Mare","type":"Stratovolcano","country":"Indonesia","lastEruptionYear":null,"elevationM":308}},{"type":"Feature","geometry":{"type":"Point","coordinates":[127.411,0.454]},"properties":{"name":"Moti","type":"Stratovolcano","country":"Indonesia","lastEruptionYear":null,"elevationM":927}},{"type":"Feature","geometry":{"type":"Point","coordinates":[127.3322,0.81]},"properties":{"name":"Gamalama","type":"Stratovolcano(es)","country":"Indonesia","lastEruptionYear":2018,"elevationM":1714}},{"type":"Feature","geometry":{"type":"Point","coordinates":[127.4,0.32]},"properties":{"name":"Kie Besi","type":"Stratovolcano","country":"Indonesia","lastEruptionYear":1988,"elevationM":1357}},{"type":"Feature","geometry":{"type":"Point","coordinates":[124.892,6.113]},"properties":{"name":"Melebingoy","type":"Stratovolcano","country":"Philippines","lastEruptionYear":1641,"elevationM":1824}},{"type":"Feature","geometry":{"type":"Point","coordinates":[125.0765,6.3604]},"properties":{"name":"Matutum","type":"Stratovolcano","country":"Philippines","lastEruptionYear":1290,"elevationM":2262}},{"type":"Feature","geometry":{"type":"Point","coordinates":[126.047,7.382]},"properties":{"name":"Leonard Range","type":"Stratovolcano","country":"Philippines","lastEruptionYear":80,"elevationM":1080}},{"type":"Feature","geometry":{"type":"Point","coordinates":[124.317,7.644]},"properties":{"name":"Makaturing","type":"Stratovolcano","country":"Philippines","lastEruptionYear":1882,"elevationM":1818}},{"type":"Feature","geometry":{"type":"Point","coordinates":[124.507,7.691]},"properties":{"name":"Ragang","type":"Stratovolcano","country":"Philippines","lastEruptionYear":1916,"elevationM":2790}},{"type":"Feature","geometry":{"type":"Point","coordinates":[125.0697,7.8765]},"properties":{"name":"Musuan","type":"Lava dome","country":"Philippines","lastEruptionYear":null,"elevationM":610}},{"type":"Feature","geometry":{"type":"Point","coordinates":[124.673,9.203]},"properties":{"name":"Camiguin","type":"Stratovolcano(es)","country":"Philippines","lastEruptionYear":1953,"elevationM":1552}},{"type":"Feature","geometry":{"type":"Point","coordinates":[123.13,10.4096]},"properties":{"name":"Kanlaon","type":"Stratovolcano","country":"Philippines","lastEruptionYear":2026,"elevationM":2422}},{"type":"Feature","geometry":{"type":"Point","coordinates":[125.218,10.285]},"properties":{"name":"Cabal\u00edan","type":"Stratovolcano","country":"Philippines","lastEruptionYear":1820,"elevationM":912}},{"type":"Feature","geometry":{"type":"Point","coordinates":[124.535,11.523]},"properties":{"name":"Biliran","type":"Compound","country":"Philippines","lastEruptionYear":1939,"elevationM":1301}},{"type":"Feature","geometry":{"type":"Point","coordinates":[124.056,12.769]},"properties":{"name":"Bulusan","type":"Stratovolcano(es)","country":"Philippines","lastEruptionYear":2025,"elevationM":1535}},{"type":"Feature","geometry":{"type":"Point","coordinates":[123.685,13.257]},"properties":{"name":"Mayon","type":"Stratovolcano","country":"Philippines","lastEruptionYear":2026,"elevationM":2462}},{"type":"Feature","geometry":{"type":"Point","coordinates":[123.451,13.458]},"properties":{"name":"Iriga","type":"Stratovolcano","country":"Philippines","lastEruptionYear":null,"elevationM":1138}},{"type":"Feature","geometry":{"type":"Point","coordinates":[123.38,13.658]},"properties":{"name":"Isarog","type":"Stratovolcano","country":"Philippines","lastEruptionYear":-3500,"elevationM":1966}},{"type":"Feature","geometry":{"type":"Point","coordinates":[121.48,14.07]},"properties":{"name":"Banahaw","type":"Complex","country":"Philippines","lastEruptionYear":null,"elevationM":2158}},{"type":"Feature","geometry":{"type":"Point","coordinates":[121.3,14.12]},"properties":{"name":"San Pablo Volcanic Field","type":"Volcanic field","country":"Philippines","lastEruptionYear":1350,"elevationM":1090}},{"type":"Feature","geometry":{"type":"Point","coordinates":[120.9975,14.0106]},"properties":{"name":"Taal","type":"Caldera","country":"Philippines","lastEruptionYear":2026,"elevationM":311}},{"type":"Feature","geometry":{"type":"Point","coordinates":[120.35,15.13]},"properties":{"name":"Pinatubo","type":"Stratovolcano","country":"Philippines","lastEruptionYear":2021,"elevationM":1486}},{"type":"Feature","geometry":{"type":"Point","coordinates":[122.123,18.222]},"properties":{"name":"Cagua","type":"Stratovolcano","country":"Philippines","lastEruptionYear":1860,"elevationM":1133}},{"type":"Feature","geometry":{"type":"Point","coordinates":[121.86,18.83]},"properties":{"name":"Camiguin de Babuyanes","type":"Stratovolcano","country":"Philippines","lastEruptionYear":1857,"elevationM":712}},{"type":"Feature","geometry":{"type":"Point","coordinates":[122.202,19.077]},"properties":{"name":"Didicas","type":"Compound","country":"Philippines","lastEruptionYear":1978,"elevationM":228}},{"type":"Feature","geometry":{"type":"Point","coordinates":[121.95,19.524]},"properties":{"name":"Babuyan Claro","type":"Stratovolcano(es)","country":"Philippines","lastEruptionYear":1924,"elevationM":1064}},{"type":"Feature","geometry":{"type":"Point","coordinates":[122.01,20.469]},"properties":{"name":"Iraya","type":"Stratovolcano","country":"Philippines","lastEruptionYear":1454,"elevationM":1009}},{"type":"Feature","geometry":{"type":"Point","coordinates":[110.229,19.905]},"properties":{"name":"Hainan Volcanic Field","type":"Volcanic field","country":"China","lastEruptionYear":1933,"elevationM":196}},{"type":"Feature","geometry":{"type":"Point","coordinates":[109.12,15.38]},"properties":{"name":"Ly Son Group","type":"Volcanic field","country":"Vietnam","lastEruptionYear":null,"elevationM":157}},{"type":"Feature","geometry":{"type":"Point","coordinates":[109.014,10.158]},"properties":{"name":"Cendres, Ile des","type":"Volcanic field","country":"Vietnam","lastEruptionYear":1923,"elevationM":-20}},{"type":"Feature","geometry":{"type":"Point","coordinates":[95.25,20.92]},"properties":{"name":"Popa","type":"Stratovolcano","country":"Burma (Myanmar)","lastEruptionYear":-6050,"elevationM":1518}},{"type":"Feature","geometry":{"type":"Point","coordinates":[98.5,25.23]},"properties":{"name":"Tengchong","type":"Volcanic field","country":"China","lastEruptionYear":-5750,"elevationM":2865}},{"type":"Feature","geometry":{"type":"Point","coordinates":[121.953,24.841]},"properties":{"name":"Kueishantao","type":"Stratovolcano","country":"Taiwan","lastEruptionYear":1853,"elevationM":361}},{"type":"Feature","geometry":{"type":"Point","coordinates":[121.553,25.178]},"properties":{"name":"Tatun Volcanic Group","type":"Lava dome(s)","country":"Taiwan","lastEruptionYear":648,"elevationM":1120}},{"type":"Feature","geometry":{"type":"Point","coordinates":[123.93,24.57]},"properties":{"name":"Submarine Volcano NNE of Iriomotejima","type":"Stratovolcano","country":"Japan","lastEruptionYear":1924,"elevationM":-200}},{"type":"Feature","geometry":{"type":"Point","coordinates":[129.594,29.465]},"properties":{"name":"Akusekijima","type":"Stratovolcano(es)","country":"Japan","lastEruptionYear":null,"elevationM":555}},{"type":"Feature","geometry":{"type":"Point","coordinates":[128.223,27.881]},"properties":{"name":"Io-Torishima","type":"Complex","country":"Japan","lastEruptionYear":1968,"elevationM":212}},{"type":"Feature","geometry":{"type":"Point","coordinates":[129.714,29.638]},"properties":{"name":"Suwanosejima","type":"Stratovolcano(es)","country":"Japan","lastEruptionYear":2026,"elevationM":796}},{"type":"Feature","geometry":{"type":"Point","coordinates":[129.926,29.968]},"properties":{"name":"Kuchinoshima","type":"Stratovolcano(es)","country":"Japan","lastEruptionYear":1190,"elevationM":628}},{"type":"Feature","geometry":{"type":"Point","coordinates":[129.857,29.859]},"properties":{"name":"Nakanoshima","type":"Stratovolcano(es)","country":"Japan","lastEruptionYear":1914,"elevationM":979}},{"type":"Feature","geometry":{"type":"Point","coordinates":[130.217,30.443]},"properties":{"name":"Kuchinoerabujima","type":"Stratovolcano(es)","country":"Japan","lastEruptionYear":2020,"elevationM":657}},{"type":"Feature","geometry":{"type":"Point","coordinates":[130.305,30.793]},"properties":{"name":"Kikai","type":"Caldera","country":"Japan","lastEruptionYear":2025,"elevationM":704}},{"type":"Feature","geometry":{"type":"Point","coordinates":[130.57,31.22]},"properties":{"name":"Ata","type":"Caldera(s)","country":"Japan","lastEruptionYear":885,"elevationM":924}},{"type":"Feature","geometry":{"type":"Point","coordinates":[130.592,31.771]},"properties":{"name":"Yonemaru-Sumiyoshiike","type":"Maar(s)","country":"Japan","lastEruptionYear":-6200,"elevationM":40}},{"type":"Feature","geometry":{"type":"Point","coordinates":[130.6589,31.5772]},"properties":{"name":"Aira","type":"Caldera","country":"Japan","lastEruptionYear":2026,"elevationM":1117}},{"type":"Feature","geometry":{"type":"Point","coordinates":[128.849,32.657]},"properties":{"name":"Fukue","type":"Volcanic field","country":"Japan","lastEruptionYear":-400,"elevationM":315}},{"type":"Feature","geometry":{"type":"Point","coordinates":[130.862,31.934]},"properties":{"name":"Kirishimayama","type":"Shield","country":"Japan","lastEruptionYear":2025,"elevationM":1700}},{"type":"Feature","geometry":{"type":"Point","coordinates":[130.299,32.761]},"properties":{"name":"Unzendake","type":"Complex","country":"Japan","lastEruptionYear":1996,"elevationM":1483}},{"type":"Feature","geometry":{"type":"Point","coordinates":[131.085,32.8849]},"properties":{"name":"Asosan","type":"Caldera","country":"Japan","lastEruptionYear":2021,"elevationM":1592}},{"type":"Feature","geometry":{"type":"Point","coordinates":[131.249,33.086]},"properties":{"name":"Kujusan","type":"Stratovolcano(es)","country":"Japan","lastEruptionYear":1996,"elevationM":1791}},{"type":"Feature","geometry":{"type":"Point","coordinates":[131.39,33.282]},"properties":{"name":"Yufu-Tsurumi","type":"Lava dome(s)","country":"Japan","lastEruptionYear":867,"elevationM":null}},{"type":"Feature","geometry":{"type":"Point","coordinates":[131.5167,34.4833]},"properties":{"name":"Abu","type":"Volcanic field","country":"Japan","lastEruptionYear":-6850,"elevationM":641}},{"type":"Feature","geometry":{"type":"Point","coordinates":[132.622,35.141]},"properties":{"name":"Sanbesan","type":"Stratovolcano","country":"Japan","lastEruptionYear":650,"elevationM":1126}},{"type":"Feature","geometry":{"type":"Point","coordinates":[139.021,35.233]},"properties":{"name":"Hakoneyama","type":"Complex","country":"Japan","lastEruptionYear":2015,"elevationM":1438}},{"type":"Feature","geometry":{"type":"Point","coordinates":[138.728,35.361]},"properties":{"name":"Fujisan","type":"Stratovolcano","country":"Japan","lastEruptionYear":1708,"elevationM":3776}},{"type":"Feature","geometry":{"type":"Point","coordinates":[136.771,36.155]},"properties":{"name":"Hakusan","type":"Stratovolcano","country":"Japan","lastEruptionYear":1659,"elevationM":2702}},{"type":"Feature","geometry":{"type":"Point","coordinates":[137.554,36.106]},"properties":{"name":"Norikuradake","type":"Stratovolcano(es)","country":"Japan","lastEruptionYear":-50,"elevationM":3026}},{"type":"Feature","geometry":{"type":"Point","coordinates":[137.587,36.227]},"properties":{"name":"Yakedake","type":"Stratovolcano(es)","country":"Japan","lastEruptionYear":1995,"elevationM":2455}},{"type":"Feature","geometry":{"type":"Point","coordinates":[137.59,36.571]},"properties":{"name":"Midagahara","type":"Stratovolcano","country":"Japan","lastEruptionYear":1839,"elevationM":2621}},{"type":"Feature","geometry":{"type":"Point","coordinates":[138.036,36.921]},"properties":{"name":"Niigata-Yakeyama","type":"Lava dome","country":"Japan","lastEruptionYear":1998,"elevationM":2400}},{"type":"Feature","geometry":{"type":"Point","coordinates":[138.114,36.891]},"properties":{"name":"Myokosan","type":"Stratovolcano","country":"Japan","lastEruptionYear":-750,"elevationM":2454}},{"type":"Feature","geometry":{"type":"Point","coordinates":[138.523,36.406]},"properties":{"name":"Asamayama","type":"Complex","country":"Japan","lastEruptionYear":2019,"elevationM":2568}},{"type":"Feature","geometry":{"type":"Point","coordinates":[138.519,36.688]},"properties":{"name":"Shiga","type":"Shield(s)","country":"Japan","lastEruptionYear":null,"elevationM":2041}},{"type":"Feature","geometry":{"type":"Point","coordinates":[138.528,36.618]},"properties":{"name":"Kusatsu-Shiranesan","type":"Stratovolcano(es)","country":"Japan","lastEruptionYear":2018,"elevationM":2165}},{"type":"Feature","geometry":{"type":"Point","coordinates":[139.285,36.955]},"properties":{"name":"Hiuchigatake","type":"Stratovolcano","country":"Japan","lastEruptionYear":1544,"elevationM":2356}},{"type":"Feature","geometry":{"type":"Point","coordinates":[139.193,36.56]},"properties":{"name":"Akagisan","type":"Stratovolcano","country":"Japan","lastEruptionYear":null,"elevationM":1828}},{"type":"Feature","geometry":{"type":"Point","coordinates":[139.4756,36.8067]},"properties":{"name":"Omanago Group","type":"Lava dome(s)","country":"Japan","lastEruptionYear":-3050,"elevationM":2341}},{"type":"Feature","geometry":{"type":"Point","coordinates":[139.777,36.9]},"properties":{"name":"Takaharayama","type":"Stratovolcano","country":"Japan","lastEruptionYear":-4570,"elevationM":1795}},{"type":"Feature","geometry":{"type":"Point","coordinates":[139.376,36.799]},"properties":{"name":"Nikko-Shiranesan","type":"Shield","country":"Japan","lastEruptionYear":1952,"elevationM":2578}},{"type":"Feature","geometry":{"type":"Point","coordinates":[139.566,37.444]},"properties":{"name":"Numazawa","type":"Shield","country":"Japan","lastEruptionYear":-3400,"elevationM":835}},{"type":"Feature","geometry":{"type":"Point","coordinates":[140.072,37.601]},"properties":{"name":"Bandaisan","type":"Stratovolcano","country":"Japan","lastEruptionYear":1888,"elevationM":1816}},{"type":"Feature","geometry":{"type":"Point","coordinates":[140.281,37.647]},"properties":{"name":"Adatarayama","type":"Stratovolcano(es)","country":"Japan","lastEruptionYear":1996,"elevationM":1728}},{"type":"Feature","geometry":{"type":"Point","coordinates":[140.244,37.735]},"properties":{"name":"Azumayama","type":"Stratovolcano(es)","country":"Japan","lastEruptionYear":1977,"elevationM":1949}},{"type":"Feature","geometry":{"type":"Point","coordinates":[140.1617,38.5992]},"properties":{"name":"Hijiori","type":"Caldera","country":"Japan","lastEruptionYear":null,"elevationM":552}},{"type":"Feature","geometry":{"type":"Point","coordinates":[140.734,38.729]},"properties":{"name":"Naruko","type":"Caldera","country":"Japan","lastEruptionYear":837,"elevationM":470}},{"type":"Feature","geometry":{"type":"Point","coordinates":[140.788,38.961]},"properties":{"name":"Kurikomayama","type":"Stratovolcano","country":"Japan","lastEruptionYear":1950,"elevationM":null}},{"type":"Feature","geometry":{"type":"Point","coordinates":[140.799,39.761]},"properties":{"name":"Akita-Komagatake","type":"Stratovolcano(es)","country":"Japan","lastEruptionYear":1971,"elevationM":1637}},{"type":"Feature","geometry":{"type":"Point","coordinates":[141.001,39.853]},"properties":{"name":"Iwatesan","type":"Complex","country":"Japan","lastEruptionYear":1919,"elevationM":2038}},{"type":"Feature","geometry":{"type":"Point","coordinates":[140.854,39.958]},"properties":{"name":"Hachimantai","type":"Stratovolcano","country":"Japan","lastEruptionYear":-5350,"elevationM":1613}},{"type":"Feature","geometry":{"type":"Point","coordinates":[139.725,39.95]},"properties":{"name":"Megata","type":"Maar(s)","country":"Japan","lastEruptionYear":-2050,"elevationM":160}},{"type":"Feature","geometry":{"type":"Point","coordinates":[140.757,39.964]},"properties":{"name":"Akita-Yakeyama","type":"Stratovolcano","country":"Japan","lastEruptionYear":1997,"elevationM":1366}},{"type":"Feature","geometry":{"type":"Point","coordinates":[140.88,40.51]},"properties":{"name":"Towada","type":"Caldera","country":"Japan","lastEruptionYear":915,"elevationM":1011}},{"type":"Feature","geometry":{"type":"Point","coordinates":[140.303,40.656]},"properties":{"name":"Iwakisan","type":"Stratovolcano","country":"Japan","lastEruptionYear":1863,"elevationM":1624}},{"type":"Feature","geometry":{"type":"Point","coordinates":[140.877,40.659]},"properties":{"name":"Hakkodasan","type":"Stratovolcano(es)","country":"Japan","lastEruptionYear":1550,"elevationM":1584}},{"type":"Feature","geometry":{"type":"Point","coordinates":[141.12,41.279]},"properties":{"name":"Osorezan","type":"Stratovolcano","country":"Japan","lastEruptionYear":1787,"elevationM":878}},{"type":"Feature","geometry":{"type":"Point","coordinates":[139.279,34.52]},"properties":{"name":"Toshima","type":"Stratovolcano","country":"Japan","lastEruptionYear":-4550,"elevationM":508}},{"type":"Feature","geometry":{"type":"Point","coordinates":[139.394,34.724]},"properties":{"name":"Izu-Oshima","type":"Stratovolcano","country":"Japan","lastEruptionYear":1990,"elevationM":758}},{"type":"Feature","geometry":{"type":"Point","coordinates":[139.27,34.397]},"properties":{"name":"Niijima","type":"Lava dome(s)","country":"Japan","lastEruptionYear":886,"elevationM":432}},{"type":"Feature","geometry":{"type":"Point","coordinates":[139.153,34.219]},"properties":{"name":"Kozushima","type":"Lava dome(s)","country":"Japan","lastEruptionYear":838,"elevationM":572}},{"type":"Feature","geometry":{"type":"Point","coordinates":[139.602,33.874]},"properties":{"name":"Mikurajima","type":"Stratovolcano","country":"Japan","lastEruptionYear":-4100,"elevationM":851}},{"type":"Feature","geometry":{"type":"Point","coordinates":[139.68,33.4]},"properties":{"name":"Kurose Hole","type":"Caldera","country":"Japan","lastEruptionYear":null,"elevationM":-114}},{"type":"Feature","geometry":{"type":"Point","coordinates":[139.526,34.094]},"properties":{"name":"Miyakejima","type":"Stratovolcano","country":"Japan","lastEruptionYear":2010,"elevationM":775}},{"type":"Feature","geometry":{"type":"Point","coordinates":[139.766,33.137]},"properties":{"name":"Hachijojima","type":"Stratovolcano(es)","country":"Japan","lastEruptionYear":1606,"elevationM":854}},{"type":"Feature","geometry":{"type":"Point","coordinates":[139.85,32.1]},"properties":{"name":"Kita-Bayonnaise","type":"Caldera","country":"Japan","lastEruptionYear":null,"elevationM":-360}},{"type":"Feature","geometry":{"type":"Point","coordinates":[139.759,32.458]},"properties":{"name":"Aogashima","type":"Stratovolcano","country":"Japan","lastEruptionYear":1785,"elevationM":423}},{"type":"Feature","geometry":{"type":"Point","coordinates":[139.918,31.888]},"properties":{"name":"Myojinsho","type":"Caldera","country":"Japan","lastEruptionYear":1970,"elevationM":11}},{"type":"Feature","geometry":{"type":"Point","coordinates":[140.051,31.44]},"properties":{"name":"Sumisujima","type":"Caldera","country":"Japan","lastEruptionYear":1916,"elevationM":136}},{"type":"Feature","geometry":{"type":"Point","coordinates":[140.342,29.794]},"properties":{"name":"Sofugan","type":"Stratovolcano","country":"Japan","lastEruptionYear":null,"elevationM":99}},{"type":"Feature","geometry":{"type":"Point","coordinates":[140.633,28.575]},"properties":{"name":"Suiyo Seamount","type":"Stratovolcano","country":"Japan","lastEruptionYear":null,"elevationM":-991}},{"type":"Feature","geometry":{"type":"Point","coordinates":[140.572,28.327]},"properties":{"name":"Mokuyo Seamount","type":"Stratovolcano","country":"Japan","lastEruptionYear":null,"elevationM":-933}},{"type":"Feature","geometry":{"type":"Point","coordinates":[140.8,27.68]},"properties":{"name":"Doyo Seamount","type":"Stratovolcano","country":"Japan","lastEruptionYear":null,"elevationM":-590}},{"type":"Feature","geometry":{"type":"Point","coordinates":[140.929,26.667]},"properties":{"name":"Kaikata Seamount","type":"Stratovolcano","country":"Japan","lastEruptionYear":null,"elevationM":-165}},{"type":"Feature","geometry":{"type":"Point","coordinates":[140.303,30.484]},"properties":{"name":"Izu-Torishima","type":"Stratovolcano","country":"Japan","lastEruptionYear":2002,"elevationM":394}},{"type":"Feature","geometry":{"type":"Point","coordinates":[141.417,24.417]},"properties":{"name":"Kita-Fukutokutai","type":"Stratovolcano","country":"Japan","lastEruptionYear":1954,"elevationM":-73}},{"type":"Feature","geometry":{"type":"Point","coordinates":[141.289,24.751]},"properties":{"name":"Ioto","type":"Caldera","country":"Japan","lastEruptionYear":2025,"elevationM":172}},{"type":"Feature","geometry":{"type":"Point","coordinates":[141.935,23.5]},"properties":{"name":"Minami-Hiyoshi","type":"Stratovolcano","country":"Japan","lastEruptionYear":1975,"elevationM":-107}},{"type":"Feature","geometry":{"type":"Point","coordinates":[142.326,23.078]},"properties":{"name":"Nikko","type":"Stratovolcano","country":"Japan","lastEruptionYear":null,"elevationM":-392}},{"type":"Feature","geometry":{"type":"Point","coordinates":[143.47,21.93]},"properties":{"name":"Fukujin","type":"Stratovolcano","country":"United States","lastEruptionYear":1974,"elevationM":-217}},{"type":"Feature","geometry":{"type":"Point","coordinates":[143.71,21.765]},"properties":{"name":"Kasuga 1","type":"Stratovolcano","country":"United States","lastEruptionYear":1959,"elevationM":-598}},{"type":"Feature","geometry":{"type":"Point","coordinates":[143.637,21.6]},"properties":{"name":"Kasuga 2","type":"Stratovolcano","country":"United States","lastEruptionYear":null,"elevationM":-274}},{"type":"Feature","geometry":{"type":"Point","coordinates":[144.043,21.485]},"properties":{"name":"NW Eifuku","type":"Stratovolcano","country":"United States","lastEruptionYear":null,"elevationM":-1535}},{"type":"Feature","geometry":{"type":"Point","coordinates":[144.194,21.324]},"properties":{"name":"Daikoku","type":"Stratovolcano","country":"United States","lastEruptionYear":null,"elevationM":-323}},{"type":"Feature","geometry":{"type":"Point","coordinates":[141.481,24.285]},"properties":{"name":"Fukutoku-Oka-no-Ba","type":"Pyroclastic cone","country":"Japan","lastEruptionYear":2021,"elevationM":-29}},{"type":"Feature","geometry":{"type":"Point","coordinates":[145.03,20.437]},"properties":{"name":"Ahyi","type":"Stratovolcano","country":"United States","lastEruptionYear":2026,"elevationM":-55}},{"type":"Feature","geometry":{"type":"Point","coordinates":[145.1,20.13]},"properties":{"name":"Supply Reef","type":"Stratovolcano","country":"United States","lastEruptionYear":null,"elevationM":-8}},{"type":"Feature","geometry":{"type":"Point","coordinates":[145.22,20.02]},"properties":{"name":"Maug Islands","type":"Stratovolcano","country":"United States","lastEruptionYear":null,"elevationM":227}},{"type":"Feature","geometry":{"type":"Point","coordinates":[144.893,20.546]},"properties":{"name":"Farallon de Pajaros","type":"Stratovolcano","country":"United States","lastEruptionYear":1953,"elevationM":337}},{"type":"Feature","geometry":{"type":"Point","coordinates":[145.406,19.671]},"properties":{"name":"Asuncion","type":"Stratovolcano","country":"United States","lastEruptionYear":1906,"elevationM":857}},{"type":"Feature","geometry":{"type":"Point","coordinates":[145.67,18.77]},"properties":{"name":"Agrigan","type":"Stratovolcano","country":"United States","lastEruptionYear":1917,"elevationM":965}},{"type":"Feature","geometry":{"type":"Point","coordinates":[145.8,18.13]},"properties":{"name":"Pagan","type":"Stratovolcano(es)","country":"United States","lastEruptionYear":2021,"elevationM":570}},{"type":"Feature","geometry":{"type":"Point","coordinates":[145.83,17.6]},"properties":{"name":"Alamagan","type":"Stratovolcano","country":"United States","lastEruptionYear":870,"elevationM":744}},{"type":"Feature","geometry":{"type":"Point","coordinates":[145.85,16.88]},"properties":{"name":"Zealandia Bank","type":"Stratovolcano","country":"United States","lastEruptionYear":null,"elevationM":0}},{"type":"Feature","geometry":{"type":"Point","coordinates":[145.7803,16.6991]},"properties":{"name":"Sarigan","type":"Stratovolcano","country":"United States","lastEruptionYear":null,"elevationM":494}},{"type":"Feature","geometry":{"type":"Point","coordinates":[145.84,17.3137]},"properties":{"name":"Guguan","type":"Stratovolcano","country":"United States","lastEruptionYear":1883,"elevationM":232}},{"type":"Feature","geometry":{"type":"Point","coordinates":[145.67,15.93]},"properties":{"name":"East Diamante","type":"Stratovolcano","country":"United States","lastEruptionYear":null,"elevationM":-127}},{"type":"Feature","geometry":{"type":"Point","coordinates":[145.572,15.605]},"properties":{"name":"Ruby","type":"Stratovolcano","country":"United States","lastEruptionYear":2023,"elevationM":-174}},{"type":"Feature","geometry":{"type":"Point","coordinates":[145.67,16.35]},"properties":{"name":"Anatahan","type":"Stratovolcano","country":"United States","lastEruptionYear":2008,"elevationM":790}},{"type":"Feature","geometry":{"type":"Point","coordinates":[144.775,14.601]},"properties":{"name":"NW Rota-1","type":"Stratovolcano","country":"United States","lastEruptionYear":2010,"elevationM":-455}},{"type":"Feature","geometry":{"type":"Point","coordinates":[145.249,14.958]},"properties":{"name":"Esmeralda Bank","type":"Stratovolcano","country":"United States","lastEruptionYear":null,"elevationM":-74}},{"type":"Feature","geometry":{"type":"Point","coordinates":[143.92,13.4]},"properties":{"name":"Forecast Seamount","type":"Stratovolcano","country":"United States","lastEruptionYear":null,"elevationM":-1456}},{"type":"Feature","geometry":{"type":"Point","coordinates":[144.02,13.25]},"properties":{"name":"Seamount X","type":"Stratovolcano","country":"United States","lastEruptionYear":null,"elevationM":-1230}},{"type":"Feature","geometry":{"type":"Point","coordinates":[141.166,41.805]},"properties":{"name":"Esan","type":"Lava dome(s)","country":"Japan","lastEruptionYear":1874,"elevationM":617}},{"type":"Feature","geometry":{"type":"Point","coordinates":[139.367,41.51]},"properties":{"name":"Oshima-Oshima","type":"Stratovolcano","country":"Japan","lastEruptionYear":1790,"elevationM":732}},{"type":"Feature","geometry":{"type":"Point","coordinates":[140.677,42.063]},"properties":{"name":"Hokkaido-Komagatake","type":"Stratovolcano","country":"Japan","lastEruptionYear":2000,"elevationM":1131}},{"type":"Feature","geometry":{"type":"Point","coordinates":[140.659,42.875]},"properties":{"name":"Niseko","type":"Stratovolcano(es)","country":"Japan","lastEruptionYear":-4900,"elevationM":1308}},{"type":"Feature","geometry":{"type":"Point","coordinates":[140.812,42.827]},"properties":{"name":"Yoteizan","type":"Stratovolcano","country":"Japan","lastEruptionYear":-1050,"elevationM":1898}},{"type":"Feature","geometry":{"type":"Point","coordinates":[141.16,42.491]},"properties":{"name":"Kuttara","type":"Stratovolcano(es)","country":"Japan","lastEruptionYear":1820,"elevationM":549}},{"type":"Feature","geometry":{"type":"Point","coordinates":[140.839,42.544]},"properties":{"name":"Toya","type":"Stratovolcano","country":"Japan","lastEruptionYear":2001,"elevationM":733}},{"type":"Feature","geometry":{"type":"Point","coordinates":[141.242,45.179]},"properties":{"name":"Rishirizan","type":"Stratovolcano","country":"Japan","lastEruptionYear":-5830,"elevationM":1721}},{"type":"Feature","geometry":{"type":"Point","coordinates":[141.38,42.688]},"properties":{"name":"Shikotsu","type":"Caldera","country":"Japan","lastEruptionYear":1981,"elevationM":1320}},{"type":"Feature","geometry":{"type":"Point","coordinates":[142.686,43.418]},"properties":{"name":"Tokachidake","type":"Stratovolcano(es)","country":"Japan","lastEruptionYear":2004,"elevationM":2077}},{"type":"Feature","geometry":{"type":"Point","coordinates":[143.031,43.418]},"properties":{"name":"Maruyama","type":"Stratovolcano(es)","country":"Japan","lastEruptionYear":1898,"elevationM":1692}},{"type":"Feature","geometry":{"type":"Point","coordinates":[142.854,43.664]},"properties":{"name":"Taisetsuzan","type":"Stratovolcano(es)","country":"Japan","lastEruptionYear":1739,"elevationM":2291}},{"type":"Feature","geometry":{"type":"Point","coordinates":[144.561,43.572]},"properties":{"name":"Mashu","type":"Caldera","country":"Japan","lastEruptionYear":1080,"elevationM":857}},{"type":"Feature","geometry":{"type":"Point","coordinates":[145.122,44.076]},"properties":{"name":"Rausudake","type":"Stratovolcano","country":"Japan","lastEruptionYear":1800,"elevationM":1660}},{"type":"Feature","geometry":{"type":"Point","coordinates":[144.427,43.615]},"properties":{"name":"Kussharo","type":"Caldera","country":"Japan","lastEruptionYear":1320,"elevationM":574}},{"type":"Feature","geometry":{"type":"Point","coordinates":[145.161,44.133]},"properties":{"name":"Shiretoko-Iozan","type":"Stratovolcano","country":"Japan","lastEruptionYear":1936,"elevationM":1562}},{"type":"Feature","geometry":{"type":"Point","coordinates":[145.504,43.844]},"properties":{"name":"Tomariyama [Golovnin]","type":"Caldera","country":"Japan - administered by Russia","lastEruptionYear":1848,"elevationM":535}},{"type":"Feature","geometry":{"type":"Point","coordinates":[145.733,43.979]},"properties":{"name":"Raususan [Mendeleev]","type":"Stratovolcano","country":"Japan - administered by Russia","lastEruptionYear":1880,"elevationM":882}},{"type":"Feature","geometry":{"type":"Point","coordinates":[146.932,44.462]},"properties":{"name":"Berutarubesan [Berutarube]","type":"Stratovolcano","country":"Japan - administered by Russia","lastEruptionYear":null,"elevationM":1221}},{"type":"Feature","geometry":{"type":"Point","coordinates":[147.403,44.857]},"properties":{"name":"Hitokappu Volcano Group [Bogatyr Ridge]","type":"Stratovolcano","country":"Japan - administered by Russia","lastEruptionYear":null,"elevationM":1610}},{"type":"Feature","geometry":{"type":"Point","coordinates":[147.92,45.338]},"properties":{"name":"Chirippusan [Chirip]","type":"Stratovolcano(es)","country":"Japan - administered by Russia","lastEruptionYear":1860,"elevationM":1587}},{"type":"Feature","geometry":{"type":"Point","coordinates":[148.838,45.389]},"properties":{"name":"Moyorodake [Medvezhia]","type":"Stratovolcano","country":"Japan - administered by Russia","lastEruptionYear":1999,"elevationM":1124}},{"type":"Feature","geometry":{"type":"Point","coordinates":[149.6762,45.7593]},"properties":{"name":"Ivao Group","type":"Pyroclastic cone(s)","country":"Russia","lastEruptionYear":null,"elevationM":1426}},{"type":"Feature","geometry":{"type":"Point","coordinates":[150.083,46.042]},"properties":{"name":"Kolokol Group","type":"Stratovolcano","country":"Russia","lastEruptionYear":1973,"elevationM":1328}},{"type":"Feature","geometry":{"type":"Point","coordinates":[150.8526,46.2944]},"properties":{"name":"Kuril Arc at 46.3\u00b0N","type":null,"country":"Russia","lastEruptionYear":null,"elevationM":-100}},{"type":"Feature","geometry":{"type":"Point","coordinates":[150.871,46.532]},"properties":{"name":"Chirpoi","type":"Caldera","country":"Russia","lastEruptionYear":2016,"elevationM":742}},{"type":"Feature","geometry":{"type":"Point","coordinates":[151.786,46.815]},"properties":{"name":"Milna","type":"Stratovolcano","country":"Russia","lastEruptionYear":1914,"elevationM":1504}},{"type":"Feature","geometry":{"type":"Point","coordinates":[151.9518,46.9178]},"properties":{"name":"Zavaritzki Caldera","type":"Caldera","country":"Russia","lastEruptionYear":1957,"elevationM":612}},{"type":"Feature","geometry":{"type":"Point","coordinates":[152.25,47.12]},"properties":{"name":"Uratman","type":"Stratovolcano","country":"Russia","lastEruptionYear":null,"elevationM":678}},{"type":"Feature","geometry":{"type":"Point","coordinates":[152.1167,47.0139]},"properties":{"name":"Prevo Peak","type":"Stratovolcano","country":"Russia","lastEruptionYear":1825,"elevationM":1360}},{"type":"Feature","geometry":{"type":"Point","coordinates":[152.475,47.35]},"properties":{"name":"Ketoi","type":"Stratovolcano","country":"Russia","lastEruptionYear":1960,"elevationM":1172}},{"type":"Feature","geometry":{"type":"Point","coordinates":[152.893,47.5861]},"properties":{"name":"Srednii","type":"Stratovolcano","country":"Russia","lastEruptionYear":null,"elevationM":36}},{"type":"Feature","geometry":{"type":"Point","coordinates":[152.8139,47.5125]},"properties":{"name":"Ushishur","type":"Caldera","country":"Russia","lastEruptionYear":1884,"elevationM":357}},{"type":"Feature","geometry":{"type":"Point","coordinates":[153.02,47.77]},"properties":{"name":"Rasshua","type":"Stratovolcano","country":"Russia","lastEruptionYear":1957,"elevationM":956}},{"type":"Feature","geometry":{"type":"Point","coordinates":[153.2,48.092]},"properties":{"name":"Sarychev Peak","type":"Stratovolcano","country":"Russia","lastEruptionYear":2021,"elevationM":1496}},{"type":"Feature","geometry":{"type":"Point","coordinates":[153.25,48.292]},"properties":{"name":"Raikoke","type":"Stratovolcano","country":"Russia","lastEruptionYear":2019,"elevationM":551}},{"type":"Feature","geometry":{"type":"Point","coordinates":[153.48,48.98]},"properties":{"name":"Chirinkotan","type":"Stratovolcano","country":"Russia","lastEruptionYear":2022,"elevationM":724}},{"type":"Feature","geometry":{"type":"Point","coordinates":[153.93,48.958]},"properties":{"name":"Ekarma","type":"Stratovolcano","country":"Russia","lastEruptionYear":2010,"elevationM":1170}},{"type":"Feature","geometry":{"type":"Point","coordinates":[154.182,48.873]},"properties":{"name":"Sinarka","type":"Stratovolcano","country":"Russia","lastEruptionYear":1878,"elevationM":911}},{"type":"Feature","geometry":{"type":"Point","coordinates":[154.508,49.12]},"properties":{"name":"Kharimkotan","type":"Stratovolcano","country":"Russia","lastEruptionYear":1933,"elevationM":1145}},{"type":"Feature","geometry":{"type":"Point","coordinates":[154.725,49.34]},"properties":{"name":"Tao-Rusyr Caldera","type":"Stratovolcano","country":"Russia","lastEruptionYear":1952,"elevationM":1272}},{"type":"Feature","geometry":{"type":"Point","coordinates":[154.8126,49.5641]},"properties":{"name":"Nemo Peak","type":"Caldera","country":"Russia","lastEruptionYear":1938,"elevationM":994}},{"type":"Feature","geometry":{"type":"Point","coordinates":[154.9781,50.1973]},"properties":{"name":"Shirinki","type":"Stratovolcano","country":"Russia","lastEruptionYear":null,"elevationM":693}},{"type":"Feature","geometry":{"type":"Point","coordinates":[155.246,50.267]},"properties":{"name":"Fuss Peak","type":"Stratovolcano","country":"Russia","lastEruptionYear":1854,"elevationM":1742}},{"type":"Feature","geometry":{"type":"Point","coordinates":[155.3847,50.1419]},"properties":{"name":"Karpinsky Group","type":"Complex","country":"Russia","lastEruptionYear":null,"elevationM":1326}},{"type":"Feature","geometry":{"type":"Point","coordinates":[155.461,50.324]},"properties":{"name":"Chikurachki","type":"Stratovolcano(es)","country":"Russia","lastEruptionYear":2023,"elevationM":1781}},{"type":"Feature","geometry":{"type":"Point","coordinates":[155.9867,50.5819]},"properties":{"name":"Vernadsky Ridge","type":"Pyroclastic cone(s)","country":"Russia","lastEruptionYear":null,"elevationM":1183}},{"type":"Feature","geometry":{"type":"Point","coordinates":[156.014,50.686]},"properties":{"name":"Ebeko","type":"Stratovolcano","country":"Russia","lastEruptionYear":2024,"elevationM":1103}},{"type":"Feature","geometry":{"type":"Point","coordinates":[155.565,50.861]},"properties":{"name":"Alaid","type":"Stratovolcano","country":"Russia","lastEruptionYear":2022,"elevationM":2285}},{"type":"Feature","geometry":{"type":"Point","coordinates":[156.875,51.306]},"properties":{"name":"Kambalny","type":"Stratovolcano","country":"Russia","lastEruptionYear":2017,"elevationM":2116}},{"type":"Feature","geometry":{"type":"Point","coordinates":[156.629,51.533]},"properties":{"name":"Yavinsky","type":"Stratovolcano","country":"Russia","lastEruptionYear":-4050,"elevationM":646}},{"type":"Feature","geometry":{"type":"Point","coordinates":[156.978,51.452]},"properties":{"name":"Diky Greben","type":"Lava dome(s)","country":"Russia","lastEruptionYear":350,"elevationM":1040}},{"type":"Feature","geometry":{"type":"Point","coordinates":[157.12,51.45]},"properties":{"name":"Kurile Lake","type":"Caldera","country":"Russia","lastEruptionYear":-6440,"elevationM":81}},{"type":"Feature","geometry":{"type":"Point","coordinates":[156.753,51.356]},"properties":{"name":"Koshelev","type":"Stratovolcano","country":"Russia","lastEruptionYear":1690,"elevationM":1822}},{"type":"Feature","geometry":{"type":"Point","coordinates":[157.203,51.498]},"properties":{"name":"Iliinsky","type":"Stratovolcano","country":"Russia","lastEruptionYear":1901,"elevationM":1555}},{"type":"Feature","geometry":{"type":"Point","coordinates":[157.328,51.577]},"properties":{"name":"Zheltovsky","type":"Stratovolcano","country":"Russia","lastEruptionYear":1923,"elevationM":1926}},{"type":"Feature","geometry":{"type":"Point","coordinates":[157.53,52.02]},"properties":{"name":"Olkoviy-Ozernoy Volcanic Field","type":"Volcanic field","country":"Russia","lastEruptionYear":null,"elevationM":681}},{"type":"Feature","geometry":{"type":"Point","coordinates":[157.711,52.062]},"properties":{"name":"Khodutka","type":"Stratovolcano(es)","country":"Russia","lastEruptionYear":-300,"elevationM":2039}},{"type":"Feature","geometry":{"type":"Point","coordinates":[157.827,52.355]},"properties":{"name":"Asacha","type":"Complex","country":"Russia","lastEruptionYear":null,"elevationM":1910}},{"type":"Feature","geometry":{"type":"Point","coordinates":[157.9332,52.435]},"properties":{"name":"Visokiy","type":"Stratovolcano","country":"Russia","lastEruptionYear":null,"elevationM":1227}},{"type":"Feature","geometry":{"type":"Point","coordinates":[157.5292,51.8042]},"properties":{"name":"Ksudach","type":"Stratovolcano","country":"Russia","lastEruptionYear":1907,"elevationM":1007}},{"type":"Feature","geometry":{"type":"Point","coordinates":[158.196,52.449]},"properties":{"name":"Mutnovsky","type":"Complex","country":"Russia","lastEruptionYear":2000,"elevationM":2288}},{"type":"Feature","geometry":{"type":"Point","coordinates":[158.0358,52.5549]},"properties":{"name":"Gorely","type":"Caldera","country":"Russia","lastEruptionYear":2010,"elevationM":1799}},{"type":"Feature","geometry":{"type":"Point","coordinates":[157.58,52.63]},"properties":{"name":"Tolmachev Dol","type":"Pyroclastic cone(s)","country":"Russia","lastEruptionYear":300,"elevationM":1021}},{"type":"Feature","geometry":{"type":"Point","coordinates":[158.28,52.7]},"properties":{"name":"Vilyuchinsky","type":"Stratovolcano","country":"Russia","lastEruptionYear":-8050,"elevationM":2173}},{"type":"Feature","geometry":{"type":"Point","coordinates":[158.24,52.802]},"properties":{"name":"Barkhatnaya Sopka","type":"Volcanic field","country":"Russia","lastEruptionYear":-3550,"elevationM":874}},{"type":"Feature","geometry":{"type":"Point","coordinates":[157.339,52.543]},"properties":{"name":"Opala","type":"Caldera","country":"Russia","lastEruptionYear":1776,"elevationM":2439}},{"type":"Feature","geometry":{"type":"Point","coordinates":[158.712,53.321]},"properties":{"name":"Koryaksky","type":"Stratovolcano","country":"Russia","lastEruptionYear":2009,"elevationM":3430}},{"type":"Feature","geometry":{"type":"Point","coordinates":[158.836,53.256]},"properties":{"name":"Avachinsky","type":"Stratovolcano","country":"Russia","lastEruptionYear":2001,"elevationM":2717}},{"type":"Feature","geometry":{"type":"Point","coordinates":[158.922,53.637]},"properties":{"name":"Dzenzursky","type":"Compound","country":"Russia","lastEruptionYear":null,"elevationM":2285}},{"type":"Feature","geometry":{"type":"Point","coordinates":[158.4478,53.7525]},"properties":{"name":"Veer","type":"Pyroclastic cone(s)","country":"Russia","lastEruptionYear":390,"elevationM":520}},{"type":"Feature","geometry":{"type":"Point","coordinates":[158.052,53.833]},"properties":{"name":"Kostakan","type":"Pyroclastic cone(s)","country":"Russia","lastEruptionYear":1350,"elevationM":1150}},{"type":"Feature","geometry":{"type":"Point","coordinates":[158.07,53.905]},"properties":{"name":"Bakening","type":"Stratovolcano","country":"Russia","lastEruptionYear":-550,"elevationM":2278}},{"type":"Feature","geometry":{"type":"Point","coordinates":[158.3851,53.9065]},"properties":{"name":"Zavaritsky","type":"Pyroclastic cone(s)","country":"Russia","lastEruptionYear":-800,"elevationM":1547}},{"type":"Feature","geometry":{"type":"Point","coordinates":[159.45,53.98]},"properties":{"name":"Akademia Nauk","type":"Stratovolcano(es)","country":"Russia","lastEruptionYear":1996,"elevationM":1180}},{"type":"Feature","geometry":{"type":"Point","coordinates":[159.15,53.589]},"properties":{"name":"Zhupanovsky","type":"Compound","country":"Russia","lastEruptionYear":2016,"elevationM":2899}},{"type":"Feature","geometry":{"type":"Point","coordinates":[159.443,54.049]},"properties":{"name":"Karymsky","type":"Stratovolcano","country":"Russia","lastEruptionYear":2025,"elevationM":1513}},{"type":"Feature","geometry":{"type":"Point","coordinates":[159.674,54.135]},"properties":{"name":"Maly Semyachik","type":"Caldera","country":"Russia","lastEruptionYear":1952,"elevationM":1527}},{"type":"Feature","geometry":{"type":"Point","coordinates":[160.02,54.32]},"properties":{"name":"Bolshoi Semiachik","type":"Stratovolcano(es)","country":"Russia","lastEruptionYear":-4450,"elevationM":1720}},{"type":"Feature","geometry":{"type":"Point","coordinates":[159.804,54.528]},"properties":{"name":"Taunshits","type":"Stratovolcano","country":"Russia","lastEruptionYear":-550,"elevationM":2301}},{"type":"Feature","geometry":{"type":"Point","coordinates":[159.9741,54.4885]},"properties":{"name":"Uzon","type":"Caldera(s)","country":"Russia","lastEruptionYear":200,"elevationM":1617}},{"type":"Feature","geometry":{"type":"Point","coordinates":[160.251,54.489]},"properties":{"name":"Kikhpinych","type":"Stratovolcano(es)","country":"Russia","lastEruptionYear":1550,"elevationM":1515}},{"type":"Feature","geometry":{"type":"Point","coordinates":[160.27,54.596]},"properties":{"name":"Krasheninnikov","type":"Caldera","country":"Russia","lastEruptionYear":2026,"elevationM":1816}},{"type":"Feature","geometry":{"type":"Point","coordinates":[160.533,54.753]},"properties":{"name":"Kronotsky","type":"Stratovolcano","country":"Russia","lastEruptionYear":-3350,"elevationM":3482}},{"type":"Feature","geometry":{"type":"Point","coordinates":[160.703,54.974]},"properties":{"name":"Gamchen","type":"Complex","country":"Russia","lastEruptionYear":-188,"elevationM":2539}},{"type":"Feature","geometry":{"type":"Point","coordinates":[160.765,55.064]},"properties":{"name":"Vysoky","type":"Stratovolcano","country":"Russia","lastEruptionYear":-550,"elevationM":2129}},{"type":"Feature","geometry":{"type":"Point","coordinates":[160.725,55.033]},"properties":{"name":"Komarov","type":"Stratovolcano","country":"Russia","lastEruptionYear":950,"elevationM":2065}},{"type":"Feature","geometry":{"type":"Point","coordinates":[160.32,55.131]},"properties":{"name":"Kizimen","type":"Stratovolcano","country":"Russia","lastEruptionYear":2013,"elevationM":2334}},{"type":"Feature","geometry":{"type":"Point","coordinates":[160.527,55.758]},"properties":{"name":"Udina","type":"Stratovolcano(es)","country":"Russia","lastEruptionYear":null,"elevationM":2886}},{"type":"Feature","geometry":{"type":"Point","coordinates":[160.603,55.862]},"properties":{"name":"Zimina","type":"Stratovolcano(es)","country":"Russia","lastEruptionYear":null,"elevationM":3057}},{"type":"Feature","geometry":{"type":"Point","coordinates":[160.326,55.832]},"properties":{"name":"Tolbachik","type":"Shield","country":"Russia","lastEruptionYear":2013,"elevationM":3611}},{"type":"Feature","geometry":{"type":"Point","coordinates":[160.593,56.02]},"properties":{"name":"Kamen","type":"Stratovolcano","country":"Russia","lastEruptionYear":null,"elevationM":4585}},{"type":"Feature","geometry":{"type":"Point","coordinates":[160.595,55.972]},"properties":{"name":"Bezymianny","type":"Stratovolcano","country":"Russia","lastEruptionYear":2025,"elevationM":2882}},{"type":"Feature","geometry":{"type":"Point","coordinates":[160.509,56.113]},"properties":{"name":"Ushkovsky","type":"Compound","country":"Russia","lastEruptionYear":1890,"elevationM":3943}},{"type":"Feature","geometry":{"type":"Point","coordinates":[160.642,56.056]},"properties":{"name":"Klyuchevskoy","type":"Stratovolcano","country":"Russia","lastEruptionYear":2025,"elevationM":4754}},{"type":"Feature","geometry":{"type":"Point","coordinates":[167.33,55.42]},"properties":{"name":"Piip","type":"Stratovolcano","country":"Russia","lastEruptionYear":-5050,"elevationM":-300}},{"type":"Feature","geometry":{"type":"Point","coordinates":[157.407,54.761]},"properties":{"name":"Khangar","type":"Stratovolcano","country":"Russia","lastEruptionYear":1500,"elevationM":1967}},{"type":"Feature","geometry":{"type":"Point","coordinates":[157.47,55.55]},"properties":{"name":"Cherpuk Group","type":"Pyroclastic cone(s)","country":"Russia","lastEruptionYear":-4550,"elevationM":1868}},{"type":"Feature","geometry":{"type":"Point","coordinates":[161.36,56.653]},"properties":{"name":"Sheveluch","type":"Stratovolcano","country":"Russia","lastEruptionYear":2026,"elevationM":3283}},{"type":"Feature","geometry":{"type":"Point","coordinates":[157.718,55.678]},"properties":{"name":"Ichinsky","type":"Stratovolcano","country":"Russia","lastEruptionYear":1740,"elevationM":3596}},{"type":"Feature","geometry":{"type":"Point","coordinates":[157.917,56.483]},"properties":{"name":"Bolshoi-Kekuknaysky","type":"Shield(s)","country":"Russia","lastEruptionYear":-5310,"elevationM":1401}},{"type":"Feature","geometry":{"type":"Point","coordinates":[159.647,56.656]},"properties":{"name":"Alney-Chashakondzha","type":"Stratovolcano","country":"Russia","lastEruptionYear":1600,"elevationM":2570}},{"type":"Feature","geometry":{"type":"Point","coordinates":[161.09,57.153]},"properties":{"name":"Shisheika","type":"Lava dome","country":"Russia","lastEruptionYear":-2240,"elevationM":355}},{"type":"Feature","geometry":{"type":"Point","coordinates":[159.83,57.2]},"properties":{"name":"Terpuk","type":"Shield","country":"Russia","lastEruptionYear":-800,"elevationM":765}},{"type":"Feature","geometry":{"type":"Point","coordinates":[160.067,57.317]},"properties":{"name":"Sedanka Lava Field","type":"Volcanic field","country":"Russia","lastEruptionYear":-7050,"elevationM":1399}},{"type":"Feature","geometry":{"type":"Point","coordinates":[160.2,57.33]},"properties":{"name":"Gorny Institute","type":"Stratovolcano","country":"Russia","lastEruptionYear":1250,"elevationM":2125}},{"type":"Feature","geometry":{"type":"Point","coordinates":[160.97,57.35]},"properties":{"name":"Kinenin","type":"Maar","country":"Russia","lastEruptionYear":850,"elevationM":583}},{"type":"Feature","geometry":{"type":"Point","coordinates":[161.37,57.35]},"properties":{"name":"Bliznetsy","type":"Lava cone","country":"Russia","lastEruptionYear":-1060,"elevationM":265}},{"type":"Feature","geometry":{"type":"Point","coordinates":[160.108,57.406]},"properties":{"name":"Titila","type":"Shield(s)","country":"Russia","lastEruptionYear":-550,"elevationM":1523}},{"type":"Feature","geometry":{"type":"Point","coordinates":[160.53,57.55]},"properties":{"name":"Elovsky","type":"Shield(s)","country":"Russia","lastEruptionYear":-7550,"elevationM":1381}},{"type":"Feature","geometry":{"type":"Point","coordinates":[160.65,57.97]},"properties":{"name":"Nylgimelkin","type":"Shield(s)","country":"Russia","lastEruptionYear":-3550,"elevationM":1764}},{"type":"Feature","geometry":{"type":"Point","coordinates":[160.82,58.13]},"properties":{"name":"Spokoiny","type":"Stratovolcano","country":"Russia","lastEruptionYear":-3450,"elevationM":2171}},{"type":"Feature","geometry":{"type":"Point","coordinates":[160.82,58.18]},"properties":{"name":"Ostry","type":"Stratovolcano","country":"Russia","lastEruptionYear":-2050,"elevationM":2552}},{"type":"Feature","geometry":{"type":"Point","coordinates":[160.87,58.28]},"properties":{"name":"Severny","type":"Shield","country":"Russia","lastEruptionYear":-1550,"elevationM":1936}},{"type":"Feature","geometry":{"type":"Point","coordinates":[117.77,56.28]},"properties":{"name":"Udokan Plateau","type":"Volcanic field","country":"Russia","lastEruptionYear":-220,"elevationM":2180}},{"type":"Feature","geometry":{"type":"Point","coordinates":[99.021,52.713]},"properties":{"name":"Jombolok","type":"Volcanic field","country":"Russia","lastEruptionYear":737,"elevationM":2047}},{"type":"Feature","geometry":{"type":"Point","coordinates":[99.95,48.133]},"properties":{"name":"Taryatu-Chulutu","type":"Volcanic field","country":"Mongolia","lastEruptionYear":-2980,"elevationM":2326}},{"type":"Feature","geometry":{"type":"Point","coordinates":[81.646,35.742]},"properties":{"name":"Ashikule Volcanic Field","type":"Volcanic field","country":"China","lastEruptionYear":1951,"elevationM":5090}},{"type":"Feature","geometry":{"type":"Point","coordinates":[113.111,41.59]},"properties":{"name":"Honggeertu","type":"Volcanic field","country":"China","lastEruptionYear":null,"elevationM":1605}},{"type":"Feature","geometry":{"type":"Point","coordinates":[120.8,47.45]},"properties":{"name":"Arxan-Chaihe","type":"Volcanic field","country":"China","lastEruptionYear":0,"elevationM":1677}},{"type":"Feature","geometry":{"type":"Point","coordinates":[125.92,49.37]},"properties":{"name":"Keluo Group","type":"Volcanic field","country":"China","lastEruptionYear":null,"elevationM":670}},{"type":"Feature","geometry":{"type":"Point","coordinates":[126.15,48.722]},"properties":{"name":"Wudalianchi","type":"Volcanic field","country":"China","lastEruptionYear":1776,"elevationM":597}},{"type":"Feature","geometry":{"type":"Point","coordinates":[128.83,44.08]},"properties":{"name":"Jingpohu","type":"Volcanic field","country":"China","lastEruptionYear":-520,"elevationM":1000}},{"type":"Feature","geometry":{"type":"Point","coordinates":[126.5,42.33]},"properties":{"name":"Longgang Group","type":"Volcanic field","country":"China","lastEruptionYear":350,"elevationM":1000}},{"type":"Feature","geometry":{"type":"Point","coordinates":[128.08,41.98]},"properties":{"name":"Changbaishan","type":"Stratovolcano","country":"China-North Korea","lastEruptionYear":1903,"elevationM":2744}},{"type":"Feature","geometry":{"type":"Point","coordinates":[130.87,37.5]},"properties":{"name":"Ulleungdo","type":"Stratovolcano","country":"South Korea","lastEruptionYear":-2990,"elevationM":984}},{"type":"Feature","geometry":{"type":"Point","coordinates":[126.53,33.361]},"properties":{"name":"Halla","type":"Shield","country":"South Korea","lastEruptionYear":1007,"elevationM":1919}},{"type":"Feature","geometry":{"type":"Point","coordinates":[175.911,52.35]},"properties":{"name":"Buldir","type":"Stratovolcano","country":"United States","lastEruptionYear":null,"elevationM":656}},{"type":"Feature","geometry":{"type":"Point","coordinates":[177.602,52.103]},"properties":{"name":"Kiska","type":"Stratovolcano","country":"United States","lastEruptionYear":1990,"elevationM":1220}},{"type":"Feature","geometry":{"type":"Point","coordinates":[178.136,52.015]},"properties":{"name":"Segula","type":"Stratovolcano","country":"United States","lastEruptionYear":null,"elevationM":1160}},{"type":"Feature","geometry":{"type":"Point","coordinates":[178.33,51.97]},"properties":{"name":"Davidof","type":"Stratovolcano","country":"United States","lastEruptionYear":null,"elevationM":328}},{"type":"Feature","geometry":{"type":"Point","coordinates":[178.543,51.95]},"properties":{"name":"Little Sitkin","type":"Stratovolcano","country":"United States","lastEruptionYear":1830,"elevationM":1174}},{"type":"Feature","geometry":{"type":"Point","coordinates":[179.58,51.93]},"properties":{"name":"Semisopochnoi","type":"Stratovolcano","country":"United States","lastEruptionYear":2023,"elevationM":1221}},{"type":"Feature","geometry":{"type":"Point","coordinates":[-178.794,51.79]},"properties":{"name":"Gareloi","type":"Stratovolcano","country":"United States","lastEruptionYear":1989,"elevationM":1573}},{"type":"Feature","geometry":{"type":"Point","coordinates":[-178.146,51.885]},"properties":{"name":"Tanaga","type":"Stratovolcano(es)","country":"United States","lastEruptionYear":1914,"elevationM":1806}},{"type":"Feature","geometry":{"type":"Point","coordinates":[-178.006,51.873]},"properties":{"name":"Takawangha","type":"Stratovolcano","country":"United States","lastEruptionYear":1550,"elevationM":1449}},{"type":"Feature","geometry":{"type":"Point","coordinates":[-177.438,51.91]},"properties":{"name":"Bobrof","type":"Stratovolcano","country":"United States","lastEruptionYear":null,"elevationM":738}},{"type":"Feature","geometry":{"type":"Point","coordinates":[-177.168,51.923]},"properties":{"name":"Kanaga","type":"Stratovolcano","country":"United States","lastEruptionYear":2023,"elevationM":1307}},{"type":"Feature","geometry":{"type":"Point","coordinates":[-176.747,51.944]},"properties":{"name":"Moffett","type":"Stratovolcano","country":"United States","lastEruptionYear":-1600,"elevationM":1196}},{"type":"Feature","geometry":{"type":"Point","coordinates":[-176.13,52.076]},"properties":{"name":"Great Sitkin","type":"Stratovolcano","country":"United States","lastEruptionYear":2026,"elevationM":1740}},{"type":"Feature","geometry":{"type":"Point","coordinates":[-175.508,52.177]},"properties":{"name":"Kasatochi","type":"Stratovolcano","country":"United States","lastEruptionYear":2008,"elevationM":314}},{"type":"Feature","geometry":{"type":"Point","coordinates":[-175.13,52.22]},"properties":{"name":"Koniuji","type":"Stratovolcano","country":"United States","lastEruptionYear":-1150,"elevationM":273}},{"type":"Feature","geometry":{"type":"Point","coordinates":[-174.139,52.331]},"properties":{"name":"Atka Volcanic Complex","type":"Stratovolcano(es)","country":"United States","lastEruptionYear":2025,"elevationM":1518}},{"type":"Feature","geometry":{"type":"Point","coordinates":[-172.51,52.315]},"properties":{"name":"Seguam","type":"Stratovolcano(es)","country":"United States","lastEruptionYear":1993,"elevationM":1054}},{"type":"Feature","geometry":{"type":"Point","coordinates":[-171.252,52.5]},"properties":{"name":"Amukta","type":"Stratovolcano","country":"United States","lastEruptionYear":1996,"elevationM":1066}},{"type":"Feature","geometry":{"type":"Point","coordinates":[-171.1383,52.5716]},"properties":{"name":"Chagulak","type":"Stratovolcano","country":"United States","lastEruptionYear":null,"elevationM":1028}},{"type":"Feature","geometry":{"type":"Point","coordinates":[-170.6317,52.6394]},"properties":{"name":"Yunaska","type":"Shield","country":"United States","lastEruptionYear":1937,"elevationM":550}},{"type":"Feature","geometry":{"type":"Point","coordinates":[-170.111,52.742]},"properties":{"name":"Herbert","type":"Stratovolcano","country":"United States","lastEruptionYear":null,"elevationM":1280}},{"type":"Feature","geometry":{"type":"Point","coordinates":[-170.054,52.894]},"properties":{"name":"Carlisle","type":"Stratovolcano","country":"United States","lastEruptionYear":1828,"elevationM":1620}},{"type":"Feature","geometry":{"type":"Point","coordinates":[-169.944,52.825]},"properties":{"name":"Cleveland","type":"Stratovolcano","country":"United States","lastEruptionYear":2020,"elevationM":1730}},{"type":"Feature","geometry":{"type":"Point","coordinates":[-169.77,52.83]},"properties":{"name":"Tana","type":"Stratovolcano(es)","country":"United States","lastEruptionYear":null,"elevationM":1170}},{"type":"Feature","geometry":{"type":"Point","coordinates":[-169.77,53.065]},"properties":{"name":"Uliaga","type":"Stratovolcano","country":"United States","lastEruptionYear":null,"elevationM":888}},{"type":"Feature","geometry":{"type":"Point","coordinates":[-169.72,52.974]},"properties":{"name":"Kagamil","type":"Stratovolcano","country":"United States","lastEruptionYear":1929,"elevationM":893}},{"type":"Feature","geometry":{"type":"Point","coordinates":[-168.6875,53.1264]},"properties":{"name":"Vsevidof","type":"Stratovolcano","country":"United States","lastEruptionYear":1878,"elevationM":2160}},{"type":"Feature","geometry":{"type":"Point","coordinates":[-168.539,53.157]},"properties":{"name":"Recheschnoi","type":"Stratovolcano","country":"United States","lastEruptionYear":null,"elevationM":1984}},{"type":"Feature","geometry":{"type":"Point","coordinates":[-168.13,53.43]},"properties":{"name":"Okmok","type":"Shield","country":"United States","lastEruptionYear":2008,"elevationM":1073}},{"type":"Feature","geometry":{"type":"Point","coordinates":[-168.03,53.93]},"properties":{"name":"Bogoslof","type":"Stratovolcano","country":"United States","lastEruptionYear":2017,"elevationM":150}},{"type":"Feature","geometry":{"type":"Point","coordinates":[-166.923,53.891]},"properties":{"name":"Makushin","type":"Stratovolcano","country":"United States","lastEruptionYear":1995,"elevationM":1800}},{"type":"Feature","geometry":{"type":"Point","coordinates":[-165.986,54.134]},"properties":{"name":"Akutan","type":"Stratovolcano","country":"United States","lastEruptionYear":1992,"elevationM":1303}},{"type":"Feature","geometry":{"type":"Point","coordinates":[-164.65,54.516]},"properties":{"name":"Westdahl","type":"Stratovolcano?","country":"United States","lastEruptionYear":1992,"elevationM":1563}},{"type":"Feature","geometry":{"type":"Point","coordinates":[-164.43,54.65]},"properties":{"name":"Fisher","type":"Stratovolcano","country":"United States","lastEruptionYear":1830,"elevationM":1112}},{"type":"Feature","geometry":{"type":"Point","coordinates":[-163.97,54.756]},"properties":{"name":"Shishaldin","type":"Stratovolcano","country":"United States","lastEruptionYear":2023,"elevationM":2857}},{"type":"Feature","geometry":{"type":"Point","coordinates":[-163.589,54.8]},"properties":{"name":"Roundtop","type":"Stratovolcano","country":"United States","lastEruptionYear":-7600,"elevationM":1871}},{"type":"Feature","geometry":{"type":"Point","coordinates":[-163.1472,55.4184]},"properties":{"name":"Amak","type":"Stratovolcano","country":"United States","lastEruptionYear":1796,"elevationM":547}},{"type":"Feature","geometry":{"type":"Point","coordinates":[-162.835,55.067]},"properties":{"name":"Frosty","type":"Stratovolcano(es)","country":"United States","lastEruptionYear":null,"elevationM":1728}},{"type":"Feature","geometry":{"type":"Point","coordinates":[-162.276,55.183]},"properties":{"name":"Dutton","type":"Stratovolcano","country":"United States","lastEruptionYear":null,"elevationM":1465}},{"type":"Feature","geometry":{"type":"Point","coordinates":[-162.0445,55.3519]},"properties":{"name":"Emmons Lake Volcanic Center","type":"Caldera","country":"United States","lastEruptionYear":null,"elevationM":1534}},{"type":"Feature","geometry":{"type":"Point","coordinates":[-161.894,55.417]},"properties":{"name":"Pavlof","type":"Stratovolcano","country":"United States","lastEruptionYear":2022,"elevationM":2493}},{"type":"Feature","geometry":{"type":"Point","coordinates":[-161.854,55.457]},"properties":{"name":"Pavlof Sister","type":"Stratovolcano","country":"United States","lastEruptionYear":null,"elevationM":2142}},{"type":"Feature","geometry":{"type":"Point","coordinates":[-161.214,55.641]},"properties":{"name":"Dana","type":"Stratovolcano","country":"United States","lastEruptionYear":-1890,"elevationM":1354}},{"type":"Feature","geometry":{"type":"Point","coordinates":[-159.797,56.011]},"properties":{"name":"Kupreanof","type":"Stratovolcano","country":"United States","lastEruptionYear":null,"elevationM":1895}},{"type":"Feature","geometry":{"type":"Point","coordinates":[-159.38,56.17]},"properties":{"name":"Veniaminof","type":"Stratovolcano","country":"United States","lastEruptionYear":2021,"elevationM":2507}},{"type":"Feature","geometry":{"type":"Point","coordinates":[-158.785,56.552]},"properties":{"name":"Black Peak","type":"Stratovolcano","country":"United States","lastEruptionYear":-1900,"elevationM":1032}},{"type":"Feature","geometry":{"type":"Point","coordinates":[-158.17,56.88]},"properties":{"name":"Aniakchak","type":"Caldera","country":"United States","lastEruptionYear":1931,"elevationM":1341}},{"type":"Feature","geometry":{"type":"Point","coordinates":[-157.185,57.019]},"properties":{"name":"Yantarni","type":"Stratovolcano","country":"United States","lastEruptionYear":-800,"elevationM":1345}},{"type":"Feature","geometry":{"type":"Point","coordinates":[-156.99,57.135]},"properties":{"name":"Chiginagak","type":"Stratovolcano","country":"United States","lastEruptionYear":1998,"elevationM":2221}},{"type":"Feature","geometry":{"type":"Point","coordinates":[-156.745,57.203]},"properties":{"name":"Kialagvik","type":"Stratovolcano","country":"United States","lastEruptionYear":null,"elevationM":1677}},{"type":"Feature","geometry":{"type":"Point","coordinates":[-156.368,57.751]},"properties":{"name":"Ugashik-Peulik","type":"Stratovolcano","country":"United States","lastEruptionYear":1814,"elevationM":1474}},{"type":"Feature","geometry":{"type":"Point","coordinates":[-156.5203,57.8344]},"properties":{"name":"Ukinrek Maars","type":"Maar(s)","country":"United States","lastEruptionYear":1977,"elevationM":91}},{"type":"Feature","geometry":{"type":"Point","coordinates":[-155.411,57.87]},"properties":{"name":"Alaska Peninsula Arc at 155.4\u00b0W","type":"Lava dome","country":"United States","lastEruptionYear":null,"elevationM":402}},{"type":"Feature","geometry":{"type":"Point","coordinates":[-155.361,58.172]},"properties":{"name":"Martin","type":"Stratovolcano","country":"United States","lastEruptionYear":1953,"elevationM":1863}},{"type":"Feature","geometry":{"type":"Point","coordinates":[-155.253,58.195]},"properties":{"name":"Mageik","type":"Stratovolcano","country":"United States","lastEruptionYear":-500,"elevationM":2165}},{"type":"Feature","geometry":{"type":"Point","coordinates":[-155.1,58.236]},"properties":{"name":"Trident","type":"Stratovolcano","country":"United States","lastEruptionYear":1974,"elevationM":1864}},{"type":"Feature","geometry":{"type":"Point","coordinates":[-154.9533,58.279]},"properties":{"name":"Katmai","type":"Stratovolcano","country":"United States","lastEruptionYear":1912,"elevationM":2047}},{"type":"Feature","geometry":{"type":"Point","coordinates":[-155.1588,58.2655]},"properties":{"name":"Novarupta","type":"Caldera","country":"United States","lastEruptionYear":1912,"elevationM":841}},{"type":"Feature","geometry":{"type":"Point","coordinates":[-155.092,58.354]},"properties":{"name":"Griggs","type":"Stratovolcano","country":"United States","lastEruptionYear":-1790,"elevationM":2317}},{"type":"Feature","geometry":{"type":"Point","coordinates":[-154.682,58.336]},"properties":{"name":"Snowy Mountain","type":"Stratovolcano(es)","country":"United States","lastEruptionYear":1710,"elevationM":2162}},{"type":"Feature","geometry":{"type":"Point","coordinates":[-154.449,58.418]},"properties":{"name":"Denison","type":"Stratovolcano","country":"United States","lastEruptionYear":null,"elevationM":2287}},{"type":"Feature","geometry":{"type":"Point","coordinates":[-154.3895,58.4298]},"properties":{"name":"Steller","type":"Stratovolcano","country":"United States","lastEruptionYear":null,"elevationM":2279}},{"type":"Feature","geometry":{"type":"Point","coordinates":[-154.355,58.453]},"properties":{"name":"Kukak","type":"Stratovolcano","country":"United States","lastEruptionYear":null,"elevationM":2043}},{"type":"Feature","geometry":{"type":"Point","coordinates":[-154.0245,58.6113]},"properties":{"name":"Kaguyak","type":"Lava dome(s)","country":"United States","lastEruptionYear":-3850,"elevationM":901}},{"type":"Feature","geometry":{"type":"Point","coordinates":[-153.672,58.77]},"properties":{"name":"Fourpeaked","type":"Stratovolcano","country":"United States","lastEruptionYear":2006,"elevationM":2105}},{"type":"Feature","geometry":{"type":"Point","coordinates":[-153.542,58.855]},"properties":{"name":"Douglas","type":"Stratovolcano","country":"United States","lastEruptionYear":null,"elevationM":2140}},{"type":"Feature","geometry":{"type":"Point","coordinates":[-153.435,59.3626]},"properties":{"name":"Augustine","type":"Lava dome(s)","country":"United States","lastEruptionYear":2006,"elevationM":1218}},{"type":"Feature","geometry":{"type":"Point","coordinates":[-153.09,60.032]},"properties":{"name":"Iliamna","type":"Stratovolcano","country":"United States","lastEruptionYear":1876,"elevationM":3053}},{"type":"Feature","geometry":{"type":"Point","coordinates":[-152.742,60.485]},"properties":{"name":"Redoubt","type":"Stratovolcano","country":"United States","lastEruptionYear":2009,"elevationM":3108}},{"type":"Feature","geometry":{"type":"Point","coordinates":[-152.251,61.299]},"properties":{"name":"Spurr","type":"Stratovolcano","country":"United States","lastEruptionYear":1992,"elevationM":3374}},{"type":"Feature","geometry":{"type":"Point","coordinates":[-152.411,61.64]},"properties":{"name":"Hayes","type":"Stratovolcano","country":"United States","lastEruptionYear":1200,"elevationM":3034}},{"type":"Feature","geometry":{"type":"Point","coordinates":[-170.213,57.167]},"properties":{"name":"St. Paul Island","type":"Shield","country":"United States","lastEruptionYear":-1280,"elevationM":203}},{"type":"Feature","geometry":{"type":"Point","coordinates":[-164.47,61.43]},"properties":{"name":"Ingakslugwat Hills","type":"Volcanic field","country":"United States","lastEruptionYear":null,"elevationM":190}},{"type":"Feature","geometry":{"type":"Point","coordinates":[-162.12,63.45]},"properties":{"name":"St. Michael","type":"Volcanic field","country":"United States","lastEruptionYear":null,"elevationM":715}},{"type":"Feature","geometry":{"type":"Point","coordinates":[-163.45,65.517]},"properties":{"name":"Imuruk Lake","type":"Volcanic field","country":"United States","lastEruptionYear":300,"elevationM":610}},{"type":"Feature","geometry":{"type":"Point","coordinates":[-148.4327,64.0616]},"properties":{"name":"Buzzard Creek","type":"Tuff ring(s)","country":"United States","lastEruptionYear":-1050,"elevationM":830}},{"type":"Feature","geometry":{"type":"Point","coordinates":[-144.017,62.006]},"properties":{"name":"Wrangell","type":"Shield","country":"United States","lastEruptionYear":1912,"elevationM":4278}},{"type":"Feature","geometry":{"type":"Point","coordinates":[-141.75,61.38]},"properties":{"name":"Churchill","type":"Stratovolcano","country":"United States","lastEruptionYear":847,"elevationM":5005}},{"type":"Feature","geometry":{"type":"Point","coordinates":[-135.75,57.05]},"properties":{"name":"Edgecumbe","type":"Volcanic field","country":"United States","lastEruptionYear":-2080,"elevationM":970}},{"type":"Feature","geometry":{"type":"Point","coordinates":[-133.1,56.5]},"properties":{"name":"Duncan Canal","type":"Volcanic field","country":"United States","lastEruptionYear":null,"elevationM":15}},{"type":"Feature","geometry":{"type":"Point","coordinates":[-133.3,55.25]},"properties":{"name":"Tlevak Strait-Suemez Island","type":"Volcanic field","country":"United States","lastEruptionYear":null,"elevationM":50}},{"type":"Feature","geometry":{"type":"Point","coordinates":[-131,55.35]},"properties":{"name":"Behm Canal-Rudyerd Bay","type":"Volcanic field","country":"United States","lastEruptionYear":null,"elevationM":500}},{"type":"Feature","geometry":{"type":"Point","coordinates":[-137.38,62.93]},"properties":{"name":"Fort Selkirk","type":"Volcanic field","country":"Canada","lastEruptionYear":null,"elevationM":1239}},{"type":"Feature","geometry":{"type":"Point","coordinates":[-135.42,60.42]},"properties":{"name":"Alligator Lake","type":"Volcanic field","country":"Canada","lastEruptionYear":null,"elevationM":2217}},{"type":"Feature","geometry":{"type":"Point","coordinates":[-133.358,59.708]},"properties":{"name":"Atlin Volcanic Field","type":"Pyroclastic cone(s)","country":"Canada","lastEruptionYear":null,"elevationM":1880}},{"type":"Feature","geometry":{"type":"Point","coordinates":[-130.58,59.37]},"properties":{"name":"Tuya Volcanic Field","type":"Volcanic field","country":"Canada","lastEruptionYear":null,"elevationM":2123}},{"type":"Feature","geometry":{"type":"Point","coordinates":[-131.97,58.6]},"properties":{"name":"Heart Peaks","type":"Shield","country":"Canada","lastEruptionYear":null,"elevationM":2012}},{"type":"Feature","geometry":{"type":"Point","coordinates":[-131.35,58.42]},"properties":{"name":"Level Mountain","type":"Shield","country":"Canada","lastEruptionYear":null,"elevationM":2164}},{"type":"Feature","geometry":{"type":"Point","coordinates":[-130.63,57.72]},"properties":{"name":"Edziza","type":"Stratovolcano","country":"Canada","lastEruptionYear":950,"elevationM":2786}},{"type":"Feature","geometry":{"type":"Point","coordinates":[-130.68,57.43]},"properties":{"name":"Spectrum Range","type":"Shield","country":"Canada","lastEruptionYear":null,"elevationM":2430}},{"type":"Feature","geometry":{"type":"Point","coordinates":[-131.28,56.78]},"properties":{"name":"Hoodoo Mountain","type":"Pyroclastic cone(s)","country":"Canada","lastEruptionYear":-7050,"elevationM":1850}},{"type":"Feature","geometry":{"type":"Point","coordinates":[-130.75,56.567]},"properties":{"name":"Iskut-Unuk River Cones","type":"Pyroclastic cone(s)","country":"Canada","lastEruptionYear":1800,"elevationM":1880}},{"type":"Feature","geometry":{"type":"Point","coordinates":[-128.8991,55.1109]},"properties":{"name":"Tseax River Cone","type":"Pyroclastic cone","country":"Canada","lastEruptionYear":1690,"elevationM":612}},{"type":"Feature","geometry":{"type":"Point","coordinates":[-130.23,54.7]},"properties":{"name":"Crow Lagoon","type":"Pyroclastic cone","country":"Canada","lastEruptionYear":null,"elevationM":335}},{"type":"Feature","geometry":{"type":"Point","coordinates":[-128.723,52.498]},"properties":{"name":"Milbanke Sound Group","type":"Pyroclastic cone(s)","country":"Canada","lastEruptionYear":null,"elevationM":233}},{"type":"Feature","geometry":{"type":"Point","coordinates":[-123.732,52.928]},"properties":{"name":"Nazko","type":"Pyroclastic cone(s)","country":"Canada","lastEruptionYear":-5220,"elevationM":1238}},{"type":"Feature","geometry":{"type":"Point","coordinates":[-120.1125,52.0306]},"properties":{"name":"Wells Gray-Clearwater","type":"Volcanic field","country":"Canada","lastEruptionYear":1550,"elevationM":950}},{"type":"Feature","geometry":{"type":"Point","coordinates":[-126.1133,51.5179]},"properties":{"name":"Silverthrone","type":"Caldera","country":"Canada","lastEruptionYear":null,"elevationM":2860}},{"type":"Feature","geometry":{"type":"Point","coordinates":[-123.4,50.8]},"properties":{"name":"Bridge River Cones","type":"Volcanic field","country":"Canada","lastEruptionYear":null,"elevationM":2500}},{"type":"Feature","geometry":{"type":"Point","coordinates":[-123.5,50.63]},"properties":{"name":"Meager","type":"Complex","country":"Canada","lastEruptionYear":-410,"elevationM":2680}},{"type":"Feature","geometry":{"type":"Point","coordinates":[-123,49.933]},"properties":{"name":"Garibaldi Lake","type":"Volcanic field","country":"Canada","lastEruptionYear":null,"elevationM":2316}},{"type":"Feature","geometry":{"type":"Point","coordinates":[-123,49.85]},"properties":{"name":"Garibaldi","type":"Stratovolcano","country":"Canada","lastEruptionYear":-8060,"elevationM":2678}},{"type":"Feature","geometry":{"type":"Point","coordinates":[-123.28,50.12]},"properties":{"name":"Cayley Volcanic Field","type":"Volcanic field","country":"Canada","lastEruptionYear":null,"elevationM":2375}},{"type":"Feature","geometry":{"type":"Point","coordinates":[-121.813,48.777]},"properties":{"name":"Baker","type":"Stratovolcano(es)","country":"United States","lastEruptionYear":1880,"elevationM":3285}},{"type":"Feature","geometry":{"type":"Point","coordinates":[-121.113,48.112]},"properties":{"name":"Glacier Peak","type":"Stratovolcano","country":"United States","lastEruptionYear":1700,"elevationM":3213}},{"type":"Feature","geometry":{"type":"Point","coordinates":[-121.76,46.853]},"properties":{"name":"Rainier","type":"Stratovolcano","country":"United States","lastEruptionYear":1450,"elevationM":4392}},{"type":"Feature","geometry":{"type":"Point","coordinates":[-121.49,46.206]},"properties":{"name":"Adams","type":"Stratovolcano","country":"United States","lastEruptionYear":950,"elevationM":3742}},{"type":"Feature","geometry":{"type":"Point","coordinates":[-122.18,46.2]},"properties":{"name":"St. Helens","type":"Stratovolcano","country":"United States","lastEruptionYear":2008,"elevationM":2549}},{"type":"Feature","geometry":{"type":"Point","coordinates":[-122.08,45.88]},"properties":{"name":"West Crater","type":"Volcanic field","country":"United States","lastEruptionYear":-5750,"elevationM":1329}},{"type":"Feature","geometry":{"type":"Point","coordinates":[-121.82,45.93]},"properties":{"name":"Indian Heaven","type":"Volcanic field","country":"United States","lastEruptionYear":-6250,"elevationM":1806}},{"type":"Feature","geometry":{"type":"Point","coordinates":[-121.695,45.374]},"properties":{"name":"Hood","type":"Stratovolcano","country":"United States","lastEruptionYear":1866,"elevationM":3426}},{"type":"Feature","geometry":{"type":"Point","coordinates":[-121.8,44.674]},"properties":{"name":"Jefferson","type":"Stratovolcano","country":"United States","lastEruptionYear":950,"elevationM":3199}},{"type":"Feature","geometry":{"type":"Point","coordinates":[-121.7686,44.4125]},"properties":{"name":"Blue Lake Crater","type":"Maar","country":"United States","lastEruptionYear":680,"elevationM":1136}},{"type":"Feature","geometry":{"type":"Point","coordinates":[-121.93,44.38]},"properties":{"name":"Sand Mountain Field","type":"Volcanic field","country":"United States","lastEruptionYear":-950,"elevationM":1664}},{"type":"Feature","geometry":{"type":"Point","coordinates":[-121.8423,44.285]},"properties":{"name":"Belknap","type":"Shield(s)","country":"United States","lastEruptionYear":475,"elevationM":2094}},{"type":"Feature","geometry":{"type":"Point","coordinates":[-121.767,44.133]},"properties":{"name":"Three Sisters","type":"Complex","country":"United States","lastEruptionYear":439,"elevationM":3159}},{"type":"Feature","geometry":{"type":"Point","coordinates":[-121.688,43.979]},"properties":{"name":"Bachelor","type":"Stratovolcano","country":"United States","lastEruptionYear":-5800,"elevationM":2763}},{"type":"Feature","geometry":{"type":"Point","coordinates":[-121.82,43.57]},"properties":{"name":"Davis Lake","type":"Volcanic field","country":"United States","lastEruptionYear":-2790,"elevationM":2163}},{"type":"Feature","geometry":{"type":"Point","coordinates":[-121.229,43.722]},"properties":{"name":"Newberry","type":"Shield","country":"United States","lastEruptionYear":690,"elevationM":2434}},{"type":"Feature","geometry":{"type":"Point","coordinates":[-120.861,43.512]},"properties":{"name":"Devils Garden","type":"Volcanic field","country":"United States","lastEruptionYear":null,"elevationM":1698}},{"type":"Feature","geometry":{"type":"Point","coordinates":[-122.1111,43.2411]},"properties":{"name":"Cinnamon Butte","type":"Pyroclastic cone(s)","country":"United States","lastEruptionYear":null,"elevationM":1958}},{"type":"Feature","geometry":{"type":"Point","coordinates":[-122.107,42.942]},"properties":{"name":"Crater Lake","type":"Caldera","country":"United States","lastEruptionYear":-2850,"elevationM":2487}},{"type":"Feature","geometry":{"type":"Point","coordinates":[-118.75,43.1]},"properties":{"name":"Diamond Craters","type":"Volcanic field","country":"United States","lastEruptionYear":-5610,"elevationM":1435}},{"type":"Feature","geometry":{"type":"Point","coordinates":[-117.46,43.147]},"properties":{"name":"Jordan Craters","type":"Volcanic field","country":"United States","lastEruptionYear":-1250,"elevationM":1473}},{"type":"Feature","geometry":{"type":"Point","coordinates":[-122.193,41.409]},"properties":{"name":"Shasta","type":"Stratovolcano","country":"United States","lastEruptionYear":1250,"elevationM":4317}},{"type":"Feature","geometry":{"type":"Point","coordinates":[-121.554,41.611]},"properties":{"name":"Medicine Lake","type":"Shield","country":"United States","lastEruptionYear":1060,"elevationM":2412}},{"type":"Feature","geometry":{"type":"Point","coordinates":[-121.508,40.492]},"properties":{"name":"Lassen Volcanic Center","type":"Stratovolcano","country":"United States","lastEruptionYear":1917,"elevationM":3187}},{"type":"Feature","geometry":{"type":"Point","coordinates":[-122.77,38.97]},"properties":{"name":"Clear Lake Volcanic Field","type":"Volcanic field","country":"United States","lastEruptionYear":null,"elevationM":1439}},{"type":"Feature","geometry":{"type":"Point","coordinates":[-119.03,38]},"properties":{"name":"Mono Lake Volcanic Field","type":"Volcanic field","country":"United States","lastEruptionYear":1790,"elevationM":2121}},{"type":"Feature","geometry":{"type":"Point","coordinates":[-119.029,37.804]},"properties":{"name":"Mono-Inyo Craters","type":"Lava dome(s)","country":"United States","lastEruptionYear":1380,"elevationM":2796}},{"type":"Feature","geometry":{"type":"Point","coordinates":[-119.032,37.631]},"properties":{"name":"Mammoth Mountain","type":"Lava dome(s)","country":"United States","lastEruptionYear":1260,"elevationM":3369}},{"type":"Feature","geometry":{"type":"Point","coordinates":[-117.45,37.02]},"properties":{"name":"Ubehebe Craters","type":"Maar(s)","country":"United States","lastEruptionYear":-150,"elevationM":752}},{"type":"Feature","geometry":{"type":"Point","coordinates":[-115.616,33.197]},"properties":{"name":"Salton Buttes","type":"Lava dome(s)","country":"United States","lastEruptionYear":210,"elevationM":-40}},{"type":"Feature","geometry":{"type":"Point","coordinates":[-114.3542,43.185]},"properties":{"name":"Black Butte Crater Lava Field","type":"Shield","country":"United States","lastEruptionYear":-8180,"elevationM":1478}},{"type":"Feature","geometry":{"type":"Point","coordinates":[-113.493,43.371]},"properties":{"name":"Craters of the Moon","type":"Volcanic field","country":"United States","lastEruptionYear":-130,"elevationM":2005}},{"type":"Feature","geometry":{"type":"Point","coordinates":[-113.2166,42.8859]},"properties":{"name":"Wapi Lava Field","type":"Shield","country":"United States","lastEruptionYear":-300,"elevationM":1597}},{"type":"Feature","geometry":{"type":"Point","coordinates":[-112.4503,43.492]},"properties":{"name":"Hell's Half Acre","type":"Shield","country":"United States","lastEruptionYear":-3250,"elevationM":1632}},{"type":"Feature","geometry":{"type":"Point","coordinates":[-118.8778,39.525]},"properties":{"name":"Soda Lakes","type":"Maar(s)","country":"United States","lastEruptionYear":null,"elevationM":1251}},{"type":"Feature","geometry":{"type":"Point","coordinates":[-112.67,37.58]},"properties":{"name":"Markagunt Plateau","type":"Volcanic field","country":"United States","lastEruptionYear":1050,"elevationM":2840}},{"type":"Feature","geometry":{"type":"Point","coordinates":[-112.5,38.97]},"properties":{"name":"Black Rock Desert","type":"Volcanic field","country":"United States","lastEruptionYear":1290,"elevationM":1800}},{"type":"Feature","geometry":{"type":"Point","coordinates":[-107.0355,39.6613]},"properties":{"name":"Dotsero","type":"Maar","country":"United States","lastEruptionYear":-2200,"elevationM":2230}},{"type":"Feature","geometry":{"type":"Point","coordinates":[-113.13,36.38]},"properties":{"name":"Uinkaret Field","type":"Volcanic field","country":"United States","lastEruptionYear":1100,"elevationM":1555}},{"type":"Feature","geometry":{"type":"Point","coordinates":[-111.678,35.347]},"properties":{"name":"San Francisco Volcanic Field","type":"Volcanic field","country":"United States","lastEruptionYear":1075,"elevationM":3850}},{"type":"Feature","geometry":{"type":"Point","coordinates":[-105.93,33.78]},"properties":{"name":"Carrizozo","type":"Pyroclastic cone(s)","country":"United States","lastEruptionYear":-3250,"elevationM":1731}},{"type":"Feature","geometry":{"type":"Point","coordinates":[-108,34.8]},"properties":{"name":"Zuni-Bandera","type":"Volcanic field","country":"United States","lastEruptionYear":-1170,"elevationM":2550}},{"type":"Feature","geometry":{"type":"Point","coordinates":[-108.83,34.25]},"properties":{"name":"Red Hill-Quemado","type":"Volcanic field","country":"United States","lastEruptionYear":-9450,"elevationM":2300}},{"type":"Feature","geometry":{"type":"Point","coordinates":[-129.1,47.95]},"properties":{"name":"Endeavour Segment","type":"Fissure vent(s)","country":"Canada","lastEruptionYear":-3490,"elevationM":-2050}},{"type":"Feature","geometry":{"type":"Point","coordinates":[-129.33,46.88]},"properties":{"name":"Cobb Segment","type":"Fissure vent(s)","country":"Canada","lastEruptionYear":-1180,"elevationM":-2100}},{"type":"Feature","geometry":{"type":"Point","coordinates":[-129.58,46.52]},"properties":{"name":"CoAxial Segment","type":"Fissure vent(s)","country":"Undersea Features","lastEruptionYear":1993,"elevationM":-2400}},{"type":"Feature","geometry":{"type":"Point","coordinates":[-130,45.95]},"properties":{"name":"Axial Seamount","type":"Fissure vent(s)","country":"Undersea Features","lastEruptionYear":2015,"elevationM":-1410}},{"type":"Feature","geometry":{"type":"Point","coordinates":[-130.3,44.83]},"properties":{"name":"Cleft Segment","type":"Fissure vent(s)","country":"Undersea Features","lastEruptionYear":1986,"elevationM":-2140}},{"type":"Feature","geometry":{"type":"Point","coordinates":[-126.78,42.67]},"properties":{"name":"North Gorda Ridge Segment","type":"Fissure vent(s)","country":"United States","lastEruptionYear":1996,"elevationM":-3000}},{"type":"Feature","geometry":{"type":"Point","coordinates":[-127.5,40.98]},"properties":{"name":"Escanaba Segment","type":"Fissure vent(s)","country":"United States","lastEruptionYear":-2260,"elevationM":-1700}},{"type":"Feature","geometry":{"type":"Point","coordinates":[-155.27,18.92]},"properties":{"name":"Kama'ehuakanaloa","type":"Shield","country":"United States","lastEruptionYear":1996,"elevationM":-975}},{"type":"Feature","geometry":{"type":"Point","coordinates":[-155.287,19.421]},"properties":{"name":"Kilauea","type":"Shield","country":"United States","lastEruptionYear":2026,"elevationM":1222}},{"type":"Feature","geometry":{"type":"Point","coordinates":[-155.608,19.475]},"properties":{"name":"Mauna Loa","type":"Shield","country":"United States","lastEruptionYear":2022,"elevationM":4170}},{"type":"Feature","geometry":{"type":"Point","coordinates":[-155.47,19.82]},"properties":{"name":"Mauna Kea","type":"Shield","country":"United States","lastEruptionYear":-2460,"elevationM":4205}},{"type":"Feature","geometry":{"type":"Point","coordinates":[-155.87,19.692]},"properties":{"name":"Hualalai","type":"Shield","country":"United States","lastEruptionYear":1801,"elevationM":2523}},{"type":"Feature","geometry":{"type":"Point","coordinates":[-156.2537,20.7099]},"properties":{"name":"Haleakala","type":"Shield","country":"United States","lastEruptionYear":1750,"elevationM":3053}},{"type":"Feature","geometry":{"type":"Point","coordinates":[-148.821,-17.564]},"properties":{"name":"Teahitia","type":"Compound","country":"France","lastEruptionYear":1985,"elevationM":-1743}},{"type":"Feature","geometry":{"type":"Point","coordinates":[-148.586,-17.662]},"properties":{"name":"Rocard","type":"Cone","country":"France","lastEruptionYear":1972,"elevationM":-2515}},{"type":"Feature","geometry":{"type":"Point","coordinates":[-148.525,-18.325]},"properties":{"name":"Moua Pihaa","type":"Stratovolcano","country":"France","lastEruptionYear":1970,"elevationM":-312}},{"type":"Feature","geometry":{"type":"Point","coordinates":[-148.068,-17.874]},"properties":{"name":"Mehetia","type":"Stratovolcano","country":"France","lastEruptionYear":null,"elevationM":389}},{"type":"Feature","geometry":{"type":"Point","coordinates":[-129.27,-25.37]},"properties":{"name":"Adams Seamount","type":"Lava dome","country":"United Kingdom","lastEruptionYear":-50,"elevationM":-39}},{"type":"Feature","geometry":{"type":"Point","coordinates":[-140.25,-28.98]},"properties":{"name":"Macdonald","type":"Shield","country":"France","lastEruptionYear":1989,"elevationM":-39}},{"type":"Feature","geometry":{"type":"Point","coordinates":[-105.32,16.55]},"properties":{"name":"Northern EPR at 17\u00b0N","type":"Fissure vent(s)","country":"Mexico","lastEruptionYear":-50,"elevationM":-2700}},{"type":"Feature","geometry":{"type":"Point","coordinates":[-105.43,15.83]},"properties":{"name":"Northern EPR at 16\u00b0N","type":"Fissure vent(s)","country":"Mexico","lastEruptionYear":-50,"elevationM":-2300}},{"type":"Feature","geometry":{"type":"Point","coordinates":[-103.58,10.73]},"properties":{"name":"Northern EPR at 10.7\u00b0N","type":"Fissure vent(s)","country":"Undersea Features","lastEruptionYear":2003,"elevationM":-2900}},{"type":"Feature","geometry":{"type":"Point","coordinates":[-104.3,9.83]},"properties":{"name":"Northern EPR at 9.8\u00b0N","type":"Fissure vent(s)","country":"Undersea Features","lastEruptionYear":2025,"elevationM":-2500}},{"type":"Feature","geometry":{"type":"Point","coordinates":[-86.15,0.792]},"properties":{"name":"Galapagos Rift at 86\u00b0W","type":"Fissure vent(s)","country":"Ecuador","lastEruptionYear":1996,"elevationM":-2430}},{"type":"Feature","geometry":{"type":"Point","coordinates":[-107.95,-8.27]},"properties":{"name":"Southern EPR at 8\u00b0S","type":"Fissure vent(s)","country":"Undersea Features","lastEruptionYear":1969,"elevationM":-2800}},{"type":"Feature","geometry":{"type":"Point","coordinates":[-113.206,-17.436]},"properties":{"name":"Southern EPR at 17.5\u00b0S (Segment K)","type":"Fissure vent(s)","country":"Undersea Features","lastEruptionYear":1990,"elevationM":-2566}},{"type":"Feature","geometry":{"type":"Point","coordinates":[-113.35,-18.175]},"properties":{"name":"Southern EPR at 18.2\u00b0S (Segment J)","type":"Fissure vent(s)","country":"Undersea Features","lastEruptionYear":1890,"elevationM":-2650}},{"type":"Feature","geometry":{"type":"Point","coordinates":[-113.42,-18.53]},"properties":{"name":"Southern EPR at 18.5\u00b0S (Segment I)","type":"Fissure vent(s)","country":"Undersea Features","lastEruptionYear":1915,"elevationM":-2600}},{"type":"Feature","geometry":{"type":"Point","coordinates":[-139.845,-53.998]},"properties":{"name":"Hollister Ridge","type":"Fissure vent","country":"Undersea Features","lastEruptionYear":null,"elevationM":-1000}},{"type":"Feature","geometry":{"type":"Point","coordinates":[-143.373,-56.153]},"properties":{"name":"Udintsev Transform","type":"Fissure vent","country":"Undersea Features","lastEruptionYear":null,"elevationM":-5700}},{"type":"Feature","geometry":{"type":"Point","coordinates":[-113.5,31.85]},"properties":{"name":"Pinacate","type":"Volcanic field","country":"Mexico","lastEruptionYear":null,"elevationM":1183}},{"type":"Feature","geometry":{"type":"Point","coordinates":[-114.4082,29.9728]},"properties":{"name":"San Luis, Isla","type":"Tuff cone","country":"Mexico","lastEruptionYear":-1141,"elevationM":183}},{"type":"Feature","geometry":{"type":"Point","coordinates":[-114.5,29.33]},"properties":{"name":"Jaraguay Volcanic Field","type":"Volcanic field","country":"Mexico","lastEruptionYear":null,"elevationM":960}},{"type":"Feature","geometry":{"type":"Point","coordinates":[-113.75,28.5]},"properties":{"name":"San Borja Volcanic Field","type":"Volcanic field","country":"Mexico","lastEruptionYear":null,"elevationM":1360}},{"type":"Feature","geometry":{"type":"Point","coordinates":[-111.881,27.438]},"properties":{"name":"Tortuga, Isla","type":"Shield","country":"Mexico","lastEruptionYear":null,"elevationM":224}},{"type":"Feature","geometry":{"type":"Point","coordinates":[-111.92,26]},"properties":{"name":"Comondu-La Purisima","type":"Volcanic field","country":"Mexico","lastEruptionYear":null,"elevationM":780}},{"type":"Feature","geometry":{"type":"Point","coordinates":[-110.95,18.78]},"properties":{"name":"Socorro","type":"Shield","country":"Mexico","lastEruptionYear":1994,"elevationM":1050}},{"type":"Feature","geometry":{"type":"Point","coordinates":[-104.45,24.15]},"properties":{"name":"Durango Volcanic Field","type":"Volcanic field","country":"Mexico","lastEruptionYear":null,"elevationM":2075}},{"type":"Feature","geometry":{"type":"Point","coordinates":[-104.73,21.45]},"properties":{"name":"Sanganguey","type":"Stratovolcano","country":"Mexico","lastEruptionYear":null,"elevationM":2340}},{"type":"Feature","geometry":{"type":"Point","coordinates":[-110.82,19.3]},"properties":{"name":"Barcena","type":"Pyroclastic cone(s)","country":"Mexico","lastEruptionYear":1953,"elevationM":332}},{"type":"Feature","geometry":{"type":"Point","coordinates":[-104.817,20.567]},"properties":{"name":"Mascota Volcanic Field","type":"Volcanic field","country":"Mexico","lastEruptionYear":null,"elevationM":2525}},{"type":"Feature","geometry":{"type":"Point","coordinates":[-104.508,21.125]},"properties":{"name":"Ceboruco","type":"Stratovolcano","country":"Mexico","lastEruptionYear":1875,"elevationM":2280}},{"type":"Feature","geometry":{"type":"Point","coordinates":[-103.62,19.514]},"properties":{"name":"Colima","type":"Stratovolcano(es)","country":"Mexico","lastEruptionYear":2019,"elevationM":3850}},{"type":"Feature","geometry":{"type":"Point","coordinates":[-100.25,19.4]},"properties":{"name":"Zitacuaro-Valle de Bravo","type":"Volcanic field","country":"Mexico","lastEruptionYear":-3050,"elevationM":3500}},{"type":"Feature","geometry":{"type":"Point","coordinates":[-99.7579,19.7383]},"properties":{"name":"Jocotitlan","type":"Stratovolcano","country":"Mexico","lastEruptionYear":1270,"elevationM":3911}},{"type":"Feature","geometry":{"type":"Point","coordinates":[-101.75,19.85]},"properties":{"name":"Michoacan-Guanajuato","type":"Volcanic field","country":"Mexico","lastEruptionYear":1952,"elevationM":3860}},{"type":"Feature","geometry":{"type":"Point","coordinates":[-99.758,19.108]},"properties":{"name":"Toluca, Nevado de","type":"Stratovolcano","country":"Mexico","lastEruptionYear":-1350,"elevationM":4680}},{"type":"Feature","geometry":{"type":"Point","coordinates":[-98.642,19.179]},"properties":{"name":"Iztaccihuatl","type":"Stratovolcano","country":"Mexico","lastEruptionYear":null,"elevationM":5230}},{"type":"Feature","geometry":{"type":"Point","coordinates":[-99.16,19.139]},"properties":{"name":"Chichinautzin","type":"Volcanic field","country":"Mexico","lastEruptionYear":399,"elevationM":3938}},{"type":"Feature","geometry":{"type":"Point","coordinates":[-98.032,19.231]},"properties":{"name":"Malinche, La","type":"Stratovolcano","country":"Mexico","lastEruptionYear":-1170,"elevationM":4461}},{"type":"Feature","geometry":{"type":"Point","coordinates":[-97.47,19.27]},"properties":{"name":"Serdan-Oriental Volcanic Field","type":"Volcanic field","country":"Mexico","lastEruptionYear":-3920,"elevationM":3485}},{"type":"Feature","geometry":{"type":"Point","coordinates":[-97.45,19.68]},"properties":{"name":"Humeros, Los","type":"Caldera(s)","country":"Mexico","lastEruptionYear":-4470,"elevationM":3150}},{"type":"Feature","geometry":{"type":"Point","coordinates":[-96.91,19.635]},"properties":{"name":"Naolinco Volcanic Field","type":"Volcanic field","country":"Mexico","lastEruptionYear":1145,"elevationM":2000}},{"type":"Feature","geometry":{"type":"Point","coordinates":[-98.622,19.023]},"properties":{"name":"Popocatepetl","type":"Stratovolcano(es)","country":"Mexico","lastEruptionYear":2026,"elevationM":5393}},{"type":"Feature","geometry":{"type":"Point","coordinates":[-97.27,19.03]},"properties":{"name":"Orizaba, Pico de","type":"Stratovolcano","country":"Mexico","lastEruptionYear":1846,"elevationM":5564}},{"type":"Feature","geometry":{"type":"Point","coordinates":[-95.1989,18.5615]},"properties":{"name":"San Martin","type":"Volcanic field","country":"Mexico","lastEruptionYear":1796,"elevationM":1660}},{"type":"Feature","geometry":{"type":"Point","coordinates":[-93.2297,17.3602]},"properties":{"name":"Chichon, El","type":"Lava dome(s)","country":"Mexico","lastEruptionYear":1982,"elevationM":1150}},{"type":"Feature","geometry":{"type":"Point","coordinates":[-92.109,15.132]},"properties":{"name":"Tacana","type":"Stratovolcano","country":"Mexico-Guatemala","lastEruptionYear":1986,"elevationM":4064}},{"type":"Feature","geometry":{"type":"Point","coordinates":[-91.903,15.043]},"properties":{"name":"Tajumulco","type":"Stratovolcano","country":"Guatemala","lastEruptionYear":null,"elevationM":4203}},{"type":"Feature","geometry":{"type":"Point","coordinates":[-91.552,14.757]},"properties":{"name":"Santa Maria","type":"Stratovolcano","country":"Guatemala","lastEruptionYear":2026,"elevationM":3745}},{"type":"Feature","geometry":{"type":"Point","coordinates":[-91.519,14.797]},"properties":{"name":"Almolonga","type":"Stratovolcano","country":"Guatemala","lastEruptionYear":1818,"elevationM":3173}},{"type":"Feature","geometry":{"type":"Point","coordinates":[-91.186,14.583]},"properties":{"name":"Atitlan","type":"Stratovolcano(es)","country":"Guatemala","lastEruptionYear":1853,"elevationM":3535}},{"type":"Feature","geometry":{"type":"Point","coordinates":[-91.189,14.612]},"properties":{"name":"Toliman","type":"Stratovolcano(es)","country":"Guatemala","lastEruptionYear":null,"elevationM":3158}},{"type":"Feature","geometry":{"type":"Point","coordinates":[-90.876,14.501]},"properties":{"name":"Acatenango","type":"Stratovolcano(es)","country":"Guatemala","lastEruptionYear":1972,"elevationM":3976}},{"type":"Feature","geometry":{"type":"Point","coordinates":[-90.8806,14.4748]},"properties":{"name":"Fuego","type":"Stratovolcano(es)","country":"Guatemala","lastEruptionYear":2026,"elevationM":3799}},{"type":"Feature","geometry":{"type":"Point","coordinates":[-90.743,14.465]},"properties":{"name":"Agua","type":"Stratovolcano","country":"Guatemala","lastEruptionYear":null,"elevationM":3760}},{"type":"Feature","geometry":{"type":"Point","coordinates":[-90.4,14.33]},"properties":{"name":"Cuilapa-Barbarena","type":"Volcanic field","country":"Guatemala","lastEruptionYear":null,"elevationM":1454}},{"type":"Feature","geometry":{"type":"Point","coordinates":[-90.601,14.382]},"properties":{"name":"Pacaya","type":"Complex","country":"Guatemala","lastEruptionYear":2021,"elevationM":2569}},{"type":"Feature","geometry":{"type":"Point","coordinates":[-90.271,14.34]},"properties":{"name":"Jumaytepeque","type":"Stratovolcano","country":"Guatemala","lastEruptionYear":null,"elevationM":1802}},{"type":"Feature","geometry":{"type":"Point","coordinates":[-90.407,14.156]},"properties":{"name":"Tecuamburro","type":"Stratovolcano","country":"Guatemala","lastEruptionYear":-960,"elevationM":1845}},{"type":"Feature","geometry":{"type":"Point","coordinates":[-90.1,14.03]},"properties":{"name":"Moyuta","type":"Stratovolcano","country":"Guatemala","lastEruptionYear":null,"elevationM":1662}},{"type":"Feature","geometry":{"type":"Point","coordinates":[-89.992,14.308]},"properties":{"name":"Flores","type":"Volcanic field","country":"Guatemala","lastEruptionYear":null,"elevationM":1600}},{"type":"Feature","geometry":{"type":"Point","coordinates":[-89.9,14.43]},"properties":{"name":"Tahual","type":"Stratovolcano","country":"Guatemala","lastEruptionYear":null,"elevationM":1716}},{"type":"Feature","geometry":{"type":"Point","coordinates":[-89.87,14.33]},"properties":{"name":"Santiago, Cerro","type":"Volcanic field","country":"Guatemala","lastEruptionYear":null,"elevationM":1192}},{"type":"Feature","geometry":{"type":"Point","coordinates":[-89.78,14.4]},"properties":{"name":"Suchitan","type":"Stratovolcano(es)","country":"Guatemala","lastEruptionYear":null,"elevationM":2042}},{"type":"Feature","geometry":{"type":"Point","coordinates":[-89.73,14.12]},"properties":{"name":"Chingo","type":"Stratovolcano","country":"Guatemala-El Salvador","lastEruptionYear":null,"elevationM":1775}},{"type":"Feature","geometry":{"type":"Point","coordinates":[-89.68,14.42]},"properties":{"name":"Ixtepeque","type":"Lava dome(s)","country":"Guatemala","lastEruptionYear":null,"elevationM":1292}},{"type":"Feature","geometry":{"type":"Point","coordinates":[-89.631,14.054]},"properties":{"name":"Singuil, Cerro","type":"Volcanic field","country":"El Salvador","lastEruptionYear":null,"elevationM":926}},{"type":"Feature","geometry":{"type":"Point","coordinates":[-89.742,13.872]},"properties":{"name":"Apaneca Range","type":"Stratovolcano(es)","country":"El Salvador","lastEruptionYear":null,"elevationM":2028}},{"type":"Feature","geometry":{"type":"Point","coordinates":[-89.63,13.853]},"properties":{"name":"Santa Ana","type":"Stratovolcano","country":"El Salvador","lastEruptionYear":2005,"elevationM":2381}},{"type":"Feature","geometry":{"type":"Point","coordinates":[-89.633,13.813]},"properties":{"name":"Izalco","type":"Stratovolcano","country":"El Salvador","lastEruptionYear":1966,"elevationM":1950}},{"type":"Feature","geometry":{"type":"Point","coordinates":[-89.55,13.87]},"properties":{"name":"Coatepeque Caldera","type":"Caldera","country":"El Salvador","lastEruptionYear":null,"elevationM":746}},{"type":"Feature","geometry":{"type":"Point","coordinates":[-89.25,14.02]},"properties":{"name":"Cinotepeque, Cerro","type":"Volcanic field","country":"El Salvador","lastEruptionYear":null,"elevationM":665}},{"type":"Feature","geometry":{"type":"Point","coordinates":[-89.294,13.734]},"properties":{"name":"San Salvador","type":"Stratovolcano","country":"El Salvador","lastEruptionYear":1917,"elevationM":1893}},{"type":"Feature","geometry":{"type":"Point","coordinates":[-89.053,13.672]},"properties":{"name":"Ilopango","type":"Caldera","country":"El Salvador","lastEruptionYear":1880,"elevationM":450}},{"type":"Feature","geometry":{"type":"Point","coordinates":[-88.532,13.435]},"properties":{"name":"Taburete","type":"Stratovolcano","country":"El Salvador","lastEruptionYear":null,"elevationM":1172}},{"type":"Feature","geometry":{"type":"Point","coordinates":[-88.8375,13.5969]},"properties":{"name":"San Vicente","type":"Stratovolcano","country":"El Salvador","lastEruptionYear":null,"elevationM":2149}},{"type":"Feature","geometry":{"type":"Point","coordinates":[-88.471,13.419]},"properties":{"name":"Usulutan","type":"Stratovolcano","country":"El Salvador","lastEruptionYear":null,"elevationM":1449}},{"type":"Feature","geometry":{"type":"Point","coordinates":[-88.43,13.47]},"properties":{"name":"Tigre, El","type":"Stratovolcano","country":"El Salvador","lastEruptionYear":null,"elevationM":1640}},{"type":"Feature","geometry":{"type":"Point","coordinates":[-88.502,13.494]},"properties":{"name":"Tecapa","type":"Stratovolcano","country":"El Salvador","lastEruptionYear":null,"elevationM":1593}},{"type":"Feature","geometry":{"type":"Point","coordinates":[-88.33,13.478]},"properties":{"name":"Chinameca","type":"Stratovolcano","country":"El Salvador","lastEruptionYear":null,"elevationM":1300}},{"type":"Feature","geometry":{"type":"Point","coordinates":[-88.105,13.428]},"properties":{"name":"Aramuaca, Laguna","type":"Maar","country":"El Salvador","lastEruptionYear":null,"elevationM":181}},{"type":"Feature","geometry":{"type":"Point","coordinates":[-88.269,13.434]},"properties":{"name":"San Miguel","type":"Stratovolcano","country":"El Salvador","lastEruptionYear":2023,"elevationM":2130}},{"type":"Feature","geometry":{"type":"Point","coordinates":[-87.639,13.274]},"properties":{"name":"Tigre, Isla del","type":"Stratovolcano","country":"Honduras","lastEruptionYear":null,"elevationM":774}},{"type":"Feature","geometry":{"type":"Point","coordinates":[-87.63,13.33]},"properties":{"name":"Zacate Grande, Isla","type":"Stratovolcano","country":"Honduras","lastEruptionYear":null,"elevationM":640}},{"type":"Feature","geometry":{"type":"Point","coordinates":[-87.983,14.964]},"properties":{"name":"Yojoa, Lago","type":"Volcanic field","country":"Honduras","lastEruptionYear":-7638,"elevationM":1060}},{"type":"Feature","geometry":{"type":"Point","coordinates":[-87.57,12.98]},"properties":{"name":"Cosiguina","type":"Stratovolcano","country":"Nicaragua","lastEruptionYear":1859,"elevationM":872}},{"type":"Feature","geometry":{"type":"Point","coordinates":[-87.004,12.702]},"properties":{"name":"San Cristobal","type":"Stratovolcano","country":"Nicaragua","lastEruptionYear":2024,"elevationM":1745}},{"type":"Feature","geometry":{"type":"Point","coordinates":[-86.84,12.606]},"properties":{"name":"Telica","type":"Stratovolcano(es)","country":"Nicaragua","lastEruptionYear":2025,"elevationM":1036}},{"type":"Feature","geometry":{"type":"Point","coordinates":[-86.702,12.506]},"properties":{"name":"Negro, Cerro","type":"Pyroclastic cone(s)","country":"Nicaragua","lastEruptionYear":1999,"elevationM":728}},{"type":"Feature","geometry":{"type":"Point","coordinates":[-86.6786,12.4922]},"properties":{"name":"Las Pilas-El Hoyo Complex","type":"Complex","country":"Nicaragua","lastEruptionYear":1954,"elevationM":1088}},{"type":"Feature","geometry":{"type":"Point","coordinates":[-86.342,12.242]},"properties":{"name":"Apoyeque","type":"Caldera","country":"Nicaragua","lastEruptionYear":-50,"elevationM":518}},{"type":"Feature","geometry":{"type":"Point","coordinates":[-86.32,12.12]},"properties":{"name":"Nejapa-Miraflores","type":"Fissure vent(s)","country":"Nicaragua","lastEruptionYear":1060,"elevationM":360}},{"type":"Feature","geometry":{"type":"Point","coordinates":[-86.539,12.423]},"properties":{"name":"Momotombo","type":"Stratovolcano","country":"Nicaragua","lastEruptionYear":2016,"elevationM":1270}},{"type":"Feature","geometry":{"type":"Point","coordinates":[-85.979,11.9]},"properties":{"name":"Granada","type":"Fissure vent(s)","country":"Nicaragua","lastEruptionYear":null,"elevationM":250}},{"type":"Feature","geometry":{"type":"Point","coordinates":[-86.1688,11.9844]},"properties":{"name":"Masaya","type":"Caldera","country":"Nicaragua","lastEruptionYear":2026,"elevationM":594}},{"type":"Feature","geometry":{"type":"Point","coordinates":[-85.82,11.73]},"properties":{"name":"Zapatera","type":"Shield","country":"Nicaragua","lastEruptionYear":null,"elevationM":629}},{"type":"Feature","geometry":{"type":"Point","coordinates":[-85.968,11.826]},"properties":{"name":"Mombacho","type":"Stratovolcano","country":"Nicaragua","lastEruptionYear":null,"elevationM":1344}},{"type":"Feature","geometry":{"type":"Point","coordinates":[-85.622,11.538]},"properties":{"name":"Concepcion","type":"Stratovolcano","country":"Nicaragua","lastEruptionYear":2024,"elevationM":1700}},{"type":"Feature","geometry":{"type":"Point","coordinates":[-85.473,10.98]},"properties":{"name":"Orosi","type":"Stratovolcano(es)","country":"Costa Rica","lastEruptionYear":null,"elevationM":1659}},{"type":"Feature","geometry":{"type":"Point","coordinates":[-85.3364,10.8314]},"properties":{"name":"Rincon de la Vieja","type":"Complex","country":"Costa Rica","lastEruptionYear":2024,"elevationM":1729}},{"type":"Feature","geometry":{"type":"Point","coordinates":[-85.015,10.673]},"properties":{"name":"Tenorio","type":"Stratovolcano(es)","country":"Costa Rica","lastEruptionYear":null,"elevationM":1916}},{"type":"Feature","geometry":{"type":"Point","coordinates":[-84.703,10.463]},"properties":{"name":"Arenal","type":"Stratovolcano","country":"Costa Rica","lastEruptionYear":2010,"elevationM":1670}},{"type":"Feature","geometry":{"type":"Point","coordinates":[-84.366,10.3]},"properties":{"name":"Platanar","type":"Stratovolcano(es)","country":"Costa Rica","lastEruptionYear":null,"elevationM":2267}},{"type":"Feature","geometry":{"type":"Point","coordinates":[-85.153,10.748]},"properties":{"name":"Miravalles","type":"Stratovolcano","country":"Costa Rica","lastEruptionYear":1946,"elevationM":2028}},{"type":"Feature","geometry":{"type":"Point","coordinates":[-84.233,10.2]},"properties":{"name":"Poas","type":"Stratovolcano","country":"Costa Rica","lastEruptionYear":2026,"elevationM":2697}},{"type":"Feature","geometry":{"type":"Point","coordinates":[-84.1,10.135]},"properties":{"name":"Barva","type":"Complex","country":"Costa Rica","lastEruptionYear":-6050,"elevationM":2906}},{"type":"Feature","geometry":{"type":"Point","coordinates":[-83.852,9.979]},"properties":{"name":"Irazu","type":"Stratovolcano","country":"Costa Rica","lastEruptionYear":1977,"elevationM":3436}},{"type":"Feature","geometry":{"type":"Point","coordinates":[-83.767,10.025]},"properties":{"name":"Turrialba","type":"Stratovolcano","country":"Costa Rica","lastEruptionYear":2022,"elevationM":3340}},{"type":"Feature","geometry":{"type":"Point","coordinates":[-82.543,8.808]},"properties":{"name":"Baru","type":"Stratovolcano","country":"Panama","lastEruptionYear":1550,"elevationM":3474}},{"type":"Feature","geometry":{"type":"Point","coordinates":[-75.363,5.203]},"properties":{"name":"Romeral","type":"Stratovolcano","country":"Colombia","lastEruptionYear":-5390,"elevationM":3769}},{"type":"Feature","geometry":{"type":"Point","coordinates":[-75.293,5.091]},"properties":{"name":"Bravo, Cerro","type":"Stratovolcano","country":"Colombia","lastEruptionYear":1720,"elevationM":3985}},{"type":"Feature","geometry":{"type":"Point","coordinates":[-75.365,4.818]},"properties":{"name":"Santa Isabel","type":"Shield","country":"Colombia","lastEruptionYear":-850,"elevationM":4944}},{"type":"Feature","geometry":{"type":"Point","coordinates":[-75.324,4.892]},"properties":{"name":"Ruiz, Nevado del","type":"Stratovolcano","country":"Colombia","lastEruptionYear":2026,"elevationM":5279}},{"type":"Feature","geometry":{"type":"Point","coordinates":[-75.33,4.658]},"properties":{"name":"Tolima, Nevado del","type":"Stratovolcano","country":"Colombia","lastEruptionYear":1943,"elevationM":5215}},{"type":"Feature","geometry":{"type":"Point","coordinates":[-75.389,4.487]},"properties":{"name":"Machin","type":"Stratovolcano","country":"Colombia","lastEruptionYear":1180,"elevationM":2749}},{"type":"Feature","geometry":{"type":"Point","coordinates":[-76.03,2.93]},"properties":{"name":"Huila, Nevado del","type":"Stratovolcano","country":"Colombia","lastEruptionYear":2012,"elevationM":5364}},{"type":"Feature","geometry":{"type":"Point","coordinates":[-76.592,2.108]},"properties":{"name":"Sotara","type":"Stratovolcano","country":"Colombia","lastEruptionYear":null,"elevationM":4400}},{"type":"Feature","geometry":{"type":"Point","coordinates":[-76.3948,2.3095]},"properties":{"name":"Purace","type":"Stratovolcano(es)","country":"Colombia","lastEruptionYear":2026,"elevationM":4650}},{"type":"Feature","geometry":{"type":"Point","coordinates":[-76.936,1.5]},"properties":{"name":"Dona Juana","type":"Stratovolcano","country":"Colombia","lastEruptionYear":1906,"elevationM":4137}},{"type":"Feature","geometry":{"type":"Point","coordinates":[-77.37,1.22]},"properties":{"name":"Galeras","type":"Complex","country":"Colombia","lastEruptionYear":2014,"elevationM":4276}},{"type":"Feature","geometry":{"type":"Point","coordinates":[-77.68,1.08]},"properties":{"name":"Azufral","type":"Stratovolcano","country":"Colombia","lastEruptionYear":-930,"elevationM":4070}},{"type":"Feature","geometry":{"type":"Point","coordinates":[-77.87,0.95]},"properties":{"name":"Cumbal","type":"Stratovolcano","country":"Colombia","lastEruptionYear":1926,"elevationM":4764}},{"type":"Feature","geometry":{"type":"Point","coordinates":[-77.938,0.817]},"properties":{"name":"Chiles-Cerro Negro","type":"Stratovolcano","country":"Colombia-Ecuador","lastEruptionYear":1936,"elevationM":4698}},{"type":"Feature","geometry":{"type":"Point","coordinates":[-77.58,0.552]},"properties":{"name":"Soche","type":"Stratovolcano","country":"Ecuador","lastEruptionYear":-6650,"elevationM":3955}},{"type":"Feature","geometry":{"type":"Point","coordinates":[-78.287,0.468]},"properties":{"name":"Chachimbiro","type":"Stratovolcano","country":"Ecuador","lastEruptionYear":-3740,"elevationM":4106}},{"type":"Feature","geometry":{"type":"Point","coordinates":[-78.364,0.308]},"properties":{"name":"Cuicocha","type":"Caldera","country":"Ecuador","lastEruptionYear":650,"elevationM":3246}},{"type":"Feature","geometry":{"type":"Point","coordinates":[-78.183,0.258]},"properties":{"name":"Imbabura","type":"Compound","country":"Ecuador","lastEruptionYear":-5550,"elevationM":4609}},{"type":"Feature","geometry":{"type":"Point","coordinates":[-78.27,0.13]},"properties":{"name":"Mojanda","type":"Stratovolcano(es)","country":"Ecuador","lastEruptionYear":null,"elevationM":4263}},{"type":"Feature","geometry":{"type":"Point","coordinates":[-77.986,0.029]},"properties":{"name":"Cayambe","type":"Compound","country":"Ecuador","lastEruptionYear":1786,"elevationM":5790}},{"type":"Feature","geometry":{"type":"Point","coordinates":[-78.49,0.0464]},"properties":{"name":"Pululahua","type":"Caldera","country":"Ecuador","lastEruptionYear":290,"elevationM":3360}},{"type":"Feature","geometry":{"type":"Point","coordinates":[-77.656,-0.077]},"properties":{"name":"Reventador","type":"Stratovolcano","country":"Ecuador","lastEruptionYear":2026,"elevationM":3562}},{"type":"Feature","geometry":{"type":"Point","coordinates":[-78.617,-0.353]},"properties":{"name":"Atacazo","type":"Stratovolcano","country":"Ecuador","lastEruptionYear":-320,"elevationM":4463}},{"type":"Feature","geometry":{"type":"Point","coordinates":[-78.25,-0.375]},"properties":{"name":"Chacana","type":"Caldera","country":"Ecuador","lastEruptionYear":1773,"elevationM":4643}},{"type":"Feature","geometry":{"type":"Point","coordinates":[-78.598,-0.171]},"properties":{"name":"Guagua Pichincha","type":"Stratovolcano","country":"Ecuador","lastEruptionYear":2002,"elevationM":4784}},{"type":"Feature","geometry":{"type":"Point","coordinates":[-78,-0.53]},"properties":{"name":"Aliso","type":"Stratovolcano","country":"Ecuador","lastEruptionYear":-2450,"elevationM":4267}},{"type":"Feature","geometry":{"type":"Point","coordinates":[-78.141,-0.481]},"properties":{"name":"Antisana","type":"Stratovolcano","country":"Ecuador","lastEruptionYear":1802,"elevationM":5753}},{"type":"Feature","geometry":{"type":"Point","coordinates":[-78.716,-0.662]},"properties":{"name":"Iliniza","type":"Stratovolcano","country":"Ecuador","lastEruptionYear":null,"elevationM":5162}},{"type":"Feature","geometry":{"type":"Point","coordinates":[-77.626,-0.538]},"properties":{"name":"Sumaco","type":"Stratovolcano","country":"Ecuador","lastEruptionYear":1895,"elevationM":3990}},{"type":"Feature","geometry":{"type":"Point","coordinates":[-78.436,-0.677]},"properties":{"name":"Cotopaxi","type":"Stratovolcano","country":"Ecuador","lastEruptionYear":2023,"elevationM":5911}},{"type":"Feature","geometry":{"type":"Point","coordinates":[-78.9044,-0.8592]},"properties":{"name":"Quilotoa","type":"Caldera","country":"Ecuador","lastEruptionYear":1280,"elevationM":3914}},{"type":"Feature","geometry":{"type":"Point","coordinates":[-78.817,-1.469]},"properties":{"name":"Chimborazo","type":"Stratovolcano","country":"Ecuador","lastEruptionYear":550,"elevationM":6261}},{"type":"Feature","geometry":{"type":"Point","coordinates":[-78.614,-1.786]},"properties":{"name":"Licto","type":"Pyroclastic cone(s)","country":"Ecuador","lastEruptionYear":null,"elevationM":3322}},{"type":"Feature","geometry":{"type":"Point","coordinates":[-78.442,-1.467]},"properties":{"name":"Tungurahua","type":"Stratovolcano","country":"Ecuador","lastEruptionYear":2016,"elevationM":5023}},{"type":"Feature","geometry":{"type":"Point","coordinates":[-78.341,-2.005]},"properties":{"name":"Sangay","type":"Stratovolcano","country":"Ecuador","lastEruptionYear":2026,"elevationM":5286}},{"type":"Feature","geometry":{"type":"Point","coordinates":[-91.546,-0.02]},"properties":{"name":"Ecuador","type":"Shield","country":"Ecuador","lastEruptionYear":1150,"elevationM":790}},{"type":"Feature","geometry":{"type":"Point","coordinates":[-91.55,-0.37]},"properties":{"name":"Fernandina","type":"Shield","country":"Ecuador","lastEruptionYear":2024,"elevationM":1476}},{"type":"Feature","geometry":{"type":"Point","coordinates":[-91.35,0.02]},"properties":{"name":"Wolf","type":"Shield","country":"Ecuador","lastEruptionYear":2022,"elevationM":1710}},{"type":"Feature","geometry":{"type":"Point","coordinates":[-91.28,-0.18]},"properties":{"name":"Darwin","type":"Shield","country":"Ecuador","lastEruptionYear":1813,"elevationM":1330}},{"type":"Feature","geometry":{"type":"Point","coordinates":[-91.12,-0.43]},"properties":{"name":"Alcedo","type":"Shield","country":"Ecuador","lastEruptionYear":1993,"elevationM":1130}},{"type":"Feature","geometry":{"type":"Point","coordinates":[-91.17,-0.83]},"properties":{"name":"Negra, Sierra","type":"Shield","country":"Ecuador","lastEruptionYear":2018,"elevationM":1124}},{"type":"Feature","geometry":{"type":"Point","coordinates":[-91.408,-0.92]},"properties":{"name":"Azul, Cerro","type":"Shield","country":"Ecuador","lastEruptionYear":2008,"elevationM":1640}},{"type":"Feature","geometry":{"type":"Point","coordinates":[-90.7553,0.5858]},"properties":{"name":"Pinta","type":"Shield","country":"Ecuador","lastEruptionYear":null,"elevationM":729}},{"type":"Feature","geometry":{"type":"Point","coordinates":[-89.958,0.32]},"properties":{"name":"Genovesa","type":"Shield","country":"Ecuador","lastEruptionYear":null,"elevationM":64}},{"type":"Feature","geometry":{"type":"Point","coordinates":[-90.47,0.33]},"properties":{"name":"Marchena","type":"Shield","country":"Ecuador","lastEruptionYear":1991,"elevationM":343}},{"type":"Feature","geometry":{"type":"Point","coordinates":[-90.33,-0.62]},"properties":{"name":"Santa Cruz","type":"Shield","country":"Ecuador","lastEruptionYear":null,"elevationM":864}},{"type":"Feature","geometry":{"type":"Point","coordinates":[-90.77,-0.22]},"properties":{"name":"Santiago","type":"Shield","country":"Ecuador","lastEruptionYear":1906,"elevationM":920}},{"type":"Feature","geometry":{"type":"Point","coordinates":[-89.4292,-0.8292]},"properties":{"name":"San Cristobal","type":"Shield","country":"Ecuador","lastEruptionYear":null,"elevationM":707}},{"type":"Feature","geometry":{"type":"Point","coordinates":[-71.363,-14.131]},"properties":{"name":"Quimsachata-Oroscocha","type":"Lava dome","country":"Peru","lastEruptionYear":-4450,"elevationM":3848}},{"type":"Feature","geometry":{"type":"Point","coordinates":[-73.1914,-15.0726]},"properties":{"name":"Auquihuato, Cerro","type":"Pyroclastic cone","country":"Peru","lastEruptionYear":null,"elevationM":5001}},{"type":"Feature","geometry":{"type":"Point","coordinates":[-72.65,-15.52]},"properties":{"name":"Coropuna","type":"Stratovolcano","country":"Peru","lastEruptionYear":null,"elevationM":6377}},{"type":"Feature","geometry":{"type":"Point","coordinates":[-72.33,-15.42]},"properties":{"name":"Andahua-Orcopampa","type":"Volcanic field","country":"Peru","lastEruptionYear":1490,"elevationM":4713}},{"type":"Feature","geometry":{"type":"Point","coordinates":[-72.08,-15.78]},"properties":{"name":"Huambo","type":"Volcanic field","country":"Peru","lastEruptionYear":-700,"elevationM":4554}},{"type":"Feature","geometry":{"type":"Point","coordinates":[-71.857,-15.787]},"properties":{"name":"Sabancaya","type":"Stratovolcano(es)","country":"Peru","lastEruptionYear":2026,"elevationM":5960}},{"type":"Feature","geometry":{"type":"Point","coordinates":[-71.4056,-16.2991]},"properties":{"name":"Misti, El","type":"Stratovolcano","country":"Peru","lastEruptionYear":1985,"elevationM":5793}},{"type":"Feature","geometry":{"type":"Point","coordinates":[-70.8972,-16.345]},"properties":{"name":"Ubinas","type":"Stratovolcano","country":"Peru","lastEruptionYear":2024,"elevationM":5608}},{"type":"Feature","geometry":{"type":"Point","coordinates":[-70.5981,-16.7586]},"properties":{"name":"Ticsani","type":"Lava dome(s)","country":"Peru","lastEruptionYear":1800,"elevationM":5382}},{"type":"Feature","geometry":{"type":"Point","coordinates":[-70.8542,-16.6144]},"properties":{"name":"Huaynaputina","type":"Stratovolcano","country":"Peru","lastEruptionYear":1600,"elevationM":4679}},{"type":"Feature","geometry":{"type":"Point","coordinates":[-70.372,-17.026]},"properties":{"name":"Tutupaca","type":"Stratovolcano(es)","country":"Peru","lastEruptionYear":1802,"elevationM":5801}},{"type":"Feature","geometry":{"type":"Point","coordinates":[-70.196,-17.184]},"properties":{"name":"Yucamane","type":"Stratovolcano(es)","country":"Peru","lastEruptionYear":-1320,"elevationM":5495}},{"type":"Feature","geometry":{"type":"Point","coordinates":[-69.7886,-17.4852]},"properties":{"name":"Casiri, Nevados","type":"Stratovolcano(es)","country":"Peru","lastEruptionYear":null,"elevationM":5626}},{"type":"Feature","geometry":{"type":"Point","coordinates":[-69.5,-18.1]},"properties":{"name":"Taapaca","type":"Complex","country":"Chile","lastEruptionYear":-320,"elevationM":5860}},{"type":"Feature","geometry":{"type":"Point","coordinates":[-69.142,-18.166]},"properties":{"name":"Parinacota","type":"Stratovolcano","country":"Chile-Bolivia","lastEruptionYear":290,"elevationM":6336}},{"type":"Feature","geometry":{"type":"Point","coordinates":[-69.092,-18.42]},"properties":{"name":"Guallatiri","type":"Stratovolcano","country":"Chile","lastEruptionYear":1960,"elevationM":6071}},{"type":"Feature","geometry":{"type":"Point","coordinates":[-68.53,-19.13]},"properties":{"name":"Tata Sabaya","type":"Stratovolcano","country":"Bolivia","lastEruptionYear":null,"elevationM":5430}},{"type":"Feature","geometry":{"type":"Point","coordinates":[-68.83,-19.15]},"properties":{"name":"Isluga","type":"Stratovolcano","country":"Chile","lastEruptionYear":1913,"elevationM":5550}},{"type":"Feature","geometry":{"type":"Point","coordinates":[-68.55,-20.73]},"properties":{"name":"Irruputuncu","type":"Stratovolcano","country":"Chile-Bolivia","lastEruptionYear":1995,"elevationM":5163}},{"type":"Feature","geometry":{"type":"Point","coordinates":[-68.413,-20.939]},"properties":{"name":"Olca-Paruma","type":"Stratovolcano(es)","country":"Chile-Bolivia","lastEruptionYear":null,"elevationM":5705}},{"type":"Feature","geometry":{"type":"Point","coordinates":[-67.891,-22.719]},"properties":{"name":"Sairecabur","type":"Stratovolcano(es)","country":"Chile-Bolivia","lastEruptionYear":null,"elevationM":5961}},{"type":"Feature","geometry":{"type":"Point","coordinates":[-67.88,-22.83]},"properties":{"name":"Licancabur","type":"Stratovolcano","country":"Chile-Bolivia","lastEruptionYear":null,"elevationM":5916}},{"type":"Feature","geometry":{"type":"Point","coordinates":[-67.566,-22.895]},"properties":{"name":"Guayaques","type":"Lava dome(s)","country":"Chile-Bolivia","lastEruptionYear":null,"elevationM":5598}},{"type":"Feature","geometry":{"type":"Point","coordinates":[-67.75,-23]},"properties":{"name":"Purico Complex","type":"Shield(pyroclastic)","country":"Chile","lastEruptionYear":null,"elevationM":5703}},{"type":"Feature","geometry":{"type":"Point","coordinates":[-67.645,-23.236]},"properties":{"name":"Colachi","type":"Stratovolcano","country":"Chile","lastEruptionYear":null,"elevationM":5631}},{"type":"Feature","geometry":{"type":"Point","coordinates":[-67.618,-23.292]},"properties":{"name":"Acamarachi","type":"Stratovolcano","country":"Chile","lastEruptionYear":null,"elevationM":6023}},{"type":"Feature","geometry":{"type":"Point","coordinates":[-67.7,-23.58]},"properties":{"name":"Chiliques","type":"Stratovolcano","country":"Chile","lastEruptionYear":null,"elevationM":5778}},{"type":"Feature","geometry":{"type":"Point","coordinates":[-67.853,-22.557]},"properties":{"name":"Putana","type":"Stratovolcano","country":"Chile","lastEruptionYear":1810,"elevationM":5884}},{"type":"Feature","geometry":{"type":"Point","coordinates":[-67.534,-23.743]},"properties":{"name":"Cordon de Puntas Negras","type":"Stratovolcano(es)","country":"Chile","lastEruptionYear":null,"elevationM":5852}},{"type":"Feature","geometry":{"type":"Point","coordinates":[-67.77,-23.82]},"properties":{"name":"Miniques","type":"Stratovolcano(es)","country":"Chile","lastEruptionYear":null,"elevationM":5910}},{"type":"Feature","geometry":{"type":"Point","coordinates":[-67.95,-23.83]},"properties":{"name":"Tujle, Cerro","type":"Maar","country":"Chile","lastEruptionYear":null,"elevationM":3550}},{"type":"Feature","geometry":{"type":"Point","coordinates":[-67.74,-23.949]},"properties":{"name":"Caichinque","type":"Stratovolcano(es)","country":"Chile","lastEruptionYear":null,"elevationM":4458}},{"type":"Feature","geometry":{"type":"Point","coordinates":[-68.13,-23.97]},"properties":{"name":"Tilocalar","type":"Lava cone(es)","country":"Chile","lastEruptionYear":null,"elevationM":3109}},{"type":"Feature","geometry":{"type":"Point","coordinates":[-68.054,-24.188]},"properties":{"name":"Pular","type":"Stratovolcano(es)","country":"Chile","lastEruptionYear":null,"elevationM":6233}},{"type":"Feature","geometry":{"type":"Point","coordinates":[-68.59,-24.319]},"properties":{"name":"Negrillar, La","type":"Pyroclastic cone(s)","country":"Chile","lastEruptionYear":null,"elevationM":4220}},{"type":"Feature","geometry":{"type":"Point","coordinates":[-68.246,-24.396]},"properties":{"name":"Socompa","type":"Stratovolcano","country":"Chile-Argentina","lastEruptionYear":-5250,"elevationM":6031}},{"type":"Feature","geometry":{"type":"Point","coordinates":[-67.73,-23.37]},"properties":{"name":"Lascar","type":"Stratovolcano(es)","country":"Chile","lastEruptionYear":2026,"elevationM":5592}},{"type":"Feature","geometry":{"type":"Point","coordinates":[-68.367,-25.083]},"properties":{"name":"Corrida de Cori Volcanic Field","type":"Stratovolcano","country":"Chile-Argentina","lastEruptionYear":null,"elevationM":5451}},{"type":"Feature","geometry":{"type":"Point","coordinates":[-68.53,-24.72]},"properties":{"name":"Llullaillaco","type":"Stratovolcano","country":"Chile-Argentina","lastEruptionYear":1877,"elevationM":6739}},{"type":"Feature","geometry":{"type":"Point","coordinates":[-68.521,-25.336]},"properties":{"name":"Cordon del Azufre","type":"Complex","country":"Chile-Argentina","lastEruptionYear":null,"elevationM":5481}},{"type":"Feature","geometry":{"type":"Point","coordinates":[-68.588,-25.414]},"properties":{"name":"Bayo Gorbea, Cerro","type":"Complex","country":"Chile-Argentina","lastEruptionYear":null,"elevationM":5413}},{"type":"Feature","geometry":{"type":"Point","coordinates":[-68.58,-26.48]},"properties":{"name":"Nevada, Sierra","type":"Complex","country":"Chile-Argentina","lastEruptionYear":null,"elevationM":6173}},{"type":"Feature","geometry":{"type":"Point","coordinates":[-68.37,-26.8]},"properties":{"name":"Falso Azufre","type":"Complex","country":"Chile-Argentina","lastEruptionYear":null,"elevationM":5906}},{"type":"Feature","geometry":{"type":"Point","coordinates":[-68.296,-27.033]},"properties":{"name":"Incahuasi, Nevado de","type":"Stratovolcano(es)","country":"Chile-Argentina","lastEruptionYear":null,"elevationM":6638}},{"type":"Feature","geometry":{"type":"Point","coordinates":[-68.507,-25.168]},"properties":{"name":"Lastarria","type":"Stratovolcano","country":"Chile-Argentina","lastEruptionYear":null,"elevationM":5706}},{"type":"Feature","geometry":{"type":"Point","coordinates":[-68.713,-27.105]},"properties":{"name":"Solo, El","type":"Stratovolcano","country":"Chile-Argentina","lastEruptionYear":null,"elevationM":6205}},{"type":"Feature","geometry":{"type":"Point","coordinates":[-68.541,-27.109]},"properties":{"name":"Ojos del Salado, Nevados","type":"Stratovolcano","country":"Chile-Argentina","lastEruptionYear":750,"elevationM":6879}},{"type":"Feature","geometry":{"type":"Point","coordinates":[-67.783,-24.29]},"properties":{"name":"Aracar","type":"Stratovolcano","country":"Argentina","lastEruptionYear":null,"elevationM":6095}},{"type":"Feature","geometry":{"type":"Point","coordinates":[-68.266,-25.078]},"properties":{"name":"Central Andean Arc at 25.1\u00b0S","type":"Pyroclastic cone","country":"Argentina","lastEruptionYear":null,"elevationM":4652}},{"type":"Feature","geometry":{"type":"Point","coordinates":[-68.361,-26.632]},"properties":{"name":"Condor, El","type":"Stratovolcano","country":"Argentina","lastEruptionYear":null,"elevationM":6373}},{"type":"Feature","geometry":{"type":"Point","coordinates":[-68.116,-26.623]},"properties":{"name":"Peinado","type":"Stratovolcano","country":"Argentina","lastEruptionYear":null,"elevationM":5741}},{"type":"Feature","geometry":{"type":"Point","coordinates":[-67.746,-26.7657]},"properties":{"name":"Blanco, Cerro","type":"Caldera","country":"Argentina","lastEruptionYear":-2300,"elevationM":4670}},{"type":"Feature","geometry":{"type":"Point","coordinates":[-68.561,-27.196]},"properties":{"name":"Tipas","type":"Complex","country":"Argentina","lastEruptionYear":null,"elevationM":6658}},{"type":"Feature","geometry":{"type":"Point","coordinates":[-109.356,-27.114]},"properties":{"name":"Rapa Nui","type":"Shield(s)","country":"Chile","lastEruptionYear":null,"elevationM":501}},{"type":"Feature","geometry":{"type":"Point","coordinates":[-69.797,-33.425]},"properties":{"name":"Tupungatito","type":"Stratovolcano","country":"Chile-Argentina","lastEruptionYear":1987,"elevationM":5660}},{"type":"Feature","geometry":{"type":"Point","coordinates":[-69.832,-34.164]},"properties":{"name":"Maipo","type":"Caldera","country":"Chile-Argentina","lastEruptionYear":1912,"elevationM":5323}},{"type":"Feature","geometry":{"type":"Point","coordinates":[-70.295,-34.608]},"properties":{"name":"Palomo","type":"Stratovolcano","country":"Chile","lastEruptionYear":null,"elevationM":4860}},{"type":"Feature","geometry":{"type":"Point","coordinates":[-69.921,-34.592]},"properties":{"name":"Atuel, Caldera del","type":"Caldera","country":"Argentina","lastEruptionYear":null,"elevationM":5189}},{"type":"Feature","geometry":{"type":"Point","coordinates":[-69.981,-34.917]},"properties":{"name":"Risco Plateado","type":"Stratovolcano","country":"Argentina","lastEruptionYear":null,"elevationM":4999}},{"type":"Feature","geometry":{"type":"Point","coordinates":[-69.895,-33.789]},"properties":{"name":"San Jose","type":"Stratovolcano(es)","country":"Chile-Argentina","lastEruptionYear":1960,"elevationM":6070}},{"type":"Feature","geometry":{"type":"Point","coordinates":[-70.352,-34.814]},"properties":{"name":"Tinguiririca","type":"Stratovolcano","country":"Chile","lastEruptionYear":1917,"elevationM":4280}},{"type":"Feature","geometry":{"type":"Point","coordinates":[-69.9,-35.123]},"properties":{"name":"Infiernillo","type":"Volcanic field","country":"Argentina","lastEruptionYear":-6890,"elevationM":3007}},{"type":"Feature","geometry":{"type":"Point","coordinates":[-70.496,-35.558]},"properties":{"name":"Calabozos","type":"Caldera","country":"Chile","lastEruptionYear":null,"elevationM":3508}},{"type":"Feature","geometry":{"type":"Point","coordinates":[-70.568,-35.223]},"properties":{"name":"Planchon-Peteroa","type":"Stratovolcano(es)","country":"Chile","lastEruptionYear":2025,"elevationM":3977}},{"type":"Feature","geometry":{"type":"Point","coordinates":[-70.75,-35.58]},"properties":{"name":"Descabezado Grande","type":"Stratovolcano(es)","country":"Chile","lastEruptionYear":1933,"elevationM":3953}},{"type":"Feature","geometry":{"type":"Point","coordinates":[-70.492,-36.058]},"properties":{"name":"Maule, Laguna del","type":"Caldera","country":"Chile","lastEruptionYear":-50,"elevationM":2162}},{"type":"Feature","geometry":{"type":"Point","coordinates":[-70.849,-35.989]},"properties":{"name":"San Pedro-Pellado","type":"Stratovolcano(es)","country":"Chile","lastEruptionYear":null,"elevationM":3621}},{"type":"Feature","geometry":{"type":"Point","coordinates":[-71.1641,-36.1959]},"properties":{"name":"Longavi, Nevado de","type":"Stratovolcano","country":"Chile","lastEruptionYear":-4890,"elevationM":3175}},{"type":"Feature","geometry":{"type":"Point","coordinates":[-71.009,-36.286]},"properties":{"name":"Blancas, Lomas","type":"Stratovolcano","country":"Chile","lastEruptionYear":null,"elevationM":2268}},{"type":"Feature","geometry":{"type":"Point","coordinates":[-70.9033,-36.4606]},"properties":{"name":"Resago, Volcan","type":"Pyroclastic cone","country":"Chile","lastEruptionYear":null,"elevationM":1890}},{"type":"Feature","geometry":{"type":"Point","coordinates":[-69.241,-36.422]},"properties":{"name":"Payun Matru","type":"Volcanic field","country":"Argentina","lastEruptionYear":-5050,"elevationM":3715}},{"type":"Feature","geometry":{"type":"Point","coordinates":[-70.761,-35.653]},"properties":{"name":"Azul, Cerro","type":"Stratovolcano","country":"Chile","lastEruptionYear":1967,"elevationM":3788}},{"type":"Feature","geometry":{"type":"Point","coordinates":[-70.033,-37.144]},"properties":{"name":"Tromen Volcanic Plateau","type":"Stratovolcano(es)","country":"Argentina","lastEruptionYear":1822,"elevationM":4114}},{"type":"Feature","geometry":{"type":"Point","coordinates":[-71.378,-36.868]},"properties":{"name":"Chillan, Nevados de","type":"Stratovolcano","country":"Chile","lastEruptionYear":2022,"elevationM":3180}},{"type":"Feature","geometry":{"type":"Point","coordinates":[-71.349,-37.406]},"properties":{"name":"Antuco","type":"Stratovolcano","country":"Chile","lastEruptionYear":1869,"elevationM":2979}},{"type":"Feature","geometry":{"type":"Point","coordinates":[-71.4464,-37.9276]},"properties":{"name":"Callaqui","type":"Stratovolcano","country":"Chile","lastEruptionYear":1980,"elevationM":3099}},{"type":"Feature","geometry":{"type":"Point","coordinates":[-71.645,-38.31]},"properties":{"name":"Tolhuaca","type":"Stratovolcano","country":"Chile","lastEruptionYear":-4000,"elevationM":2739}},{"type":"Feature","geometry":{"type":"Point","coordinates":[-71.183,-37.856]},"properties":{"name":"Copahue","type":"Stratovolcano","country":"Chile-Argentina","lastEruptionYear":2024,"elevationM":2953}},{"type":"Feature","geometry":{"type":"Point","coordinates":[-70.37,-39.02]},"properties":{"name":"Blanca, Laguna","type":"Volcanic field","country":"Argentina","lastEruptionYear":null,"elevationM":1700}},{"type":"Feature","geometry":{"type":"Point","coordinates":[-71.586,-38.379]},"properties":{"name":"Lonquimay","type":"Stratovolcano","country":"Chile","lastEruptionYear":1990,"elevationM":2832}},{"type":"Feature","geometry":{"type":"Point","coordinates":[-71.52,-38.97]},"properties":{"name":"Sollipulli","type":"Caldera","country":"Chile","lastEruptionYear":1240,"elevationM":2282}},{"type":"Feature","geometry":{"type":"Point","coordinates":[-71.75,-39.25]},"properties":{"name":"Caburgua-Huelemolle","type":"Volcanic field","country":"Chile","lastEruptionYear":-5050,"elevationM":1652}},{"type":"Feature","geometry":{"type":"Point","coordinates":[-71.729,-38.692]},"properties":{"name":"Llaima","type":"Stratovolcano","country":"Chile","lastEruptionYear":2009,"elevationM":3125}},{"type":"Feature","geometry":{"type":"Point","coordinates":[-71.722,-39.496]},"properties":{"name":"Quetrupillan","type":"Stratovolcano","country":"Chile","lastEruptionYear":255,"elevationM":2360}},{"type":"Feature","geometry":{"type":"Point","coordinates":[-71.502,-39.637]},"properties":{"name":"Lanin","type":"Stratovolcano","country":"Chile-Argentina","lastEruptionYear":560,"elevationM":3776}},{"type":"Feature","geometry":{"type":"Point","coordinates":[-71.58,-39.887]},"properties":{"name":"Huanquihue Group","type":"Stratovolcano(es)","country":"Argentina","lastEruptionYear":1750,"elevationM":2189}},{"type":"Feature","geometry":{"type":"Point","coordinates":[-71.93,-39.42]},"properties":{"name":"Villarrica","type":"Stratovolcano","country":"Chile","lastEruptionYear":2025,"elevationM":2847}},{"type":"Feature","geometry":{"type":"Point","coordinates":[-72.027,-39.927]},"properties":{"name":"Mocho-Choshuenco","type":"Stratovolcano(es)","country":"Chile","lastEruptionYear":1937,"elevationM":2422}},{"type":"Feature","geometry":{"type":"Point","coordinates":[-72.07,-40.35]},"properties":{"name":"Carran-Los Venados","type":"Pyroclastic cone(s)","country":"Chile","lastEruptionYear":1979,"elevationM":1114}},{"type":"Feature","geometry":{"type":"Point","coordinates":[-72.15,-40.783]},"properties":{"name":"Antillanca Volcanic Complex","type":"Stratovolcano(es)","country":"Chile","lastEruptionYear":-230,"elevationM":1979}},{"type":"Feature","geometry":{"type":"Point","coordinates":[-72.117,-40.59]},"properties":{"name":"Puyehue-Cordon Caulle","type":"Stratovolcano","country":"Chile","lastEruptionYear":2012,"elevationM":2236}},{"type":"Feature","geometry":{"type":"Point","coordinates":[-72.264,-40.969]},"properties":{"name":"Puntiagudo-Cordon Cenizos","type":"Stratovolcano","country":"Chile","lastEruptionYear":1850,"elevationM":2493}},{"type":"Feature","geometry":{"type":"Point","coordinates":[-71.885,-41.157]},"properties":{"name":"Tronador","type":"Stratovolcano","country":"Chile-Argentina","lastEruptionYear":null,"elevationM":3478}},{"type":"Feature","geometry":{"type":"Point","coordinates":[-72.27,-41.3]},"properties":{"name":"Cayutue-La Vigueria","type":"Volcanic field","country":"Chile","lastEruptionYear":-190,"elevationM":506}},{"type":"Feature","geometry":{"type":"Point","coordinates":[-72.496,-41.105]},"properties":{"name":"Osorno","type":"Stratovolcano","country":"Chile","lastEruptionYear":1869,"elevationM":2659}},{"type":"Feature","geometry":{"type":"Point","coordinates":[-72.396,-41.755]},"properties":{"name":"Yate","type":"Stratovolcano","country":"Chile","lastEruptionYear":1090,"elevationM":2187}},{"type":"Feature","geometry":{"type":"Point","coordinates":[-72.431,-41.874]},"properties":{"name":"Hornopiren","type":"Stratovolcano","country":"Chile","lastEruptionYear":340,"elevationM":1572}},{"type":"Feature","geometry":{"type":"Point","coordinates":[-72.58,-41.88]},"properties":{"name":"Apagado","type":"Pyroclastic cone","country":"Chile","lastEruptionYear":-590,"elevationM":1210}},{"type":"Feature","geometry":{"type":"Point","coordinates":[-70.194,-42.018]},"properties":{"name":"Crater Basalt Volcanic Field","type":"Volcanic field","country":"Argentina","lastEruptionYear":null,"elevationM":1344}},{"type":"Feature","geometry":{"type":"Point","coordinates":[-72.618,-41.33]},"properties":{"name":"Calbuco","type":"Stratovolcano","country":"Chile","lastEruptionYear":2015,"elevationM":1974}},{"type":"Feature","geometry":{"type":"Point","coordinates":[-72.578,-42.377]},"properties":{"name":"Huequi","type":"Lava dome(s)","country":"Chile","lastEruptionYear":1920,"elevationM":1318}},{"type":"Feature","geometry":{"type":"Point","coordinates":[-72.6514,-42.8349]},"properties":{"name":"Chaiten","type":"Caldera","country":"Chile","lastEruptionYear":2011,"elevationM":1122}},{"type":"Feature","geometry":{"type":"Point","coordinates":[-72.445,-42.799]},"properties":{"name":"Michinmahuida","type":"Stratovolcano","country":"Chile","lastEruptionYear":1835,"elevationM":2452}},{"type":"Feature","geometry":{"type":"Point","coordinates":[-72.782,-43.469]},"properties":{"name":"Yanteles","type":"Stratovolcano(es)","country":"Chile","lastEruptionYear":-6650,"elevationM":1790}},{"type":"Feature","geometry":{"type":"Point","coordinates":[-72.88,-44.08]},"properties":{"name":"Melimoyu","type":"Stratovolcano","country":"Chile","lastEruptionYear":200,"elevationM":2400}},{"type":"Feature","geometry":{"type":"Point","coordinates":[-72.53,-44.3]},"properties":{"name":"Puyuhuapi","type":"Pyroclastic cone(s)","country":"Chile","lastEruptionYear":null,"elevationM":524}},{"type":"Feature","geometry":{"type":"Point","coordinates":[-73.0767,-44.6931]},"properties":{"name":"Mentolat","type":"Stratovolcano","country":"Chile","lastEruptionYear":1710,"elevationM":1603}},{"type":"Feature","geometry":{"type":"Point","coordinates":[-72.984,-45.059]},"properties":{"name":"Cay","type":"Stratovolcano","country":"Chile","lastEruptionYear":null,"elevationM":2090}},{"type":"Feature","geometry":{"type":"Point","coordinates":[-73.17,-45.1]},"properties":{"name":"Maca","type":"Stratovolcano","country":"Chile","lastEruptionYear":1560,"elevationM":2960}},{"type":"Feature","geometry":{"type":"Point","coordinates":[-72.97,-45.9]},"properties":{"name":"Hudson, Cerro","type":"Stratovolcano","country":"Chile","lastEruptionYear":2011,"elevationM":1905}},{"type":"Feature","geometry":{"type":"Point","coordinates":[-72.794,-43.189]},"properties":{"name":"Corcovado","type":"Stratovolcano","country":"Chile","lastEruptionYear":-4920,"elevationM":1826}},{"type":"Feature","geometry":{"type":"Point","coordinates":[-73.75,-50.33]},"properties":{"name":"Aguilera","type":"Stratovolcano","country":"Chile","lastEruptionYear":-1253,"elevationM":2546}},{"type":"Feature","geometry":{"type":"Point","coordinates":[-73.5802,-50.9395]},"properties":{"name":"Reclus","type":"Pyroclastic cone","country":"Chile","lastEruptionYear":1908,"elevationM":1403}},{"type":"Feature","geometry":{"type":"Point","coordinates":[-73.504,-49.019]},"properties":{"name":"Lautaro","type":"Stratovolcano","country":"Chile","lastEruptionYear":1979,"elevationM":3542}},{"type":"Feature","geometry":{"type":"Point","coordinates":[-73.4,-52.33]},"properties":{"name":"Burney, Monte","type":"Stratovolcano","country":"Chile","lastEruptionYear":1910,"elevationM":1758}},{"type":"Feature","geometry":{"type":"Point","coordinates":[-69.698,-52.082]},"properties":{"name":"Pali-Aike Volcanic Field","type":"Volcanic field","country":"Chile-Argentina","lastEruptionYear":-5550,"elevationM":282}},{"type":"Feature","geometry":{"type":"Point","coordinates":[-70.262,-54.97]},"properties":{"name":"Fueguino","type":"Lava dome(s)","country":"Chile","lastEruptionYear":1820,"elevationM":157}},{"type":"Feature","geometry":{"type":"Point","coordinates":[-63.23,17.63]},"properties":{"name":"Saba","type":"Stratovolcano","country":"Netherlands","lastEruptionYear":1640,"elevationM":887}},{"type":"Feature","geometry":{"type":"Point","coordinates":[-62.96,17.478]},"properties":{"name":"Quill, The","type":"Stratovolcano","country":"Netherlands","lastEruptionYear":250,"elevationM":601}},{"type":"Feature","geometry":{"type":"Point","coordinates":[-62.8,17.37]},"properties":{"name":"Liamuiga","type":"Stratovolcano","country":"Saint Kitts and Nevis","lastEruptionYear":160,"elevationM":1156}},{"type":"Feature","geometry":{"type":"Point","coordinates":[-62.58,17.15]},"properties":{"name":"Nevis Peak","type":"Stratovolcano","country":"Saint Kitts and Nevis","lastEruptionYear":null,"elevationM":985}},{"type":"Feature","geometry":{"type":"Point","coordinates":[-62.18,16.72]},"properties":{"name":"Soufriere Hills","type":"Stratovolcano","country":"United Kingdom","lastEruptionYear":2013,"elevationM":915}},{"type":"Feature","geometry":{"type":"Point","coordinates":[-61.664,16.044]},"properties":{"name":"Soufriere Guadeloupe","type":"Stratovolcano","country":"France","lastEruptionYear":1977,"elevationM":1467}},{"type":"Feature","geometry":{"type":"Point","coordinates":[-61.43,15.612]},"properties":{"name":"Diables, Morne aux","type":"Lava dome(s)","country":"Dominica","lastEruptionYear":null,"elevationM":861}},{"type":"Feature","geometry":{"type":"Point","coordinates":[-61.397,15.503]},"properties":{"name":"Diablotins, Morne","type":"Stratovolcano","country":"Dominica","lastEruptionYear":null,"elevationM":1430}},{"type":"Feature","geometry":{"type":"Point","coordinates":[-61.305,15.307]},"properties":{"name":"Watt, Morne","type":"Stratovolcano(es)","country":"Dominica","lastEruptionYear":1997,"elevationM":1224}},{"type":"Feature","geometry":{"type":"Point","coordinates":[-61.33,15.37]},"properties":{"name":"Trois Pitons, Morne","type":"Complex","country":"Dominica","lastEruptionYear":920,"elevationM":1387}},{"type":"Feature","geometry":{"type":"Point","coordinates":[-61.341,15.255]},"properties":{"name":"Plat Pays, Morne","type":"Stratovolcano","country":"Dominica","lastEruptionYear":1270,"elevationM":940}},{"type":"Feature","geometry":{"type":"Point","coordinates":[-61.166,14.809]},"properties":{"name":"Pelee","type":"Stratovolcano","country":"France","lastEruptionYear":1932,"elevationM":1372}},{"type":"Feature","geometry":{"type":"Point","coordinates":[-61.05,13.83]},"properties":{"name":"Qualibou","type":"Caldera","country":"Saint Lucia","lastEruptionYear":1766,"elevationM":777}},{"type":"Feature","geometry":{"type":"Point","coordinates":[-61.18,13.33]},"properties":{"name":"Soufriere St. Vincent","type":"Stratovolcano","country":"Saint Vincent and the Grenadines","lastEruptionYear":2021,"elevationM":1220}},{"type":"Feature","geometry":{"type":"Point","coordinates":[-61.64,12.3]},"properties":{"name":"Kick 'em Jenny","type":"Complex","country":"Grenada","lastEruptionYear":2017,"elevationM":-185}},{"type":"Feature","geometry":{"type":"Point","coordinates":[-61.67,12.15]},"properties":{"name":"St. Catherine","type":"Stratovolcano","country":"Grenada","lastEruptionYear":null,"elevationM":840}},{"type":"Feature","geometry":{"type":"Point","coordinates":[-23.783,64.8]},"properties":{"name":"Snaefellsjokull","type":"Stratovolcano","country":"Iceland","lastEruptionYear":200,"elevationM":1446}},{"type":"Feature","geometry":{"type":"Point","coordinates":[-23.283,64.866]},"properties":{"name":"Helgrindur","type":"Volcanic field","country":"Iceland","lastEruptionYear":null,"elevationM":986}},{"type":"Feature","geometry":{"type":"Point","coordinates":[-22.483,64.9]},"properties":{"name":"Ljosufjoll","type":"Volcanic field","country":"Iceland","lastEruptionYear":960,"elevationM":1063}},{"type":"Feature","geometry":{"type":"Point","coordinates":[-22.717,63.817]},"properties":{"name":"Reykjanes","type":"Crater rows","country":"Iceland","lastEruptionYear":2025,"elevationM":140}},{"type":"Feature","geometry":{"type":"Point","coordinates":[-22.067,63.917]},"properties":{"name":"Krysuvik-Trolladyngja","type":"Crater rows","country":"Iceland","lastEruptionYear":1340,"elevationM":360}},{"type":"Feature","geometry":{"type":"Point","coordinates":[-21.783,63.933]},"properties":{"name":"Brennisteinsfjoll","type":"Crater rows","country":"Iceland","lastEruptionYear":1341,"elevationM":610}},{"type":"Feature","geometry":{"type":"Point","coordinates":[-21.333,64.083]},"properties":{"name":"Hromundartindur","type":"Stratovolcano","country":"Iceland","lastEruptionYear":null,"elevationM":550}},{"type":"Feature","geometry":{"type":"Point","coordinates":[-21.416,64.083]},"properties":{"name":"Hengill","type":"Crater rows","country":"Iceland","lastEruptionYear":150,"elevationM":803}},{"type":"Feature","geometry":{"type":"Point","coordinates":[-20.883,64.05]},"properties":{"name":"Grimsnes","type":"Volcanic field","country":"Iceland","lastEruptionYear":-3500,"elevationM":200}},{"type":"Feature","geometry":{"type":"Point","coordinates":[-20.666,64.583]},"properties":{"name":"Prestahnukur","type":"Fissure vent(s)","country":"Iceland","lastEruptionYear":-3350,"elevationM":1385}},{"type":"Feature","geometry":{"type":"Point","coordinates":[-19.7,64.85]},"properties":{"name":"Oddnyjarhnjukur-Langjokull","type":"Fissure vent(s)","country":"Iceland","lastEruptionYear":950,"elevationM":1100}},{"type":"Feature","geometry":{"type":"Point","coordinates":[-18.766,64.833]},"properties":{"name":"Hofsjokull","type":"Fissure vent(s)","country":"Iceland","lastEruptionYear":null,"elevationM":1765}},{"type":"Feature","geometry":{"type":"Point","coordinates":[-20.266,63.416]},"properties":{"name":"Vestmannaeyjar","type":"Fissure vent(s)","country":"Iceland","lastEruptionYear":1973,"elevationM":283}},{"type":"Feature","geometry":{"type":"Point","coordinates":[-19.633,63.633]},"properties":{"name":"Eyjafjallajokull","type":"Stratovolcano","country":"Iceland","lastEruptionYear":2010,"elevationM":1651}},{"type":"Feature","geometry":{"type":"Point","coordinates":[-19.083,63.633]},"properties":{"name":"Katla","type":"Fissure vent(s)","country":"Iceland","lastEruptionYear":1918,"elevationM":1490}},{"type":"Feature","geometry":{"type":"Point","coordinates":[-19.716,63.783]},"properties":{"name":"Tindfjallajokull","type":"Stratovolcano","country":"Iceland","lastEruptionYear":null,"elevationM":1464}},{"type":"Feature","geometry":{"type":"Point","coordinates":[-19.122,63.892]},"properties":{"name":"Torfajokull","type":"Stratovolcano","country":"Iceland","lastEruptionYear":1477,"elevationM":1280}},{"type":"Feature","geometry":{"type":"Point","coordinates":[-19.666,63.983]},"properties":{"name":"Hekla","type":"Stratovolcano","country":"Iceland","lastEruptionYear":2000,"elevationM":1490}},{"type":"Feature","geometry":{"type":"Point","coordinates":[-17.316,64.416]},"properties":{"name":"Grimsvotn","type":"Caldera","country":"Iceland","lastEruptionYear":2011,"elevationM":1719}},{"type":"Feature","geometry":{"type":"Point","coordinates":[-17.516,64.633]},"properties":{"name":"Bardarbunga","type":"Stratovolcano","country":"Iceland","lastEruptionYear":2015,"elevationM":2000}},{"type":"Feature","geometry":{"type":"Point","coordinates":[-17.916,64.75]},"properties":{"name":"Tungnafellsjokull","type":"Stratovolcano","country":"Iceland","lastEruptionYear":null,"elevationM":1523}},{"type":"Feature","geometry":{"type":"Point","coordinates":[-16.647,64.653]},"properties":{"name":"Kverkfjoll","type":"Stratovolcano","country":"Iceland","lastEruptionYear":1968,"elevationM":1930}},{"type":"Feature","geometry":{"type":"Point","coordinates":[-16.783,65.033]},"properties":{"name":"Askja","type":"Stratovolcano","country":"Iceland","lastEruptionYear":1961,"elevationM":1080}},{"type":"Feature","geometry":{"type":"Point","coordinates":[-16.666,65.416]},"properties":{"name":"Fremrinamar","type":"Stratovolcano","country":"Iceland","lastEruptionYear":-1200,"elevationM":970}},{"type":"Feature","geometry":{"type":"Point","coordinates":[-16.728,65.715]},"properties":{"name":"Krafla","type":"Caldera","country":"Iceland","lastEruptionYear":1984,"elevationM":800}},{"type":"Feature","geometry":{"type":"Point","coordinates":[-16.967,65.883]},"properties":{"name":"Theistareykir","type":"Shield","country":"Iceland","lastEruptionYear":-900,"elevationM":563}},{"type":"Feature","geometry":{"type":"Point","coordinates":[-17.118,66.309]},"properties":{"name":"Tjornes Fracture Zone","type":"Fissure vent","country":"Iceland","lastEruptionYear":1868,"elevationM":-75}},{"type":"Feature","geometry":{"type":"Point","coordinates":[-16.65,64]},"properties":{"name":"Oraefajokull","type":"Stratovolcano","country":"Iceland","lastEruptionYear":1728,"elevationM":2010}},{"type":"Feature","geometry":{"type":"Point","coordinates":[-16.583,64.25]},"properties":{"name":"Esjufjoll","type":"Stratovolcano","country":"Iceland","lastEruptionYear":null,"elevationM":1620}},{"type":"Feature","geometry":{"type":"Point","coordinates":[-15.56,64.798]},"properties":{"name":"Snaefell","type":"Stratovolcano","country":"Iceland","lastEruptionYear":null,"elevationM":1833}},{"type":"Feature","geometry":{"type":"Point","coordinates":[-18.5,66.67]},"properties":{"name":"Kolbeinsey Ridge","type":"Fissure vent","country":"Iceland","lastEruptionYear":1755,"elevationM":5}},{"type":"Feature","geometry":{"type":"Point","coordinates":[-8.155,71.082]},"properties":{"name":"Jan Mayen","type":"Stratovolcano","country":"Norway","lastEruptionYear":1985,"elevationM":2197}},{"type":"Feature","geometry":{"type":"Point","coordinates":[85.25,85.608]},"properties":{"name":"East Gakkel Ridge at 85\u00b0E","type":"Fissure vent","country":"Undersea Features","lastEruptionYear":1999,"elevationM":-3800}},{"type":"Feature","geometry":{"type":"Point","coordinates":[-38.08,38.75]},"properties":{"name":"Pico Fracture Zone","type":"Fissure vent","country":"Undersea Features","lastEruptionYear":1865,"elevationM":-4200}},{"type":"Feature","geometry":{"type":"Point","coordinates":[-31.216,39.462]},"properties":{"name":"Flores","type":"Stratovolcano(es)","country":"Portugal","lastEruptionYear":-950,"elevationM":914}},{"type":"Feature","geometry":{"type":"Point","coordinates":[-28.713,38.576]},"properties":{"name":"Fayal","type":"Stratovolcano","country":"Portugal","lastEruptionYear":1958,"elevationM":1041}},{"type":"Feature","geometry":{"type":"Point","coordinates":[-28.4,38.47]},"properties":{"name":"Pico","type":"Stratovolcano","country":"Portugal","lastEruptionYear":1720,"elevationM":2351}},{"type":"Feature","geometry":{"type":"Point","coordinates":[-28.08,38.65]},"properties":{"name":"Sao Jorge","type":"Fissure vent","country":"Portugal","lastEruptionYear":1902,"elevationM":1053}},{"type":"Feature","geometry":{"type":"Point","coordinates":[-27.97,39.02]},"properties":{"name":"Graciosa","type":"Stratovolcano","country":"Portugal","lastEruptionYear":-1950,"elevationM":402}},{"type":"Feature","geometry":{"type":"Point","coordinates":[-27.32,38.73]},"properties":{"name":"Terceira","type":"Stratovolcano(es)","country":"Portugal","lastEruptionYear":2000,"elevationM":1023}},{"type":"Feature","geometry":{"type":"Point","coordinates":[-26.63,38.23]},"properties":{"name":"Don Joao de Castro Bank","type":"Shield","country":"Portugal","lastEruptionYear":1720,"elevationM":-13}},{"type":"Feature","geometry":{"type":"Point","coordinates":[-25.67,37.78]},"properties":{"name":"Picos Fissural Volcanic System","type":"Fissure vent","country":"Portugal","lastEruptionYear":1652,"elevationM":350}},{"type":"Feature","geometry":{"type":"Point","coordinates":[-25.785,37.865]},"properties":{"name":"Sete Cidades","type":"Stratovolcano","country":"Portugal","lastEruptionYear":1880,"elevationM":842}},{"type":"Feature","geometry":{"type":"Point","coordinates":[-25.47,37.77]},"properties":{"name":"Agua de Pau","type":"Stratovolcano","country":"Portugal","lastEruptionYear":1564,"elevationM":947}},{"type":"Feature","geometry":{"type":"Point","coordinates":[-25.32,37.77]},"properties":{"name":"Furnas","type":"Stratovolcano","country":"Portugal","lastEruptionYear":1630,"elevationM":805}},{"type":"Feature","geometry":{"type":"Point","coordinates":[-25.88,37.6]},"properties":{"name":"Monaco Bank","type":"Fissure vent","country":"Portugal","lastEruptionYear":1911,"elevationM":-197}},{"type":"Feature","geometry":{"type":"Point","coordinates":[-16.97,32.73]},"properties":{"name":"Madeira","type":"Shield","country":"Portugal","lastEruptionYear":-4500,"elevationM":1862}},{"type":"Feature","geometry":{"type":"Point","coordinates":[-17.83,28.57]},"properties":{"name":"La Palma","type":"Stratovolcano(es)","country":"Spain","lastEruptionYear":2021,"elevationM":2426}},{"type":"Feature","geometry":{"type":"Point","coordinates":[-18.03,27.73]},"properties":{"name":"Hierro","type":"Shield","country":"Spain","lastEruptionYear":2012,"elevationM":1500}},{"type":"Feature","geometry":{"type":"Point","coordinates":[-16.641,28.271]},"properties":{"name":"Tenerife","type":"Stratovolcano","country":"Spain","lastEruptionYear":1909,"elevationM":3715}},{"type":"Feature","geometry":{"type":"Point","coordinates":[-15.58,28]},"properties":{"name":"Gran Canaria","type":"Fissure vent(s)","country":"Spain","lastEruptionYear":40,"elevationM":1950}},{"type":"Feature","geometry":{"type":"Point","coordinates":[-14.02,28.358]},"properties":{"name":"Fuerteventura","type":"Fissure vent(s)","country":"Spain","lastEruptionYear":null,"elevationM":529}},{"type":"Feature","geometry":{"type":"Point","coordinates":[-13.63,29.03]},"properties":{"name":"Lanzarote","type":"Fissure vent(s)","country":"Spain","lastEruptionYear":1824,"elevationM":670}},{"type":"Feature","geometry":{"type":"Point","coordinates":[-24.35,14.95]},"properties":{"name":"Fogo","type":"Stratovolcano","country":"Cabo Verde","lastEruptionYear":2015,"elevationM":2829}},{"type":"Feature","geometry":{"type":"Point","coordinates":[-24.7041,14.8514]},"properties":{"name":"Brava","type":"Stratovolcano","country":"Cabo Verde","lastEruptionYear":null,"elevationM":956}},{"type":"Feature","geometry":{"type":"Point","coordinates":[-19.596,-0.433]},"properties":{"name":"Romanche Fracture Zone","type":"Fissure vent","country":"Undersea Features","lastEruptionYear":null,"elevationM":-1528}},{"type":"Feature","geometry":{"type":"Point","coordinates":[-14.3667,-7.9458]},"properties":{"name":"Ascension","type":"Stratovolcano","country":"United Kingdom","lastEruptionYear":1508,"elevationM":822}},{"type":"Feature","geometry":{"type":"Point","coordinates":[-12.48,-37.42]},"properties":{"name":"Nightingale Island","type":"Stratovolcano","country":"United Kingdom","lastEruptionYear":2004,"elevationM":365}},{"type":"Feature","geometry":{"type":"Point","coordinates":[-12.28,-37.092]},"properties":{"name":"Tristan da Cunha","type":"Shield","country":"United Kingdom","lastEruptionYear":1962,"elevationM":2060}},{"type":"Feature","geometry":{"type":"Point","coordinates":[3.351,-54.408]},"properties":{"name":"Bouvet","type":"Shield","country":"Norway","lastEruptionYear":-50,"elevationM":741}},{"type":"Feature","geometry":{"type":"Point","coordinates":[162.47,-66.42]},"properties":{"name":"Young Island","type":"Stratovolcano","country":"Antarctica","lastEruptionYear":null,"elevationM":1340}},{"type":"Feature","geometry":{"type":"Point","coordinates":[164.83,-67.4]},"properties":{"name":"Sturge Island","type":"Stratovolcano","country":"Antarctica","lastEruptionYear":null,"elevationM":1167}},{"type":"Feature","geometry":{"type":"Point","coordinates":[165.5,-72.67]},"properties":{"name":"Pleiades, The","type":"Stratovolcano","country":"Antarctica","lastEruptionYear":-1050,"elevationM":3040}},{"type":"Feature","geometry":{"type":"Point","coordinates":[164.7,-74.35]},"properties":{"name":"Melbourne","type":"Stratovolcano","country":"Antarctica","lastEruptionYear":1892,"elevationM":2732}},{"type":"Feature","geometry":{"type":"Point","coordinates":[163,-76.83]},"properties":{"name":"McMurdo Province at 76.8\u00b0S","type":"Caldera","country":"Antarctica","lastEruptionYear":null,"elevationM":-500}},{"type":"Feature","geometry":{"type":"Point","coordinates":[163.25,-66.78]},"properties":{"name":"Buckle Island","type":"Stratovolcano","country":"Antarctica","lastEruptionYear":1899,"elevationM":1239}},{"type":"Feature","geometry":{"type":"Point","coordinates":[163.53,-78.5]},"properties":{"name":"Morning","type":"Shield","country":"Antarctica","lastEruptionYear":null,"elevationM":2723}},{"type":"Feature","geometry":{"type":"Point","coordinates":[163.33,-78.25]},"properties":{"name":"Royal Society Range","type":"Pyroclastic cone(s)","country":"Antarctica","lastEruptionYear":null,"elevationM":3000}},{"type":"Feature","geometry":{"type":"Point","coordinates":[-136,-76.05]},"properties":{"name":"Berlin","type":"Shield(s)","country":"Antarctica","lastEruptionYear":-8350,"elevationM":3478}},{"type":"Feature","geometry":{"type":"Point","coordinates":[-132.33,-75.8]},"properties":{"name":"Andrus","type":"Shield(s)","country":"Antarctica","lastEruptionYear":null,"elevationM":2978}},{"type":"Feature","geometry":{"type":"Point","coordinates":[-112.08,-76.28]},"properties":{"name":"Takahe","type":"Shield","country":"Antarctica","lastEruptionYear":-5550,"elevationM":3460}},{"type":"Feature","geometry":{"type":"Point","coordinates":[-99.42,-74.33]},"properties":{"name":"Hudson Mountains","type":"Stratovolcano(es)","country":"Antarctica","lastEruptionYear":-207,"elevationM":749}},{"type":"Feature","geometry":{"type":"Point","coordinates":[167.17,-77.53]},"properties":{"name":"Erebus","type":"Stratovolcano","country":"Antarctica","lastEruptionYear":2026,"elevationM":3794}},{"type":"Feature","geometry":{"type":"Point","coordinates":[-57.93,-62.1]},"properties":{"name":"Penguin Island","type":"Stratovolcano","country":"Antarctica","lastEruptionYear":1905,"elevationM":180}},{"type":"Feature","geometry":{"type":"Point","coordinates":[-60.6367,-62.9567]},"properties":{"name":"Deception Island","type":"Caldera","country":"Antarctica","lastEruptionYear":1970,"elevationM":602}},{"type":"Feature","geometry":{"type":"Point","coordinates":[-55.78,-63.579]},"properties":{"name":"Paulet","type":"Pyroclastic cone","country":"Antarctica","lastEruptionYear":null,"elevationM":353}},{"type":"Feature","geometry":{"type":"Point","coordinates":[-56.713,-62.063]},"properties":{"name":"Bridgeman Island","type":"Stratovolcano","country":"Antarctica","lastEruptionYear":null,"elevationM":240}},{"type":"Feature","geometry":{"type":"Point","coordinates":[-27.225,-59.442]},"properties":{"name":"Southern Thule","type":"Stratovolcano(es)","country":"United Kingdom","lastEruptionYear":1975,"elevationM":1075}},{"type":"Feature","geometry":{"type":"Point","coordinates":[-26.374,-58.445]},"properties":{"name":"Montagu Island","type":"Shield","country":"United Kingdom","lastEruptionYear":2007,"elevationM":1370}},{"type":"Feature","geometry":{"type":"Point","coordinates":[-26.533,-59.017]},"properties":{"name":"Bristol Island","type":"Stratovolcano","country":"United Kingdom","lastEruptionYear":2016,"elevationM":1100}},{"type":"Feature","geometry":{"type":"Point","coordinates":[-26.483,-57.8]},"properties":{"name":"Saunders","type":"Stratovolcano","country":"United Kingdom","lastEruptionYear":2026,"elevationM":843}},{"type":"Feature","geometry":{"type":"Point","coordinates":[-26.67,-57.08]},"properties":{"name":"Candlemas Island","type":"Stratovolcano","country":"United Kingdom","lastEruptionYear":1911,"elevationM":550}},{"type":"Feature","geometry":{"type":"Point","coordinates":[-27.176,-56.712]},"properties":{"name":"Hodson","type":"Stratovolcano","country":"United Kingdom","lastEruptionYear":null,"elevationM":835}},{"type":"Feature","geometry":{"type":"Point","coordinates":[-28.14,-56.656]},"properties":{"name":"Leskov Island","type":"Stratovolcano","country":"United Kingdom","lastEruptionYear":null,"elevationM":190}},{"type":"Feature","geometry":{"type":"Point","coordinates":[-27.57,-56.3]},"properties":{"name":"Zavodovski","type":"Stratovolcano","country":"United Kingdom","lastEruptionYear":2016,"elevationM":551}},{"type":"Feature","geometry":{"type":"Point","coordinates":[-28.167,-55.912]},"properties":{"name":"Protector Seamounts","type":"Volcanic field","country":"United Kingdom","lastEruptionYear":1962,"elevationM":-55}},{"type":"Feature","geometry":{"type":"Point","coordinates":[-57.67,-62.02]},"properties":{"name":"Melville","type":"Stratovolcano","country":"Antarctica","lastEruptionYear":null,"elevationM":549}},{"type":"Feature","geometry":{"type":"Point","coordinates":[-57.75,-64.15]},"properties":{"name":"Mount Haddington Volcanic Field","type":"Shield","country":"Antarctica","lastEruptionYear":null,"elevationM":1544}},{"type":"Feature","geometry":{"type":"Point","coordinates":[-127.05,42.15]},"properties":{"name":"Jackson Segment","type":"Fissure vent(s)","country":"United States","lastEruptionYear":null,"elevationM":-3100}},{"type":"Feature","geometry":{"type":"Point","coordinates":[145.78,16.58]},"properties":{"name":"South Sarigan Seamount","type":"Stratovolcano","country":"United States","lastEruptionYear":2010,"elevationM":-184}},{"type":"Feature","geometry":{"type":"Point","coordinates":[-5.22,-32.958]},"properties":{"name":"Walvis Ridge at 33\u00b0S","type":"Cone","country":"Undersea Features","lastEruptionYear":2002,"elevationM":-1200}},{"type":"Feature","geometry":{"type":"Point","coordinates":[-179.033,-31.08]},"properties":{"name":"Havre Seamount","type":"Stratovolcano","country":"New Zealand","lastEruptionYear":2012,"elevationM":-897}},{"type":"Feature","geometry":{"type":"Point","coordinates":[-174.0028,-15.3675]},"properties":{"name":"Niuatahi","type":"Caldera","country":"Tonga","lastEruptionYear":null,"elevationM":-1270}},{"type":"Feature","geometry":{"type":"Point","coordinates":[145.086,44.044]},"properties":{"name":"Tenchozan","type":"Crater rows","country":"Japan","lastEruptionYear":null,"elevationM":1046}},{"type":"Feature","geometry":{"type":"Point","coordinates":[137.573,36.2]},"properties":{"name":"Akandanayama","type":"Stratovolcano","country":"Japan","lastEruptionYear":null,"elevationM":2109}},{"type":"Feature","geometry":{"type":"Point","coordinates":[-175.725,-15.431]},"properties":{"name":"Dugong","type":"Shield","country":"Tonga","lastEruptionYear":null,"elevationM":-1170}},{"type":"Feature","geometry":{"type":"Point","coordinates":[-176.283,-15.333]},"properties":{"name":"Lobster","type":"Shield","country":"Tonga","lastEruptionYear":null,"elevationM":-1500}},{"type":"Feature","geometry":{"type":"Point","coordinates":[-73.05,-45.22]},"properties":{"name":"Meullin","type":"Volcanic field","country":"Chile","lastEruptionYear":null,"elevationM":1080}},{"type":"Feature","geometry":{"type":"Point","coordinates":[-128.64,48.78]},"properties":{"name":"West Valley Segment","type":"Fissure vent","country":"Canada","lastEruptionYear":null,"elevationM":-2550}},{"type":"Feature","geometry":{"type":"Point","coordinates":[-129.879,44.267]},"properties":{"name":"East Blanco Depression","type":"Fissure vent","country":"Undersea Features","lastEruptionYear":null,"elevationM":-3000}},{"type":"Feature","geometry":{"type":"Point","coordinates":[14.399,39.284]},"properties":{"name":"Marsili","type":"Complex","country":"Italy","lastEruptionYear":-1050,"elevationM":-779}},{"type":"Feature","geometry":{"type":"Point","coordinates":[144.506,15.406]},"properties":{"name":"Mariana Back-Arc Segment at 15.5\u00b0N","type":"Fissure vent","country":"United States","lastEruptionYear":2015,"elevationM":-4100}},{"type":"Feature","geometry":{"type":"Point","coordinates":[-16.817,65.583]},"properties":{"name":"Heidarspordar","type":"Fissure vent","country":"Iceland","lastEruptionYear":-300,"elevationM":490}},{"type":"Feature","geometry":{"type":"Point","coordinates":[-23,63.733]},"properties":{"name":"Eldey","type":"Fissure vent","country":"Iceland","lastEruptionYear":1926,"elevationM":70}},{"type":"Feature","geometry":{"type":"Point","coordinates":[-17.617,64.267]},"properties":{"name":"Thordarhyrna","type":"Stratovolcano","country":"Iceland","lastEruptionYear":1904,"elevationM":1650}},{"type":"Feature","geometry":{"type":"Point","coordinates":[37.97,6.76]},"properties":{"name":"Northern Lake Abaya Volcanic Field","type":"Volcanic field","country":"Ethiopia","lastEruptionYear":null,"elevationM":1594}},{"type":"Feature","geometry":{"type":"Point","coordinates":[38.213,3.971]},"properties":{"name":"Mega Volcanic Field","type":"Volcanic field","country":"Ethiopia","lastEruptionYear":null,"elevationM":1500}},{"type":"Feature","geometry":{"type":"Point","coordinates":[-160.017,55.917]},"properties":{"name":"Stepovak Bay Group","type":"Volcanic field","country":"United States","lastEruptionYear":null,"elevationM":1633}},{"type":"Feature","geometry":{"type":"Point","coordinates":[-169.787,-14.601]},"properties":{"name":"Malumalu","type":"Stratovolcano","country":"United States","lastEruptionYear":null,"elevationM":-145}},{"type":"Feature","geometry":{"type":"Point","coordinates":[-22.258,63.895]},"properties":{"name":"Fagradalsfjall","type":"Fissure vent","country":"Iceland","lastEruptionYear":2023,"elevationM":250}},{"type":"Feature","geometry":{"type":"Point","coordinates":[25.483,36.524]},"properties":{"name":"Kolumbo","type":"Complex","country":"Greece","lastEruptionYear":1650,"elevationM":-18}},{"type":"Feature","geometry":{"type":"Point","coordinates":[45.7075,-12.9121]},"properties":{"name":"Fani Maore","type":"Cone","country":"France","lastEruptionYear":2019,"elevationM":-2500}},{"type":"Feature","geometry":{"type":"Point","coordinates":[101.7982,46.6459]},"properties":{"name":"Khoid Naiman Nuur","type":"Pyroclastic cone","country":"Mongolia","lastEruptionYear":null,"elevationM":2532}},{"type":"Feature","geometry":{"type":"Point","coordinates":[29.48,-1.3687]},"properties":{"name":"Mugogo","type":"Cone","country":"DR Congo","lastEruptionYear":1957,"elevationM":2338}}]}